{
    "config": {
        "seed": "42",
        "max_steps": 4294967295,
        "safrole": false,
        "profile": {
            "full": null
        },
        "fuzzy_profile": {
            "full": null
        },
        "max_work_items": 3,
        "mutation_ratio": 0.0,
        "max_mutations": 0
    },
    "stats": {
        "steps": 1,
        "imported": 1,
        "import_max_step": 1,
        "import_min": 9.766607,
        "import_max": 9.766607,
        "import_mean": 9.766607,
        "import_p50": 9.766607,
        "import_p75": 0.0,
        "import_p90": 9.766607,
        "import_p99": 0.0,
        "import_std_dev": 0.0
    },
    "target": {
        "info": {
            "fuzz_version": 1,
            "fuzz_features": 2,
            "jam_version": {
                "major": 0,
                "minor": 7,
                "patch": 1
            },
            "app_version": {
                "major": 0,
                "minor": 7,
                "patch": 1
            },
            "app_name": "tsjam-0.7.1-tiny-941e1a86"
        },
        "stats": {
            "steps": 1,
            "imported": 1,
            "import_max_step": 1,
            "import_min": 205.079767,
            "import_max": 205.079767,
            "import_mean": 205.079767,
            "import_p50": 205.079767,
            "import_p75": 0.0,
            "import_p90": 205.079767,
            "import_p99": 0.0,
            "import_std_dev": 0.0
        }
    },
    "diff": {
        "state": {
            "roots": {
                "exp": "0x6fa1bcce8f0981ed4d17eee3cc502c70687f4c1b1244c6b501f5423cbea26eb0",
                "got": "0xa63027f57eb63a01f578c6ceb38b1d8a321648ae7287b8325c2b48d03af033c0"
            },
            "keyvals": [
                {
                    "key": "0x0d000000000000000000000000000000000000000000000000000000000000",
                    "diff": {
                        "exp": "0x00000000000000000000000000000000010000000500000000000000000000000000000000000000010000000300000000000000000000000000000000000000020000000500000002000000000000000000000000000000010000000500000001000000000000000000000000000000020000000500000002000000000000000000000000000000020000000400000000000000000000000000000000000000040000000400000003000000000000000000000000000000040000000600000002000000000000000000000000000000010000000500000002000000000000000000000000000000030000000600000002000000000000000000000000000000010000000500000000000000000000000000000000000000020000000500000081d905000000000000846f06000000008142b8410100000000000002b841000000000ac4101e",
                        "got": "0x00000000000000000000000000000000010000000500000000000000000000000000000000000000010000000300000000000000000000000000000000000000020000000500000002000000000000000000000000000000010000000500000001000000000000000000000000000000020000000500000002000000000000000000000000000000020000000400000000000000000000000000000000000000040000000400000003000000000000000000000000000000040000000600000002000000000000000000000000000000010000000500000002000000000000000000000000000000030000000600000002000000000000000000000000000000010000000500000000000000000000000000000000000000020000000500000081d905000000000000846f06000000008142b8410100000000000002b841000000000ac4d11d"
                    }
                }
            ]
        }
    }
}