{
    "config": {
        "seed": "42",
        "max_steps": 10000,
        "safrole": false,
        "profile": {
            "fuzzy": null
        },
        "fuzzy_profile": {
            "rand": null
        },
        "max_work_items": 5,
        "mutation_ratio": 0.1,
        "max_mutations": 0
    },
    "stats": {
        "steps": 247,
        "imported": 241,
        "import_max_step": 35,
        "import_min": 1.4592450000000001,
        "import_max": 191.792695,
        "import_mean": 8.851710730290455,
        "import_p50": 4.653,
        "import_p75": 6.483,
        "import_p90": 9.08,
        "import_p99": 107.631,
        "import_std_dev": 23.22657676930208
    },
    "target": {
        "info": {
            "fuzz_version": 1,
            "fuzz_features": 2,
            "jam_version": {
                "major": 0,
                "minor": 7,
                "patch": 1
            },
            "app_version": {
                "major": 0,
                "minor": 1,
                "patch": 0
            },
            "app_name": "boka-fuzzing-target"
        },
        "stats": {
            "steps": 247,
            "imported": 241,
            "import_max_step": 157,
            "import_min": 5.238564,
            "import_max": 286.47408,
            "import_mean": 49.39071205809128,
            "import_p50": 39.663,
            "import_p75": 57.359,
            "import_p90": 94.705,
            "import_p99": 208.646,
            "import_std_dev": 46.53065697239613
        }
    },
    "diff": {
        "state": {
            "roots": {
                "exp": "0x054f9c102edbf590567d2848464c1326d183483c6f1b1615ed0962199f50f784",
                "got": "0x96793932d89edaac0581445b9fe18499effd31580c1b586ab570a45b4352078c"
            },
            "keyvals": [
                {
                    "key": "0xcdd7584519b7e1fec13e507a95e86ec03add50794acc76edd9370aca5ecbf2",
                    "diff": {
                        "exp": "0x70e7444348e3af86",
                        "got": "0xb4ff8306bb85b098"
                    }
                }
            ]
        }
    }
}