{
    "config": {
        "seed": "42",
        "max_steps": 4294967295,
        "safrole": false,
        "profile": {
            "full": null
        },
        "fuzzy_profile": {
            "full": null
        },
        "max_work_items": 3,
        "mutation_ratio": 0.0,
        "max_mutations": 0
    },
    "stats": {
        "steps": 3,
        "imported": 2,
        "import_max_step": 2,
        "import_min": 1.5122410000000002,
        "import_max": 1.551072,
        "import_mean": 1.5316565,
        "import_p50": 1.551,
        "import_p75": 1.551,
        "import_p90": 1.551,
        "import_p99": 1.551,
        "import_std_dev": 0.027457663420254633
    },
    "target": {
        "info": {
            "fuzz_version": 1,
            "fuzz_features": 0,
            "jam_version": {
                "major": 0,
                "minor": 7,
                "patch": 2
            },
            "app_version": {
                "major": 0,
                "minor": 7,
                "patch": 2
            },
            "app_name": "pbnj-fuzzer-target"
        },
        "stats": {
            "steps": 3,
            "imported": 2,
            "import_max_step": 2,
            "import_min": 275.711675,
            "import_max": 289.917572,
            "import_mean": 282.81462350000004,
            "import_p50": 289.917,
            "import_p75": 289.917,
            "import_p90": 289.917,
            "import_p99": 289.917,
            "import_std_dev": 10.045086101537647
        }
    },
    "error": {
        "state_diff": {
            "roots": {
                "exp": "0xab8042228a2707e6d16ed13d9cfa99d0b1a8c8eb5b72bed34e41eeb05df6f531",
                "got": "0xd95868e47bab07aa144949ee706d1286af45702c48b3a91294a5c7ccdf7a036c"
            },
            "keyvals": [
                {
                    "key": "0x03000000000000000000000000000000000000000000000000000000000000",
                    "diff": {
                        "exp": "0x086360360eaa544e731d49c82fb2c3d9129ab241945201def62d4e987f440f08ccf77f64c07134496669eb3e41f4304b7d099b1cd3882f4136f94871d6e270cd186c09d791d5ed310df8a39f761bcf1e2f6717a7bef2f9badb56110c585f8c4cbc003d47fa0488f8215bdd03f307c33891c76e9ebe82d45e27bd8c9c5699cc28e965c272557cd7b54174bcc57d8e032bfb1f13a9d8b996bbdd10f00e94790447e699060d85b6c98fce0866328ff49662519d16971a3f3239da1a0680a725ac47b64101f2f0614d6fcdb6efb21b949e1f1d1fb60cfc02e63ac48c6ebc0eec57d7859d2700000000000000000000000000000000000000000000000000000000000000008b1d16b999bbd377b22263555c97ec413e6ea110fb462390d7e4b6ff86b3405f487f3355ec46701d6ea770b8ddb6625a0c2a3c1e8f4ffd2f420977d1b3d9f5cba03a1919ad7b6599f112e69dd0847176175c17dc21f0484ae7f6ce6aae3f23940123f98abca3b4b51382b3c26b525c4fd280c39513377b9c61dba0d8ad68288bfa0000000000000000000000000000000000000000000000000000000000000000ac1cda2c144c2f1705244dc3a6af54d5431eaf1b72abbb0af37445a7d3b6513c2844c200180f22784c75e1f9edca78ebc6bc65e5fd0db4530bac981ea22f763b0fb1c83f491e44f60b65c64cef1f0aab5043b8b43751bb25e4343ae197073ad80127f2138fd0f0c23d4a1d9655ca1727aeea46da5ea304f19db48444cbadc554b600000000000000000000000000000000000000000000000000000000000000001e04da19ee15e5ab263bde3e1db20ab6bcd4596ee184e6ce70e3b143614484a06b75172d001e0a62be64cbbd253845b18e0c656480afb5da3f0b488aec21997253806f9c8276f031bc41570768d63294526e9655310402610da4b7ea2513f8d8017f5eb56949bfa9cfa21367c09cb5b8b46f527f0a6178c9f078d5fbbb47597fcb0000000000000000000000000000000000000000000000000000000000000000290a2fd3f29db30a13856d641ee87564185335e8adeb4419755bb545373ca4d32d0efb2d91ff675cbd0fcd0e31d318cf6e53afd5f4047230f26b9b15bd09e8a2ea6d31fe4384aed60bc884f0b1ae7916b058ed61eea68d538ebcefdc92afb45f01ec5af69bb0db587403220f8324b7e40422ae29f2ca8dedc4292b50efd559f338000000000000000000000000000000000000000000000000000000000000000033528db919c17d481771bfeb988336266b5166b025a916e719fa5cada5092701f61aa2c01a3be46b5be6f1f4c3afb5a29871a4b080c528964c6b6ae4c199cf334808a49d26dee9269b84655d688cfb612440726361739a01aef93ba2c3eab3d502a30da25d8b038e39f76efbe2adeedc762f41f654896a02558d09a96811c1e2d50000000000000000000000000000000000000000000000000000000000000000f28dd7b4688cc426b6a52541f705fc0b2390eceee78901452e5cf5f8a07332310000000000000000000000000000000000000000000000000000000000000000cf7cb1e1a782da660600c1e9294e9fddf954e1572860ae0afd6b191bb0f3d1c57df2c5e0fa0072efb51d1b5f611aa0ffeaced1519a96d5a247f89a4a0769c5680000000000000000000000000000000000000000000000000000000000000000000601000000000000000000000000000000000000000000000000000000000000000001d0d6c3acb1812a59fc1788dd1f6e299a6f00d299287939338d0db67ebc90389e01cd8cbe5bc75bb294dc50406395f48f9e9572efac95d38a07c58e1af22c06d294000001f77f64c07134496669eb3e41f4304b7d099b1cd3882f4136f94871d6e270cd18",
                        "got": "0x083d47fa0488f8215bdd03f307c33891c76e9ebe82d45e27bd8c9c5699cc28e965c272557cd7b54174bcc57d8e032bfb1f13a9d8b996bbdd10f00e94790447e699060d85b6c98fce0866328ff49662519d16971a3f3239da1a0680a725ac47b64101f2f0614d6fcdb6efb21b949e1f1d1fb60cfc02e63ac48c6ebc0eec57d7859d2700000000000000000000000000000000000000000000000000000000000000008b1d16b999bbd377b22263555c97ec413e6ea110fb462390d7e4b6ff86b3405f487f3355ec46701d6ea770b8ddb6625a0c2a3c1e8f4ffd2f420977d1b3d9f5cba03a1919ad7b6599f112e69dd0847176175c17dc21f0484ae7f6ce6aae3f23940123f98abca3b4b51382b3c26b525c4fd280c39513377b9c61dba0d8ad68288bfa0000000000000000000000000000000000000000000000000000000000000000ac1cda2c144c2f1705244dc3a6af54d5431eaf1b72abbb0af37445a7d3b6513c2844c200180f22784c75e1f9edca78ebc6bc65e5fd0db4530bac981ea22f763b0fb1c83f491e44f60b65c64cef1f0aab5043b8b43751bb25e4343ae197073ad80127f2138fd0f0c23d4a1d9655ca1727aeea46da5ea304f19db48444cbadc554b600000000000000000000000000000000000000000000000000000000000000001e04da19ee15e5ab263bde3e1db20ab6bcd4596ee184e6ce70e3b143614484a06b75172d001e0a62be64cbbd253845b18e0c656480afb5da3f0b488aec21997253806f9c8276f031bc41570768d63294526e9655310402610da4b7ea2513f8d8017f5eb56949bfa9cfa21367c09cb5b8b46f527f0a6178c9f078d5fbbb47597fcb0000000000000000000000000000000000000000000000000000000000000000290a2fd3f29db30a13856d641ee87564185335e8adeb4419755bb545373ca4d32d0efb2d91ff675cbd0fcd0e31d318cf6e53afd5f4047230f26b9b15bd09e8a2ea6d31fe4384aed60bc884f0b1ae7916b058ed61eea68d538ebcefdc92afb45f01ec5af69bb0db587403220f8324b7e40422ae29f2ca8dedc4292b50efd559f338000000000000000000000000000000000000000000000000000000000000000033528db919c17d481771bfeb988336266b5166b025a916e719fa5cada5092701f61aa2c01a3be46b5be6f1f4c3afb5a29871a4b080c528964c6b6ae4c199cf334808a49d26dee9269b84655d688cfb612440726361739a01aef93ba2c3eab3d502a30da25d8b038e39f76efbe2adeedc762f41f654896a02558d09a96811c1e2d50000000000000000000000000000000000000000000000000000000000000000f28dd7b4688cc426b6a52541f705fc0b2390eceee78901452e5cf5f8a07332310000000000000000000000000000000000000000000000000000000000000000d9ff4716d29f27db7a942e25527d3a38d8ec3e32b100974019e787120990a7947df2c5e0fa0072efb51d1b5f611aa0ffeaced1519a96d5a247f89a4a0769c5684808a49d26dee9269b84655d688cfb612440726361739a01aef93ba2c3eab3d500cf7cb1e1a782da660600c1e9294e9fddf954e1572860ae0afd6b191bb0f3d1c54ee50e728b38839433ca54c837c14722c2c584a30eb0693cb00a84686364fb5e00000000000000000000000000000000000000000000000000000000000000000006000000017d7599a21307b5dd8f0435c7ad4c8a27d979003cc2ba9f13ab9eeddb22ed42230001f77f64c07134496669eb3e41f4304b7d099b1cd3882f4136f94871d6e270cd18"
                    }
                },
                {
                    "key": "0x06000000000000000000000000000000000000000000000000000000000000",
                    "diff": {
                        "exp": "0x6c69fe677821c8ca0f5dcae92fb19ae05dc34056cbf071106d5d38f20075453934f08cd0443695da76a25421786bf47146256c761bc8356aa3733f7c5ff1a74e3d4b8687c67bfe72fa2b7d6424f9a79c974f3af9c43d4ac967a461287c0242106eff5ecdfb43b968c627d02a38269a563a1597bfc3cabbdf802cfaa5d526c9be",