{
    "config": {
        "seed": "42",
        "profile": {
            "empty": null
        },
        "safrole": false,
        "max_work_items": 1,
        "max_service_keys": 10,
        "mutation_ratio": 0.1,
        "max_mutations": 0,
        "max_steps": 10000
    },
    "stats": {
        "steps": 1,
        "imported": 1,
        "import_max_step": 1,
        "import_min": 7.975107,
        "import_max": 7.975107,
        "import_mean": 7.975107,
        "import_p50": 7.975107,
        "import_p75": 0.0,
        "import_p90": 7.975107,
        "import_p99": 0.0,
        "import_std_dev": 0.0
    },
    "target": {
        "info": {
            "fuzz_version": 1,
            "fuzz_features": 2,
            "jam_version": {
                "major": 0,
                "minor": 7,
                "patch": 0
            },
            "app_version": {
                "major": 0,
                "minor": 1,
                "patch": 0
            },
            "app_name": "boka-fuzzing-target"
        },
        "stats": {
            "steps": 1,
            "imported": 1,
            "import_max_step": 1,
            "import_min": 21.962539,
            "import_max": 21.962539,
            "import_mean": 21.962539,
            "import_p50": 21.962539,
            "import_p75": 0.0,
            "import_p90": 21.962539,
            "import_p99": 0.0,
            "import_std_dev": 0.0
        }
    },
    "state_diff": {
        "roots": {
            "exp": "0x5b394152fcf70037243ede5ecc3edd0923885be31f9007793f6c2c75d52fa91b",
            "got": "0xef4e39747b22063260fffc1644df50386fa936a3d029e7956c228dbc840377ef"
        },
        "keyvals": [
            {
                "key": "0x0c000000000000000000000000000000000000000000000000000000000000",
                "diff": {
                    "exp": "0x0000000000000000000000000d3ee18800",
                    "got": "0x0000000000000000000000000000000000"
                }
            },
            {
                "key": "0x0d000000000000000000000000000000000000000000000000000000000000",
                "diff": {
                    "exp": "0x01000000000000000000000000000000030000000600000000000000000000000000000000000000030000000600000001000000000000000000000000000000040000000500000003000000000000000200000068cc0200040000000600000002000000000000000000000000000000040000000600000002000000000000000000000000000000030000000600000000000000000000000000000000000000000000000000000000000000000000000000000000000000000000000000000000000000000000000000000000000000000000000000000000000000000000000000000000000000000000000000000000000000000000000000000000000000000000000000000000000000000000000000000000000000000000000000000080f30500000000000088e7050000000081a8b8670200000000000001b8670000000001b42300006683f61f00000000000000000199b10000",
                    "got": "0x01000000000000000000000000000000030000000600000000000000000000000000000000000000030000000600000001000000000000000000000000000000040000000500000003000000000000000200000068cc0200040000000600000002000000000000000000000000000000040000000600000002000000000000000000000000000000030000000600000000000000000000000000000000000000000000000000000000000000000000000000000000000000000000000000000000000000000000000000000000000000000000000000000000000000000000000000000000000000000000000000000000000000000000000000000000000000000000000000000000000000000000000000000000000000000000000000000080f30500000000000088e7050000000081a8b8670200000000000001b8670000000001ac2800006683f61f00000000000000000199fb0000"
                }
            }
        ]
    },
    "import_diff": null
}
