{
    "config": {
        "seed": "42",
        "profile": {
            "empty": null
        },
        "safrole": false,
        "max_work_items": 1,
        "max_service_keys": 10,
        "mutation_ratio": 0.1,
        "max_mutations": 0,
        "max_steps": 10000
    },
    "stats": {
        "steps": 1,
        "imported": 1,
        "import_max_step": 1,
        "import_min": 17.092892,
        "import_max": 17.092892,
        "import_mean": 17.092892,
        "import_p50": 17.092892,
        "import_p75": 0.0,
        "import_p90": 17.092892,
        "import_p99": 0.0,
        "import_std_dev": 0.0
    },
    "target": {
        "info": {
            "fuzz_version": 1,
            "fuzz_features": 0,
            "jam_version": {
                "major": 0,
                "minor": 7,
                "patch": 0
            },
            "app_version": {
                "major": 0,
                "minor": 0,
                "patch": 1
            },
            "app_name": "gossamer-jam"
        },
        "stats": {
            "steps": 1,
            "imported": 1,
            "import_max_step": 1,
            "import_min": 229.577202,
            "import_max": 229.577202,
            "import_mean": 229.577202,
            "import_p50": 229.577202,
            "import_p75": 0.0,
            "import_p90": 229.577202,
            "import_p99": 0.0,
            "import_std_dev": 0.0
        }
    },
    "state_diff": {
        "roots": {
            "exp": "0xab8984d52d16d79a3b32cae819722daf49900d42c0bbc1a63739681e415b1d49",
            "got": "0x05d3852f38a53020e962dd34c7a4fc9f80f0177e16dab0a12e68143cdc730ba9"
        },
        "keyvals": [
            {
                "key": "0xb39adf70b90e40259c585b524dfe81a6988ef4ecee1beda1cc2c7be732edf9",
                "diff": {
                    "exp": "0x6000000000000000baf736ff7927f6f7dfa744a10a67a48b261ae89bbe5c712f7c1f0ee023776661f6be020000000000f241010000000000102700000000000010270000000000003e410100000000000800000000000000000000000b0000001c00000000000000",
                    "got": "0x0000000000000000baf736ff7927f6f7dfa744a10a67a48b261ae89bbe5c712f7c1f0ee023776661f6be020000000000f241010000000000102700000000000010270000000000003e410100000000000800000000000000000000000b0000001c00000000000000"
                }
            }
        ]
    },
    "import_diff": null
}
