{
    "config": {
        "seed": "42",
        "profile": {
            "empty": null
        },
        "safrole": false,
        "max_work_items": 1,
        "max_service_keys": 10,
        "mutation_ratio": 0.1,
        "max_mutations": 0,
        "max_steps": 10000
    },
    "stats": {
        "steps": 1,
        "imported": 1,
        "import_max_step": 1,
        "import_min": 46.918397,
        "import_max": 46.918397,
        "import_mean": 46.918397,
        "import_p50": 46.918397,
        "import_p75": 0.0,
        "import_p90": 46.918397,
        "import_p99": 0.0,
        "import_std_dev": 0.0
    },
    "target": {
        "info": {
            "fuzz_version": 1,
            "fuzz_features": 2,
            "jam_version": {
                "major": 0,
                "minor": 2,
                "patch": 11
            },
            "app_version": {
                "major": 0,
                "minor": 7,
                "patch": 0
            },
            "app_name": "jam-duna-target"
        },
        "stats": {
            "steps": 1,
            "imported": 1,
            "import_max_step": 1,
            "import_min": 72.744393,
            "import_max": 72.744393,
            "import_mean": 72.744393,
            "import_p50": 72.744393,
            "import_p75": 0.0,
            "import_p90": 72.744393,
            "import_p99": 0.0,
            "import_std_dev": 0.0
        }
    },
    "state_diff": {
        "roots": {
            "exp": "0x6e513f5477838ed2fd41c652916713c70127b49c0d8174df7ed21ade82fe644d",
            "got": "0x608ee5f4dff5847e64554f477602860e3beb83b74c26df3a8d9007a553155a81"
        },
        "keyvals": [
            {
                "key": "0x6a9af370910e1b259c585b524dfe81a6988ef4ecee1beda1cc2c7be732edf9",
                "diff": {
                    "exp": "0x86000000000000000a00000000000000010000000000000064000000000000000200200000000c000000809698000000000080f0fa020000000000ca9a3b00000000002d3101000000000800100008000300180000000300080006005000040080000500060000fa0000017cd20000093d0004000000000c00000204000000c0000080000000000c00000a0000000000000000000000000000000000000000000000000000000000000000000000000000000000000000000000000000000000000000000000000000000000000000000000000000000000000000000000000000000000000000000000000000000000000000000000000000000000000000000000000000000000",
                    "got": "0x86000000000000000a00000000000000010000000000000064000000000000000200200000000c000000809698000000000080f0fa020000000000ca9a3b00000000002d3101000000000800100008000300403800000300080006005000040080000500060000fa0000017cd20000093d0004000000000c00000204000000c0000080000000000c00000a0000000000000000000000000000000000000000000000000000000000000000000000000000000000000000000000000000000000000000000000000000000000000000000000000000000000000000000000000000000000000000000000000000000000000000000000000000000000000000000000000000000000"
                }
            },
            {
                "key": "0x943cf3ad91841b782f063b00b211287f061ddecc58bc658d538809fbae8387",
                "diff": {
                    "exp": "0xe96d320000000000",
                    "got": "0xc500320000000000"
                }
            }
        ]
    },
    "import_diff": null
}
