{
    "config": {
        "seed": "42",
        "profile": {
            "Empty": null
        },
        "safrole": false,
        "max_work_items": 1,
        "max_service_keys": 10,
        "mutation_ratio": 0.1,
        "max_mutations": 0,
        "max_steps": 10000
    },
    "stats": {
        "steps": 1,
        "imported": 0,
        "import_max_step": 0,
        "import_min": 0.0,
        "import_max": 0.0,
        "import_mean": 0.0,
        "import_p50": 0.0,
        "import_p75": 0.0,
        "import_p90": 0.0,
        "import_p99": 0.0,
        "import_std_dev": 0.0
    },
    "target": {
        "info": {
            "name": "spacejam",
            "app_version": {
                "major": 0,
                "minor": 0,
                "patch": 8
            },
            "jam_version": {
                "major": 0,
                "minor": 7,
                "patch": 0
            }
        },
        "stats": {
            "steps": 1,
            "imported": 1,
            "import_max_step": 1,
            "import_min": 0.33668400000000004,
            "import_max": 0.33668400000000004,
            "import_mean": 0.33668400000000004,
            "import_p50": 0.33668400000000004,
            "import_p75": 0.0,
            "import_p90": 0.33668400000000004,
            "import_p99": 0.0,
            "import_std_dev": 0.0
        }
    },
    "diff": {
        "roots": {
            "exp": "0x1cdc271aaafb5fd01e97df0048a7b8b15a9b890c5be6208a391ae6df10af7b22",
            "got": "0xa074fea6af129143deef6ac6503968277f27896efbc123d8bcb1f8889fd7538f"
        },
        "keyvals": [
            {
                "key": "0x03000000000000000000000000000000000000000000000000000000000000",
                "diff": {
                    "exp": "0x0876d0c5c7d0af9700eb46965f5d50b357f5c8409ce28d3dd47dfaf36ecb27181f21ddb9a356815c3fac1026b6dec5df3124afbadb485c9ba5a3e3398a04b7ba855e82a08f4c5660da5ee8bbcdbcf30cf4c0bfe6b03580833cca621c877f467e540214903754cb8a8ff5261ac6ac05e7a6fec0a50ab2560d2281c59658a84c524f410000000000000000000000000000000000000000000000000000000000000000e58748d7cb0d9d154b137001f1598c188ea514e7b8d224c7253fa3cdee5c75ea000000000000000000000000000000000000000000000000000000000000000080fad0f260260af0a4b56a492a15c9dd7984f203e0704ec3a9babfb99aba470e1978bdc2f9989334b4d216e72a14297dd9b06c8feaf1f80cde76cf1057786a2b160004535420c0dc3440420020509396b84c5c38fabe874ab5011b0c4a39cc8400d979c9b2a875683b14b35acc584e24c55254339ea6efc122d80b4945a9b7a5ae581f10ddd774befd80936ba02cd8521c6f16e1478e4a25c4d34421470f8f91c3be3bad6d4aaf8c4aeabed402b7f890074aa56a8e34c8c1231561adbe6c2c676d0018c1da467b5966e316e0be28501af71cac0ec778e76131189a8e9b0bf7dd0e3c5a117dd584d15a66927d679dcc9cc7e4d5d4e01bd9bd157a54a162223f9adb5533893c746563db341ab6f0d2682bebc37257dc50286934143b20af4b7d79b5420223f589240dc50912fcda0e414d498f4c52b7e53fc087701734578f4952fa75cf0000000000000000000000000000000000000000000000000000000000000000f306ccdcf1e3c795fbc8ec15636acd0eabfbb334645da174ef2141f13de00e990000000000000000000000000000000000000000000000000000000000000000810507e8e6f32ee8d628345e8a7e10b58fb4c576980b0650cc1c4a706f0937e13d7911474624f7cd755f286622e1bceb2e2cb3f92e4589fd6c7e35ea540548041de77e959c1e5e22382ae92d09b19c6937cc0f39aa49852837b7fdd86292dc2f00d31e37bd0cf09ffacdccab1cee4e96cba6c2720e0c60d242037007828055d938e053d40b67ce0e062975285c16b9dcc8356cb1a4668acfaa280dd5d13da7764774873621e67ea0a58794cfae19e6db19fce88e02ba0bba5485e822d587f3c01f00bde874e456c87721d8339f515ecb15c65067274f070c61a15d88a15f6507610ca6b3a3f595755cac8153dcb48a1b147e364e4552aaf1dd0d07f9e8e3174319dde0f99f55c2621c2b5f25838daeeec9079e76d1be4aa02f074b37bd9e67caacf9008635308ca47f5d9ac6b7bf91cef05c8a6052a653e147e26f288f9d7e463c0a95fc9aef7f64cd6e11a8a60fa3af44f817c33b12b4c623daccd4611710c671ec230000000000000000000000000000000000000000000000000000000000000000000401000000000000000000000000000000000000000000000000000000000000000001ad3228b676f7d3cd4284a5443f17f1962b36e491b30a40b2405849e597ba5fb501b4c11951957c6f8f642c4af61cd6b24640fec6dc7fc607ee8206a99e92410d300121ddb9a356815c3fac1026b6dec5df3124afbadb485c9ba5a3e3398a04b7ba85",
                    "got": "0x0880fad0f260260af0a4b56a492a15c9dd7984f203e0704ec3a9babfb99aba470e1978bdc2f9989334b4d216e72a14297dd9b06c8feaf1f80cde76cf1057786a2b160004535420c0dc3440420020509396b84c5c38fabe874ab5011b0c4a39cc8400d979c9b2a875683b14b35acc584e24c55254339ea6efc122d80b4945a9b7a5ae581f10ddd774befd80936ba02cd8521c6f16e1478e4a25c4d34421470f8f91c3be3bad6d4aaf8c4aeabed402b7f890074aa56a8e34c8c1231561adbe6c2c676d0018c1da467b5966e316e0be28501af71cac0ec778e76131189a8e9b0bf7dd0e3c5a117dd584d15a66927d679dcc9cc7e4d5d4e01bd9bd157a54a162223f9adb5533893c746563db341ab6f0d2682bebc37257dc50286934143b20af4b7d79b5420223f589240dc50912fcda0e414d498f4c52b7e53fc087701734578f4952fa75cf0000000000000000000000000000000000000000000000000000000000000000f306ccdcf1e3c795fbc8ec15636acd0eabfbb334645da174ef2141f13de00e990000000000000000000000000000000000000000000000000000000000000000810507e8e6f32ee8d628345e8a7e10b58fb4c576980b0650cc1c4a706f0937e13d7911474624f7cd755f286622e1bceb2e2cb3f92e4589fd6c7e35ea540548041de77e959c1e5e22382ae92d09b19c6937cc0f39aa49852837b7fdd86292dc2f00d31e37bd0cf09ffacdccab1cee4e96cba6c2720e0c60d242037007828055d938e053d40b67ce0e062975285c16b9dcc8356cb1a4668acfaa280dd5d13da7764774873621e67ea0a58794cfae19e6db19fce88e02ba0bba5485e822d587f3c01f00bde874e456c87721d8339f515ecb15c65067274f070c61a15d88a15f6507610ca6b3a3f595755cac8153dcb48a1b147e364e4552aaf1dd0d07f9e8e3174319dde0f99f55c2621c2b5f25838daeeec9079e76d1be4aa02f074b37bd9e67caacf9008635308ca47f5d9ac6b7bf91cef05c8a6052a653e147e26f288f9d7e463c0a95fc9aef7f64cd6e11a8a60fa3af44f817c33b12b4c623daccd4611710c671ec231cdc271aaafb5fd01e97df0048a7b8b15a9b890c5be6208a391ae6df10af7b22006ceeb3429fe118358829f67ffec09677610a8e6c5caaf469640fd513a8165ddfe58769b32a1beaf1ea27375a44095a0d1fb664ce2dd358e7fcbfb78c26a19344000000000000000000000000000000000000000000000000000000000000000000050000000001e58769b32a1beaf1ea27375a44095a0d1fb664ce2dd358e7fcbfb78c26a19344"
                }
            },
            {
                "key": "0x06000000000000000000000000000000000000000000000000000000000000",
                "diff": {
                    "exp": "0x44aa9578b792c110d64b1b9fd451f27a1d936047b5b02637c95feb7aec02d0030ce5423aebf50cd16407a606e48b59d039b460d9805edc8b0ffa24ee3db70ea6504e96139ef67184a6d0d9f882166a3a843eb5f50ffdd7c723bbb331119be626ec88b842681a66d0e836b2a65687ab9c4c2862b475cd5e8be77dda36a4d752bd",
                    "got": "0xf9897b297feaa6c3af232dd76eff7cba50a774ce4d7d2b96d55ca5b0d58f8e1544aa9578b792c110d64b1b9fd451f27a1d936047b5b02637c95feb7aec02d0030ce5423aebf50cd16407a606e48b59d039b460d9805edc8b0ffa24ee3db70ea6504e96139ef67184a6d0d9f882166a3a843eb5f50ffdd7c723bbb331119be626"
                }
            },
            {
                "key": "0x0b000000000000000000000000000000000000000000000000000000000000",
                "diff": {
                    "exp": "0x16000000",
                    "got": "0x1c000000"
                }
            },
            {
                "key": "0x0d000000000000000000000000000000000000000000000000000000000000",
                "diff": {
                    "exp": "0x01000000000000000000000000000000000000000100000001000000000000000000000000000000000000000200000001000000000000000000000000000000000000000200000000000000000000000000000000000000000000000200000001000000000000000000000000000000000000000200000000000000000000000000000000000000000000000200000002000000000000000000000000000000030000000a0000000000000000000000000000000000000005000000080000000100000000000000000000000000000005000000080000000400000000000000000000000000000003000000090000000200000000000000000000000000000003000000080000000200000000000000000000000000000005000000080000000000000000000000000000000000000000",