{
    "config": {
        "seed": "42",
        "profile": {
            "Empty": null
        },
        "safrole": false,
        "max_work_items": 1,
        "max_service_keys": 10,
        "mutation_ratio": 0.1,
        "max_mutations": 0,
        "max_steps": 10000
    },
    "stats": {
        "steps": 1,
        "imported": 1,
        "import_max_step": 1,
        "import_min": 9.289469,
        "import_max": 9.289469,
        "import_mean": 9.289469,
        "import_p50": 9.289469,
        "import_p75": 0.0,
        "import_p90": 9.289469,
        "import_p99": 0.0,
        "import_std_dev": 0.0
    },
    "target": {
        "info": {
            "name": "tsjam-0.7.0-tiny-6f54dbba",
            "app_version": {
                "major": 0,
                "minor": 7,
                "patch": 0
            },
            "jam_version": {
                "major": 0,
                "minor": 7,
                "patch": 0
            }
        },
        "stats": {
            "steps": 1,
            "imported": 1,
            "import_max_step": 1,
            "import_min": 130.094432,
            "import_max": 130.094432,
            "import_mean": 130.094432,
            "import_p50": 130.094432,
            "import_p75": 0.0,
            "import_p90": 130.094432,
            "import_p99": 0.0,
            "import_std_dev": 0.0
        }
    },
    "diff": {
        "roots": {
            "exp": "0xcf4c7334700220ef584c16f5679670f143923233578fcee42046ed4e7242dac8",
            "got": "0xb1750321eada808c2b3cdb824d2dc9007ab27a56970284f374604a1ddbc833bf"
        },
        "keyvals": [
            {
                "key": "0x0d000000000000000000000000000000000000000000000000000000000000",
                "diff": {
                    "exp": "0x020000000000000002000000447d0200040000000b00000003000000000000000000000000000000060000000b00000001000000000000000000000000000000030000000b00000001000000000000000000000000000000030000000800000003000000000000000000000000000000060000000a000000010000000000000000000000000000000600000009000000020000000000000000000000000000000400000008000000000000000000000000000000000000000400000009000000010000000000000000000000000000000200000009000000040000000000000002000000447d0200020000000800000002000000000000000000000000000000020000000900000002000000000000000000000000000000040000000900000000000000000080ed88da80ed050000000080ed88da032edc4a12000000000000000001c0599d00006683f61f00000188da00000000000000006aad07cb00000188da0000000000000000",
                    "got": "0x020000000000000002000000447d0200040000000b00000003000000000000000000000000000000060000000b00000001000000000000000000000000000000030000000b00000001000000000000000000000000000000030000000800000003000000000000000000000000000000060000000a000000010000000000000000000000000000000600000009000000020000000000000000000000000000000400000008000000000000000000000000000000000000000400000009000000010000000000000000000000000000000200000009000000040000000000000002000000447d0200020000000800000002000000000000000000000000000000020000000900000002000000000000000000000000000000040000000900000000000000000080ed88da80ed050000000080ed88da032edc4a12000000000000000001c05a9d00006683f61f00000188da00000000000000006aad07cb00000188da0000000000000000"
                }
            }
        ]
    }
}
