{
    "config": {
        "seed": "42",
        "max_steps": 10000,
        "safrole": false,
        "profile": {
            "fuzzy": null
        },
        "fuzzy_profile": {
            "rand": null
        },
        "max_work_items": 5,
        "mutation_ratio": 0.1,
        "max_mutations": 0
    },
    "stats": {
        "steps": 237,
        "imported": 221,
        "import_max_step": 67,
        "import_min": 1.247009,
        "import_max": 152.641368,
        "import_mean": 5.76447123529412,
        "import_p50": 3.777,
        "import_p75": 5.442,
        "import_p90": 6.959,
        "import_p99": 145.766,
        "import_std_dev": 17.135617686963545
    },
    "target": {
        "info": {
            "fuzz_version": 1,
            "fuzz_features": 2,
            "jam_version": {
                "major": 0,
                "minor": 7,
                "patch": 1
            },
            "app_version": {
                "major": 0,
                "minor": 2,
                "patch": 6
            },
            "app_name": "Jamixir"
        },
        "stats": {
            "steps": 237,
            "imported": 221,
            "import_max_step": 189,
            "import_min": 3.143036,
            "import_max": 69.73763600000001,
            "import_mean": 14.284417447963799,
            "import_p50": 11.554,
            "import_p75": 16.786,
            "import_p90": 24.893,
            "import_p99": 57.774,
            "import_std_dev": 11.266868517016926
        }
    },
    "diff": {
        "state": {
            "roots": {
                "exp": "0xa93a62153cb02e91392c5f0e8b1be9f4824e7e22bc779f2c103396828a06e128",
                "got": "0xab97b4a54381e28b906708d474d403d1db97f6f7aa62b1a7b875d492a04c6502"
            },
            "keyvals": [
                {
                    "key": "0x55757a1749543c753f8f03a4123d7fa5a6af1796268a60c7f59220fc88d457",
                    "diff": {
                        "exp": "0x",
                        "got": "0x01ed000000"
                    }
                },
                {
                    "key": "0x559c7a6349f43ce2c14057f8c756de7d2ca556969f19846419df2f719e9c72",
                    "diff": {
                        "exp": "0x",
                        "got": "0x421a702fb5de7ea747d1d8999675a33e2473efcf"
                    }
                },
                {
                    "key": "0xff55007a0049003c0000000000000000000000000000000000000000000000",
                    "diff": {
                        "exp": "0x00828667638ae6f11aa6b7d77cf058a3bb6d46346701e914f18ab7015a0de171412eee040000000000102700000000000010270000000000007f6802000000000000000000000000001100000099000000ed00000000000000",
                        "got": "0x00828667638ae6f11aa6b7d77cf058a3bb6d46346701e914f18ab7015a0de171412eee04000000000010270000000000001027000000000000e46802000000000000000000000000001300000099000000ed00000000000000"
                    }
                }
            ]
        }
    }
}