{
    "config": {
        "seed": "42",
        "profile": {
            "Empty": null
        },
        "safrole": false,
        "max_work_items": 1,
        "max_service_keys": 10,
        "mutation_ratio": 0.1,
        "max_mutations": 0,
        "max_steps": 10000
    },
    "stats": {
        "steps": 1,
        "imported": 1,
        "import_max_step": 1,
        "import_min": 8.657141,
        "import_max": 8.657141,
        "import_mean": 8.657141,
        "import_p50": 8.657141,
        "import_p75": 0.0,
        "import_p90": 8.657141,
        "import_p99": 0.0,
        "import_std_dev": 0.0
    },
    "target": {
        "info": {
            "name": "FastRoll",
            "app_version": {
                "major": 0,
                "minor": 1,
                "patch": 6
            },
            "jam_version": {
                "major": 0,
                "minor": 7,
                "patch": 0
            }
        },
        "stats": {
            "steps": 1,
            "imported": 1,
            "import_max_step": 1,
            "import_min": 9.157591,
            "import_max": 9.157591,
            "import_mean": 9.157591,
            "import_p50": 9.157591,
            "import_p75": 0.0,
            "import_p90": 9.157591,
            "import_p99": 0.0,
            "import_std_dev": 0.0
        }
    },
    "diff": {
        "roots": {
            "exp": "0x28ff33e8b79818599a32bc1c9da9f80f5d2aed4b4162838c3157b3e4b9f858e6",
            "got": "0xe1892d5c125d14eac9729afc75b38a782feda1894330e7ba928a28d578646d0e"
        },
        "keyvals": [
            {
                "key": "0x03000000000000000000000000000000000000000000000000000000000000",
                "diff": {
                    "exp": "0x0843f8ccf0ea8efe7bd6a981692b1051d30f3ad7b7f388c58b07ba5aa4eba003cb042d692af09aad7b2d6879529a5a914c221b05e08d871a1e5efec2c72e3bd02c49842456c62f6aff506451c8b14deb31423440e66df59bad864a807ba1c46ebe004107b0039630d145ed4d8b7146c66b26e5bd69d5e2b2626607c16b154b5f7e8e046495858dcc2cf8e071aff65d12253c595cab2962e58a959902bd0de102e621fa4f727f1d321bd0d6eceade2dbcffb565c595e3a802d7740687de83bced9ba700306930236e622eccffeed057d22d0e03a5502cd92d0a222e8ad9f0ab42b0050512a31df6201205f6aaae33aeb190ed25a857c1b8a5b224d71f8742841b65b15f20b8c00f2f44fc8b9ffe8a895c036694de546caf5f99c166c7db1030716980a8026f6f8d8e680881c65d694ad8f77e1f59c3fd8b199e9851f4e2a525744e4b6c54000000000000000000000000000000000000000000000000000000000000000076ce098db75337d10da4c350f10d2c46284a4b55eb4ab4e5ff0a8dd4535dd5be0000000000000000000000000000000000000000000000000000000000000000f79e49230a14375ce22660c80f245350860a8ad0478a998c2b41554eea95c11f3dbc43133f3495c63f84923e239ecd31dabac4d5872b42c915c6d6d8a4e0817447b9dc62af362bae023e045f3d25a0d477da6735655da6d5ffa8b14acd8d1ae1006bd64e5103488a3de97be6566aa4b5858e54ff3beec9496fcb0e5c192701494cf59fee3aeafc86f34222f940f3913aceeb3dd27d691ba112a71a3bf9ad06980182e871e510f5705f203aa821091e6fb04ce87ad0d370f4da8d5771f9158fd21601261a535620574c5d61d6a861d21425f91ea221bd0d3e54e213b9854d0ce3e7e10000000000000000000000000000000000000000000000000000000000000000807b8b268022788de69ea2f0389798ffe8b7bbbd6568b8bbf96de438eb6a045be3dc3885c4c73864367a74df0abb667bbf40e9711bcc1c881ded23f37a6b528e9da24002e653ab3ceb2d5fc0b578261330edf9d2529757349588f517ecf3ad8200caa0131a18d5bed7ad5319cfa080aa2fe7c9d1f1b86e5d15a7d429ebf0d8346b9eccdb78684d44633f294e3d96e9a1161a6cd1c69fb4dd115786cb17e346947be1892d5c125d14eac9729afc75b38a782feda1894330e7ba928a28d578646d0e02aa1cf5a85f4ea076b9ae57c0925041eddbd652490c67239d09ac0af816b9f5890000000000000000000000000000000000000000000000000000000000000000e455ba7abfd098041610441fe026f9770fbc8146629753acf4867faab3ba10ac0000000000000000000000000000000000000000000000000000000000000000f804e40ca22dd8b196af5b08ce74a2efa6a7657aef6d20b38dad9c40aff0a441806f889378c0519248598a7f396fda3032bc8cbf90d10b33f93bd19d3b2495b500000000000000000000000000000000000000000000000000000000000000000248e38550a064dd44d1925617864df2b6d6cd9d06161b0b57ba1cb1ad7fb34bf70000000000000000000000000000000000000000000000000000000000000000c7395e2ec5e591489352d6b163c366511df4c5b3eff4c09cbb04cdc0e7d5f916000000000000000000000000000000000000000000000000000000000000000006000000000001806f889378c0519248598a7f396fda3032bc8cbf90d10b33f93bd19d3b2495b5",
                    "got": "0x080783c33d8ccc0eecfc467b7cc0c5f1ae5346d015a938cb4b1cbc3baec3ae36c908d0d079a55ce4ff2feefec0f72ff565139512f407e5f8896402d7b5d327201479cdc9808024694ff1e2c7b74b742309542c498f538815556b20ac1242a5f5d10043f8ccf0ea8efe7bd6a981692b1051d30f3ad7b7f388c58b07ba5aa4eba003cb042d692af09aad7b2d6879529a5a914c221b05e08d871a1e5efec2c72e3bd02c49842456c62f6aff506451c8b14deb31423440e66df59bad864a807ba1c46ebe004107b0039630d145ed4d8b7146c66b26e5bd69d5e2b2626607c16b154b5f7e8e046495858dcc2cf8e071aff65d12253c595cab2962e58a959902bd0de102e621fa4f727f1d321bd0d6eceade2dbcffb565c595e3a802d7740687de83bced9ba700306930236e622eccffeed057d22d0e03a5502cd92d0a222e8ad9f0ab42b0050512a31df6201205f6aaae33aeb190ed25a857c1b8a5b224d71f8742841b65b15f20b8c00f2f44fc8b9ffe8a895c036694de546caf5f99c166c7db1030716980a8026f6f8d8e680881c65d694ad8f77e1f59c3fd8b199e9851f4e2a525744e4b6c54000000000000000000000000000000000000000000000000000000000000000076ce098db75337d10da4c350f10d2c46284a4b55eb4ab4e5ff0a8dd4535dd5be0000000000000000000000000000000000000000000000000000000000000000f79e49230a14375ce22660c80f245350860a8ad0478a998c2b41554eea95c11f3dbc43133f3495c63f84923e239ecd31dabac4d5872b42c915c6d6d8a4e0817447b9dc62af362bae023e045f3d25a0d477da6735655da6d5ffa8b14acd8d1ae1006bd64e5103488a3de97be6566aa4b5858e54ff3beec9496fcb0e5c192701494cf59fee3aeafc86f34222f940f3913aceeb3dd27d691ba112a71a3bf9ad06980182e871e510f5705f203aa821091e6fb04ce87ad0d370f4da8d5771f9158fd21601261a535620574c5d61d6a861d21425f91ea221bd0d3e54e213b9854d0ce3e7e10000000000000000000000000000000000000000000000000000000000000000807b8b268022788de69ea2f0389798ffe8b7bbbd6568b8bbf96de438eb6a045be3dc3885c4c73864367a74df0abb667bbf40e9711bcc1c881ded23f37a6b528e9da24002e653ab3ceb2d5fc0b578261330edf9d2529757349588f517ecf3ad8200caa0131a18d5bed7ad5319cfa080aa2fe7c9d1f1b86e5d15a7d429ebf0d8346b9eccdb78684d44633f294e3d96e9a1161a6cd1c69fb4dd115786cb17e346947b000000000000000000000000000000000000000000000000000000000000000002aa1cf5a85f4ea076b9ae57c0925041eddbd652490c67239d09ac0af816b9f5890000000000000000000000000000000000000000000000000000000000000000e455ba7abfd098041610441fe026f9770fbc8146629753acf4867faab3ba10ac00000000000000000000000000000000000000000000000000000000000000000501000000000000000000000000000000000000000000000000000000000000000001ad3228b676f7d3cd4284a5443f17f1962b36e491b30a40b2405849e597ba5fb5019672ad152ccaea76efa85ad0b508cfb685d21853ac10c985508eff2687b2d87501de461ec1a49844aa7d1d0053c824c462028e4e3f339beea4f0d6b222ffa49f6101e58769b32a1beaf1ea27375a44095a0d1fb664ce2dd358e7fcbfb78c26a19344"
                }
            },
            {
                "key": "0x0401dc584a49129d1e571daa7b1fa034f3d0e91534549d7bbb538f28905581",
                "diff": {
                    "exp": "0x01000000",
                    "got": "0x"
                }
            },
            {
                "key": "0x0422dc8b4a5312a31d9fe6cdba6da45e173695d99a7d8474aa8abfba21ca07",
                "diff": {
                    "exp": "0x20baf736ff7927f6f7dfa744a10a67a48b261ae89bbe5c712f7c1f0ee023776661",
                    "got": "0x"
                }
            },
            {
                "key": "0x0446dc324a7412b8b436b9495af385704a623d55b4227df9932b2b69d14729",
                "diff": {
                    "exp": "0x01000000",
                    "got": "0x"
                }
            },
            {
                "key": "0x048edc264a4e128f29a461f8df4e2eb581d5d6416d011dd2ca3793fa4e263b",
                "diff": {
                    "exp": "0x02060563616c6c730a09636f64655f68617368",