{
    "config": {
        "seed": "42",
        "max_steps": 4294967295,
        "safrole": false,
        "profile": {
            "full": null
        },
        "fuzzy_profile": {
            "full": null
        },
        "max_work_items": 3,
        "mutation_ratio": 0.0,
        "max_mutations": 0
    },
    "stats": {
        "steps": 3,
        "imported": 1,
        "import_max_step": 3,
        "import_min": 6.923117,
        "import_max": 6.923117,
        "import_mean": 6.923117,
        "import_p50": 6.923117,
        "import_p75": 0.0,
        "import_p90": 6.923117,
        "import_p99": 0.0,
        "import_std_dev": 0.0
    },
    "target": {
        "info": {
            "fuzz_version": 1,
            "fuzz_features": 2,
            "jam_version": {
                "major": 0,
                "minor": 7,
                "patch": 1
            },
            "app_version": {
                "major": 0,
                "minor": 0,
                "patch": 15
            },
            "app_name": "spacejam"
        },
        "stats": {
            "steps": 3,
            "imported": 1,
            "import_max_step": 3,
            "import_min": 6.2028739999999996,
            "import_max": 6.2028739999999996,
            "import_mean": 6.2028739999999996,
            "import_p50": 6.2028739999999996,
            "import_p75": 0.0,
            "import_p90": 6.2028739999999996,
            "import_p99": 0.0,
            "import_std_dev": 0.0
        }
    },
    "diff": {
        "state": {
            "roots": {
                "exp": "0xfbd363bc2529f0e30e45d0812836fe1ae749b0da2888843a227cf00862cdd9af",
                "got": "0x2ffbf7ea360a514a397e1fde1790732c009cd64a2bce6768a514b9a2e1354ff5"
            },
            "keyvals": [
                {
                    "key": "0x0d000000000000000000000000000000000000000000000000000000000000",
                    "diff": {
                        "exp": "0x00000000000000000000000000000000010000000200000000000000000000000000000000000000000000000100000001000000000000000100000030390200010000000200000000000000000000000000000000000000000000000200000001000000000000000000000000000000000000000200000000000000000000000000000000000000010000000200000002000000000000000000000000000000030000000900000003000000000000000000000000000000030000000a00000003000000000000000100000030390200050000000a00000001000000000000000000000000000000050000000b000000010000000000000000000000000000000300000009000000020000000000000000000000000000000500000009000000828c0500000000000081a80500000000817496900600000000000000000000000001c0277ceb970a27000000000000000002c0eb4f6c8b69370000018b320000000001c0c350fd957b3a01c230390000000000000000ddaa27510000018b5e0000000001bfaa1d45dc59000000000000000001c00e62",
                        "got": "0x00000000000000000000000000000000010000000200000000000000000000000000000000000000000000000100000001000000000000000100000030390200010000000200000000000000000000000000000000000000000000000200000001000000000000000000000000000000000000000200000000000000000000000000000000000000010000000200000002000000000000000000000000000000030000000900000003000000000000000000000000000000030000000a00000003000000000000000100000030390200050000000a00000001000000000000000000000000000000050000000b000000010000000000000000000000000000000300000009000000020000000000000000000000000000000500000009000000828c0500000000000081a80500000000817496900700000000000000000000000001c037a3eb970a27000000000000000002c0eb4f6c8b69370000018b320000000001c0c350fd957b3a01c230390000000000000000ddaa27510000018b5e0000000001bfaaa33bfd57000000000000000000001d45dc59000000000000000001c00e62"
                    }
                },
                {
                    "key": "0xa3723b0cfd58575f70a4d8a0d41f3e9195aacbf0f3dcb184274bd6d786c7f5",
                    "diff": {
                        "exp": "0x00",
                        "got": "0x"
                    }
                },
                {
                    "key": "0xffa3003b00fd00570000000000000000000000000000000000000000000000",
                    "diff": {
                        "exp": "0x00828667638ae6f11aa6b7d77cf058a3bb6d46346701e914f18ab7015a0de171419549060000000000102700000000000010270000000000008139020000000000000000000000000002000000250000000000000000000000",
                        "got": "0x"
                    }
                }
            ]
        }
    }
}