{
    "config": {
        "seed": "42",
        "profile": {
            "empty": null
        },
        "safrole": false,
        "max_work_items": 1,
        "max_service_keys": 10,
        "mutation_ratio": 0.1,
        "max_mutations": 0,
        "max_steps": 10000
    },
    "stats": {
        "steps": 1,
        "imported": 1,
        "import_max_step": 1,
        "import_min": 8.338349000000001,
        "import_max": 8.338349000000001,
        "import_mean": 8.338349000000001,
        "import_p50": 8.338349000000001,
        "import_p75": 0.0,
        "import_p90": 8.338349000000001,
        "import_p99": 0.0,
        "import_std_dev": 0.0
    },
    "target": {
        "info": {
            "fuzz_version": 1,
            "fuzz_features": 2,
            "jam_version": {
                "major": 0,
                "minor": 7,
                "patch": 0
            },
            "app_version": {
                "major": 0,
                "minor": 0,
                "patch": 11
            },
            "app_name": "spacejam"
        },
        "stats": {
            "steps": 1,
            "imported": 1,
            "import_max_step": 1,
            "import_min": 6.245096,
            "import_max": 6.245096,
            "import_mean": 6.245096,
            "import_p50": 6.245096,
            "import_p75": 0.0,
            "import_p90": 6.245096,
            "import_p99": 0.0,
            "import_std_dev": 0.0
        }
    },
    "state_diff": {
        "roots": {
            "exp": "0xb5405a5c4e1f3c7e4b95a6e61e7849ebb9de7a357f509e70d95e7a923a357fc8",
            "got": "0x5a87dee9a197dee615999d6a1bae4c895ef1a9f83e02b54d862b74bcc8a87969"
        },
        "keyvals": [
            {
                "key": "0x0d000000000000000000000000000000000000000000000000000000000000",
                "diff": {
                    "exp": "0x02000000000000000000000000000000040000000400000001000000000000000000000000000000040000000500000000000000000000000000000000000000020000000500000001000000000000000000000000000000020000000500000003000000000000000000000000000000020000000500000002000000000000000000000000000000040000000400000002000000000000000000000000000000040000000a00000003000000000000000000000000000000040000000800000004000000000000000000000000000000070000000900000001000000000000000000000000000000070000000a00000001000000000000000000000000000000070000000c00000001000000000000000000000000000000040000000c00000080ed060000000080ed88da80ed060000000000000224e9488e000000000000000002c030590000622ae7be00000188da0000000000000000",
                    "got": "0x02000000000000000000000000000000040000000400000001000000000000000000000000000000040000000500000000000000000000000000000000000000020000000500000001000000000000000000000000000000020000000500000003000000000000000000000000000000020000000500000002000000000000000000000000000000040000000400000002000000000000000000000000000000040000000a00000003000000000000000000000000000000040000000800000004000000000000000000000000000000070000000900000001000000000000000000000000000000070000000a00000001000000000000000000000000000000070000000c00000001000000000000000000000000000000040000000c00000080ed060000000080ed88da80ed060000000000000224e9488e000000000000000002c049720000622ae7be00000188da0000000000000000"
                }
            },
            {
                "key": "0x2467e96548a08ee5edc25e7fce8d1bc2bb6db4dd5f96490fe7a66751d4c9df",
                "diff": {
                    "exp": "0x1a000000",
                    "got": "0x1c000000"
                }
            }
        ]
    },
    "import_diff": null
}
