{
    "config": {
        "seed": "42",
        "profile": {
            "empty": null
        },
        "safrole": false,
        "max_work_items": 1,
        "max_service_keys": 10,
        "mutation_ratio": 0.1,
        "max_mutations": 0,
        "max_steps": 10000
    },
    "stats": {
        "steps": 1,
        "imported": 1,
        "import_max_step": 1,
        "import_min": 8.854273,
        "import_max": 8.854273,
        "import_mean": 8.854273,
        "import_p50": 8.854273,
        "import_p75": 0.0,
        "import_p90": 8.854273,
        "import_p99": 0.0,
        "import_std_dev": 0.0
    },
    "target": {
        "info": {
            "fuzz_version": 1,
            "fuzz_features": 2,
            "jam_version": {
                "major": 0,
                "minor": 7,
                "patch": 0
            },
            "app_version": {
                "major": 0,
                "minor": 1,
                "patch": 0
            },
            "app_name": "boka-fuzzing-target"
        },
        "stats": {
            "steps": 1,
            "imported": 1,
            "import_max_step": 1,
            "import_min": 31.248198000000002,
            "import_max": 31.248198000000002,
            "import_mean": 31.248198000000002,
            "import_p50": 31.248198000000002,
            "import_p75": 0.0,
            "import_p90": 31.248198000000002,
            "import_p99": 0.0,
            "import_std_dev": 0.0
        }
    },
    "state_diff": {
        "roots": {
            "exp": "0x97d5f18d46ac1e030b8e08e5a3a368cee39f44ba3f0a48ed372d69e6b31864f6",
            "got": "0x5c0c99bec6c61ec78977bb5302b90dd115051f6a9f4613fad3683fac9ef4a373"
        },
        "keyvals": [
            {
                "key": "0x0d000000000000000000000000000000000000000000000000000000000000",
                "diff": {
                    "exp": "0x00000000000000000000000000000000060000000c00000004000000000000000000000000000000060000000b00000003000000000000000000000000000000070000000a00000003000000000000000000000000000000070000000c00000002000000000000000000000000000000060000000900000000000000000000000000000000000000070000000b00000000000000000000000000000000000000030000000800000002000000000000000000000000000000040000000900000002000000000000000000000000000000040000000800000002000000000000000000000000000000040000000a000000050000000000000000000000000000000300000009000000010000000000000000000000000000000300000009000000811306000000008173890a8113060000000000000300000000000000000000000001b44b00001511c85e000000000000000001c02159000047ab06be000001890a0000000000000000",
                    "got": "0x00000000000000000000000000000000060000000c00000004000000000000000000000000000000060000000b00000003000000000000000000000000000000070000000a00000003000000000000000000000000000000070000000c00000002000000000000000000000000000000060000000900000000000000000000000000000000000000070000000b00000000000000000000000000000000000000030000000800000002000000000000000000000000000000040000000900000002000000000000000000000000000000040000000800000002000000000000000000000000000000040000000a000000050000000000000000000000000000000300000009000000010000000000000000000000000000000300000009000000811306000000008173890a8113060000000000000300000000000000000000000001ac7d00001511c85e000000000000000001c06b59000047ab06be000001890a0000000000000000"
                }
            }
        ]
    },
    "import_diff": null
}
