{
    "config": {
        "seed": "1767896003_2346",
        "max_steps": 1000000,
        "safrole": false,
        "profile": {
            "fuzzy": null
        },
        "fuzzy_profile": {
            "rand": null
        },
        "max_work_items": 5,
        "mutation_ratio": 0.1,
        "max_mutations": 5
    },
    "stats": {
        "steps": 8684,
        "imported": 2847,
        "import_max_step": 485,
        "import_min": 1.328313,
        "import_max": 9169.496022000001,
        "import_mean": 23.253634151387423,
        "import_p50": 5.684,
        "import_p75": 8.942,
        "import_p90": 14.102,
        "import_p99": 217.924,
        "import_std_dev": 238.2993617026629
    },
    "target": {
        "info": {
            "fuzz_version": 1,
            "fuzz_features": 2,
            "jam_version": {
                "major": 0,
                "minor": 7,
                "patch": 2
            },
            "app_version": {
                "major": 0,
                "minor": 3,
                "patch": 8
            },
            "app_name": "vinwolf-target"
        },
        "stats": {
            "steps": 8684,
            "imported": 2847,
            "import_max_step": 1300,
            "import_min": 2.77794,
            "import_max": 1197.514771,
            "import_mean": 49.395437601685906,
            "import_p50": 30.366,
            "import_p75": 42.697,
            "import_p90": 58.306,
            "import_p99": 640.939,
            "import_std_dev": 105.4891920403173
        }
    },
    "error": {
        "state_diff": {
            "roots": {
                "exp": "0xb1408bdf01ffd19baafa4686ce7ffa8fc05a6985f77ab62e99d1a50cdabd6c15",
                "got": "0xafc9e16486b74e7254f4b5368e5ae9f3cf758d0ba370769827a4a6135b1e746b"
            },
            "keyvals": [
                {
                    "key": "0x04000000000000000000000000000000000000000000000000000000000000",
                    "diff": {
                        "exp": "0x151e5c8fe2b9d8a606966a79edd2f9e5db47e83947ce368ccba53bf6ba20a40b8b8c5d436f92ecf605421e873a99ec528761eb52a88a2f9a057b3b3003e6f32a00000000000000000000000000000000000000000000000000000000000000000000000000000000000000000000000000000000000000000000000000000000000000000000000000000000000000000000000000000000000000000000000000000000000000000000000000000000000000000000000000000000000000000000000000000000000000000000000000000000000000000000ffff7f000001449c00000000000000000000000000000000000000000000000000000000000000000000000000000000000000000000000000000000000000000000000000000000000000000000000000000000000000000000000000000000000000000000000000000000000000000000000000009326edb21e5541717fde24ec085000b28709847b8aab1ac51f84e94b37ca1b66cab2b9ff25c2410fbe9b8a717abb298c716a03983c98ceb4def2087500b8e34100000000000000000000000000000000000000000000000000000000000000000000000000000000000000000000000000000000000000000000000000000000000000000000000000000000000000000000000000000000000000000000000000000000000000000000000000000000000000000000000000000000000000000000000000000000000000000000000000000000000000000000ffff7f000001429c0000000000000000000000000000000000000000000000000000000000000000000000000000000000000000000000000000000000000000000000000000000000000000000000000000000000000000000000000000000000000000000000000000000000000000000000000000ff71c6c03ff88adb5ed52c9681de1629a54e702fc14729f6b50d2f0a76f185b34418fb8c85bb3985394a8c2756d3643457ce614546202a2f50b093d762499ace00000000000000000000000000000000000000000000000000000000000000000000000000000000000000000000000000000000000000000000000000000000000000000000000000000000000000000000000000000000000000000000000000000000000000000000000000000000000000000000000000000000000000000000000000000000000000000000000000000000000000000000ffff7f000001409c0000000000000000000000000000000000000000000000000000000000000000000000000000000000000000000000000000000000000000000000000000000000000000000000000000000000000000000000000000000000000000000000000000000000000000000000000000dee6d555b82024f1ccf8a1e37e60fa60fd40b1958c4bb3006af78647950e1b91ad93247bd01307550ec7acd757ce6fb805fcf73db364063265b30a949e90d93300000000000000000000000000000000000000000000000000000000000000000000000000000000000000000000000000000000000000000000000000000000000000000000000000000000000000000000000000000000000000000000000000000000000000000000000000000000000000000000000000000000000000000000000000000000000000000000000000000000000000000000ffff7f000001419c00000000000000000000000000000000000000000000000000000000000000000000000000000000000000000000000000000000000000000000000000000000000000000000000000000000000000000000000000000000000000000000000000000000000000000000000000000746846d17469fb2f95ef365efcab9f4e22fa1feb53111c995376be8019981ccf30aa5444688b3cab47697b37d5cac5707bb3289e986b19b17db437206931a8d00000000000000000000000000000000000000000000000000000000000000000000000000000000000000000000000000000000000000000000000000000000000000000000000000000000000000000000000000000000000000000000000000000000000000000000000000000000000000000000000000000000000000000000000000000000000000000000000000000000000000000000ffff7f000001439c00000000000000000000000000000000000000000000000000000000000000000000000000000000000000000000000000000000000000000000000000000000000000000000000000000000000000000000000000000000000000000000000000000000000000000000000000002105650944fcd101621fd5bb3124c9fd191d114b7ad936c1d79d734f9f21392eab0084d01534b31c1dd87c81645fd762482a90027754041ca1b56133d0466c0600000000000000000000000000000000000000000000000000000000000000000000000000000000000000000000000000000000000000000000000000000000000000000000000000000000000000000000000000000000000000000000000000000000000000000000000000000000000000000000000000000000000000000000000000000000000000000000000000000000000000000000ffff7f000001459c00000000000000000000000000000000000000000000000000000000000000000000000000000000000000000000000000000000000000000000000000000000000000000000000000000000000000000000000000000000000000000000000000000000000000000000000000009439541187dc695aa8beea01a957dd66c2594cf9649085a935ac6cd7efd814127b8aebf259361314029174e6800918d697ae0b0f1a0e041ef6c0d5f1de066af2697624d986f935d7fc719807977f7e1315f340b1f51ea0879ecc146e89e79d3992e630ae2b14e758ab0960e372172203f4c9a41777dadd529971d7ab9d23ab29fe0e9c85ec450505dde7f5ac038274cf012105650944fcd101621fd5bb3124c9fd191d114b7ad936c1d79d734f9f21392e9326edb21e5541717fde24ec085000b28709847b8aab1ac51f84e94b37ca1b662105650944fcd101621fd5bb3124c9fd191d114b7ad936c1d79d734f9f21392e2105650944fcd101621fd5bb3124c9fd191d114b7ad936c1d79d734f9f21392eff71c6c03ff88adb5ed52c9681de1629a54e702fc14729f6b50d2f0a76f185b39326edb21e5541717fde24ec085000b28709847b8aab1ac51f84e94b37ca1b669326edb21e5541717fde24ec085000b28709847b8aab1ac51f84e94b37ca1b66dee6d555b82024f1ccf8a1e37e60fa60fd40b1958c4bb3006af78647950e1b91ff71c6c03ff88adb5ed52c9681de1629a54e702fc14729f6b50d2f0a76f185b32105650944fcd101621fd5bb3124c9fd191d114b7ad936c1d79d734f9f21392e2105650944fcd101621fd5bb3124c9fd191d114b7ad936c1d79d734f9f21392e151e5c8fe2b9d8a606966a79edd2f9e5db47e83947ce368ccba53bf6ba20a40b00",