{
    "config": {
        "seed": "42",
        "max_steps": 4294967295,
        "safrole": false,
        "profile": {
            "full": null
        },
        "fuzzy_profile": {
            "full": null
        },
        "max_work_items": 3,
        "mutation_ratio": 0.0,
        "max_mutations": 0
    },
    "stats": {
        "steps": 4,
        "imported": 1,
        "import_max_step": 4,
        "import_min": 8.612601,
        "import_max": 8.612601,
        "import_mean": 8.612601,
        "import_p50": 8.612601,
        "import_p75": 0.0,
        "import_p90": 8.612601,
        "import_p99": 0.0,
        "import_std_dev": 0.0
    },
    "target": {
        "info": {
            "fuzz_version": 1,
            "fuzz_features": 2,
            "jam_version": {
                "major": 0,
                "minor": 7,
                "patch": 2
            },
            "app_version": {
                "major": 0,
                "minor": 7,
                "patch": 2
            },
            "app_name": "jampy"
        },
        "stats": {
            "steps": 4,
            "imported": 1,
            "import_max_step": 4,
            "import_min": 333.47769999999997,
            "import_max": 333.47769999999997,
            "import_mean": 333.47769999999997,
            "import_p50": 333.47769999999997,
            "import_p75": 0.0,
            "import_p90": 333.47769999999997,
            "import_p99": 0.0,
            "import_std_dev": 0.0
        }
    },
    "error": {
        "state_diff": {
            "roots": {
                "exp": "0x227ec916a4ffa1a63a63c375adab1cbe2d74eefb9a7b395d3ed97b5c226731df",
                "got": "0x5ae2a510b12af5cc096280c970eb4d9d58fba9030228ef8955d28725e2e71023"
            },
            "keyvals": [
                {
                    "key": "0x03000000000000000000000000000000000000000000000000000000000000",
                    "diff": {
                        "exp": "0x08cb68e5c1ce4ab5434d5b7025972d471789fc0d611715401ed0852601eb987524d1798d59d9622b46af03104d27abc3e0bc81fa861aa45fa498ce714717413911f9eed395c4203a645d2cf268de594ccb76df5f529312004a84b843e0335d5670013bbc769c1433675a804717ec828f66ff4966076cdfadf2d64bbf8cf71f4699f200000000000000000000000000000000000000000000000000000000000000002bad6cb4c184917d470350c09666a80497083b000e310d60bf9a52bf9d1e4fc35b525f826518f986da714f4d6b00201f8547c7355ce1f0809b031c79514f5a3a36f5c620440240cab888006fdc59d8d5bc7bab8064223015faa6c2444de35cc9007a0bc9f6b64b9131998f14a077dd61500b8726102666d296d151350643c6a8c0fd1b15f20150501b808f19ad23a850936efec69b1515f861a717560bf1a5d7c9ed9b7ca3b2fa70ab341459e8c4c22bbd7b1d4b30d508cf1344eba17e42f6a2f601e318fdf9b59d3193ab652c844690efcb92cad1f7b5d1e396ba05c9d7b3107a4c00000000000000000000000000000000000000000000000000000000000000007df381f9fc2d330741f3b9b982f9c9867f8cb3b0001beb3692abae1445fb99039a9e74ac908d7cbaffa4de456a16fc7daa0d19c77a21d9978530b0808a1d21fbec33847b9ae7857762bff832ef7d97755857e9de4a0f331704904fd1ad4113a901cb0ce3b0e810d9d19aa0be035d7b12aeaad4c92a3269c6b9643d5cc2b0747637000000000000000000000000000000000000000000000000000000000000000065d9a3766ba73962e683bf2d3a6d9d534023010c56d3e460f85113d374ef884c5d753fd66fd8db44781fb5e9d35b1bd802f4be2f1d39245b8466c04979c7284d7dea10401e9dc5e7bfbd1d9a73a1ed780bf314ba76b1e8ab17d09a6e1eebaf580199420c8b3464b565fb511ffa5e93e994e4defce165f05fdf529883fb9eda46620000000000000000000000000000000000000000000000000000000000000000105efa9287f1c7d7110e9323bb11385711c7ac98db7c535f715bd82c762f0727203db810f99f1a4d7ef2f0a2da248fc372063c07efca6a16d829766335db1ffee964ea7d98e5e34c65fb461d398a6e7c4c9b6e1d894cf0eacf7963cb9207768d00152f328827d933c9270d6d7557bb375bf2a45855b64005696cdccd66265d243308012f3ca7706a6cc3248fb71d98b1304c5a296261f659abc8ddedeaf656ba8f9c1f913dbc417543fab06c247979c7b2fcc9f6961b2779dd443c3a0d9885f3f101efb90a002c5d32c4f061e74cd99a4d09245faea0fa1daa9715280366b49a92f50000000000000000000000000000000000000000000000000000000000000000c4c4cd62e92bfcc4543043160f896843b76ad1dfd1c4e07924019f15ae42c70cc4695de4a1fd0fb29cfa843919cd484172fca28d77ed3900ef729fdf18d6abf40000000000000000000000000000000000000000000000000000000000000000024f1dd8a23e167112db156a2c87e7ae8b2a9211a09d7bc73d6da7213e1b24d2580000000000000000000000000000000000000000000000000000000000000000d069d6caf008df3d4906f6bc75b51243341a1ab78bcbc1f3a4a603ac0bd6060200000000000000000000000000000000000000000000000000000000000000000901000000000000000000000000000000000000000000000000000000000000000001ad3228b676f7d3cd4284a5443f17f1962b36e491b30a40b2405849e597ba5fb5013c2c4912919aa89b759c4e70826c6106ca51fb0ce4a22fca867f3f1bb716f66f000000000001d1798d59d9622b46af03104d27abc3e0bc81fa861aa45fa498ce714717413911",
                        "got": "0x08cb68e5c1ce4ab5434d5b7025972d471789fc0d611715401ed0852601eb987524d1798d59d9622b46af03104d27abc3e0bc81fa861aa45fa498ce714717413911f9eed395c4203a645d2cf268de594ccb76df5f529312004a84b843e0335d5670013bbc769c1433675a804717ec828f66ff4966076cdfadf2d64bbf8cf71f4699f200000000000000000000000000000000000000000000000000000000000000002bad6cb4c184917d470350c09666a80497083b000e310d60bf9a52bf9d1e4fc35b525f826518f986da714f4d6b00201f8547c7355ce1f0809b031c79514f5a3a36f5c620440240cab888006fdc59d8d5bc7bab8064223015faa6c2444de35cc9007a0bc9f6b64b9131998f14a077dd61500b8726102666d296d151350643c6a8c0fd1b15f20150501b808f19ad23a850936efec69b1515f861a717560bf1a5d7c9ed9b7ca3b2fa70ab341459e8c4c22bbd7b1d4b30d508cf1344eba17e42f6a2f601e318fdf9b59d3193ab652c844690efcb92cad1f7b5d1e396ba05c9d7b3107a4c00000000000000000000000000000000000000000000000000000000000000007df381f9fc2d330741f3b9b982f9c9867f8cb3b0001beb3692abae1445fb99039a9e74ac908d7cbaffa4de456a16fc7daa0d19c77a21d9978530b0808a1d21fbec33847b9ae7857762bff832ef7d97755857e9de4a0f331704904fd1ad4113a901cb0ce3b0e810d9d19aa0be035d7b12aeaad4c92a3269c6b9643d5cc2b0747637000000000000000000000000000000000000000000000000000000000000000065d9a3766ba73962e683bf2d3a6d9d534023010c56d3e460f85113d374ef884c5d753fd66fd8db44781fb5e9d35b1bd802f4be2f1d39245b8466c04979c7284d7dea10401e9dc5e7bfbd1d9a73a1ed780bf314ba76b1e8ab17d09a6e1eebaf580199420c8b3464b565fb511ffa5e93e994e4defce165f05fdf529883fb9eda46620000000000000000000000000000000000000000000000000000000000000000105efa9287f1c7d7110e9323bb11385711c7ac98db7c535f715bd82c762f0727203db810f99f1a4d7ef2f0a2da248fc372063c07efca6a16d829766335db1ffee964ea7d98e5e34c65fb461d398a6e7c4c9b6e1d894cf0eacf7963cb9207768d00152f328827d933c9270d6d7557bb375bf2a45855b64005696cdccd66265d243308012f3ca7706a6cc3248fb71d98b1304c5a296261f659abc8ddedeaf656ba8f9c1f913dbc417543fab06c247979c7b2fcc9f6961b2779dd443c3a0d9885f3f101efb90a002c5d32c4f061e74cd99a4d09245faea0fa1daa9715280366b49a92f50000000000000000000000000000000000000000000000000000000000000000c4c4cd62e92bfcc4543043160f896843b76ad1dfd1c4e07924019f15ae42c70c481c2f980c5a6af5a08e0dcb15c13f1d00b6d8c3ff1723c19d7ef4d17ea314890000000000000000000000000000000000000000000000000000000000000000024f1dd8a23e167112db156a2c87e7ae8b2a9211a09d7bc73d6da7213e1b24d2580000000000000000000000000000000000000000000000000000000000000000d069d6caf008df3d4906f6bc75b51243341a1ab78bcbc1f3a4a603ac0bd60602000000000000000000000000000000000000000000000000000000000000000009014de7a61bcf4075f4eed87d9593737cfd769e7ad58cda98aec9fbe3b1bb639f5601ad3228b676f7d3cd4284a5443f17f1962b36e491b30a40b2405849e597ba5fb5013c2c4912919aa89b759c4e70826c6106ca51fb0ce4a22fca867f3f1bb716f66f000000000001d1798d59d9622b46af03104d27abc3e0bc81fa861aa45fa498ce714717413911"
                    }
                },
                {
                    "key": "0x0d000000000000000000000000000000000000000000000000000000000000",