{
    "config": {
        "seed": "42",
        "max_steps": 4294967295,
        "safrole": false,
        "profile": {
            "full": null
        },
        "fuzzy_profile": {
            "full": null
        },
        "max_work_items": 3,
        "mutation_ratio": 0.0,
        "max_mutations": 0
    },
    "stats": {
        "steps": 1,
        "imported": 1,
        "import_max_step": 1,
        "import_min": 16.747819,
        "import_max": 16.747819,
        "import_mean": 16.747819,
        "import_p50": 16.747819,
        "import_p75": 0.0,
        "import_p90": 16.747819,
        "import_p99": 0.0,
        "import_std_dev": 0.0
    },
    "target": {
        "info": {
            "fuzz_version": 1,
            "fuzz_features": 2,
            "jam_version": {
                "major": 0,
                "minor": 7,
                "patch": 2
            },
            "app_version": {
                "major": 0,
                "minor": 3,
                "patch": 5
            },
            "app_name": "duna-target"
        },
        "stats": {
            "steps": 1,
            "imported": 1,
            "import_max_step": 1,
            "import_min": 339.375766,
            "import_max": 339.375766,
            "import_mean": 339.375766,
            "import_p50": 339.375766,
            "import_p75": 0.0,
            "import_p90": 339.375766,
            "import_p99": 0.0,
            "import_std_dev": 0.0
        }
    },
    "error": {
        "state_diff": {
            "roots": {
                "exp": "0xeec593b5b4dee574e28b760ec7bfe76fc18c6eb9a12a14d545b91b3dd6d89251",
                "got": "0x4acee9760828e789a85eee83692579443b72de484b55d67d2e4e338e779bae26"
            },
            "keyvals": [
                {
                    "key": "0xff000000000000000000000000000000000000000000000000000000000000",
                    "diff": {
                        "exp": "0x00d1b097b4410b3a63446d7c57d093972a9744fcd2d74f4a5e2ec163610e6d6327990bd1ffffffffff0a000000000000000a00000000000000e11c020000000000ffffffffffffffff0c000000000000000900000000000000",
                        "got": "0x00d1b097b4410b3a63446d7c57d093972a9744fcd2d74f4a5e2ec163610e6d6327ca98d7ffffffffff0a000000000000000a00000000000000e11c020000000000ffffffffffffffff0c000000000000000900000000000000"
                    }
                }
            ]
        }
    }
}