{
    "config": {
        "seed": "42",
        "profile": {
            "empty": null
        },
        "safrole": false,
        "max_work_items": 1,
        "max_service_keys": 10,
        "mutation_ratio": 0.1,
        "max_mutations": 0,
        "max_steps": 10000
    },
    "stats": {
        "steps": 1,
        "imported": 1,
        "import_max_step": 1,
        "import_min": 6.468764,
        "import_max": 6.468764,
        "import_mean": 6.468764,
        "import_p50": 6.468764,
        "import_p75": 0.0,
        "import_p90": 6.468764,
        "import_p99": 0.0,
        "import_std_dev": 0.0
    },
    "target": {
        "info": {
            "fuzz_version": 1,
            "fuzz_features": 0,
            "jam_version": {
                "major": 0,
                "minor": 7,
                "patch": 0
            },
            "app_version": {
                "major": 0,
                "minor": 0,
                "patch": 1
            },
            "app_name": "gossamer-jam"
        },
        "stats": {
            "steps": 1,
            "imported": 1,
            "import_max_step": 1,
            "import_min": 28.898024000000003,
            "import_max": 28.898024000000003,
            "import_mean": 28.898024000000003,
            "import_p50": 28.898024000000003,
            "import_p75": 0.0,
            "import_p90": 28.898024000000003,
            "import_p99": 0.0,
            "import_std_dev": 0.0
        }
    },
    "state_diff": {
        "roots": {
            "exp": "0xe0c84e51639670bcbc25422f4ca1fa4e6473f0a0f08116698e02afeced73bb1d",
            "got": "0x26195c373c93330dddd89188c30312a2c1d52617326b51d3630703903bba8b1c"
        },
        "keyvals": [
            {
                "key": "0x0d000000000000000000000000000000000000000000000000000000000000",
                "diff": {
                    "exp": "0x00000000000000000000000000000000040000000a00000001000000000000000000000000000000050000000a00000001000000000000000000000000000000050000000900000003000000000000000000000000000000040000000800000003000000000000000000000000000000040000000a00000002000000000000000000000000000000040000000a00000004000000000000000000000000000000060000000900000002000000000000000000000000000000060000000800000001000000000000000000000000000000060000000b00000001000000000000000000000000000000040000000b00000001000000000000000000000000000000040000000a00000003000000000000000000000000000000040000000900000081030500000000810388ea0004000000000000026f31555600000188ea00000000000000000a48ced3000000000000000001e08096980000",
                    "got": "0x00000000000000000000000000000000040000000a00000001000000000000000000000000000000050000000a00000001000000000000000000000000000000050000000900000003000000000000000000000000000000040000000800000003000000000000000000000000000000040000000a00000002000000000000000000000000000000040000000a00000004000000000000000000000000000000060000000900000002000000000000000000000000000000060000000800000001000000000000000000000000000000060000000b00000001000000000000000000000000000000040000000b00000001000000000000000000000000000000040000000a00000003000000000000000000000000000000040000000900000081030500000000810388ea0004000000000000026f31555600000188ea00000000000000000a48ced3000000000000000001ff80b222539a3997b20000"
                }
            }
        ]
    },
    "import_diff": null
}
