{
    "config": {
        "seed": "42",
        "max_steps": 4294967295,
        "safrole": false,
        "profile": {
            "full": null
        },
        "fuzzy_profile": {
            "full": null
        },
        "max_work_items": 3,
        "mutation_ratio": 0.0,
        "max_mutations": 0
    },
    "stats": {
        "steps": 6,
        "imported": 1,
        "import_max_step": 6,
        "import_min": 20.540284,
        "import_max": 20.540284,
        "import_mean": 20.540284,
        "import_p50": 20.540284,
        "import_p75": 0.0,
        "import_p90": 20.540284,
        "import_p99": 0.0,
        "import_std_dev": 0.0
    },
    "target": {
        "info": {
            "fuzz_version": 1,
            "fuzz_features": 2,
            "jam_version": {
                "major": 0,
                "minor": 7,
                "patch": 2
            },
            "app_version": {
                "major": 0,
                "minor": 0,
                "patch": 23
            },
            "app_name": "spacejam"
        },
        "stats": {
            "steps": 6,
            "imported": 1,
            "import_max_step": 6,
            "import_min": 40.997980000000005,
            "import_max": 40.997980000000005,
            "import_mean": 40.997980000000005,
            "import_p50": 40.997980000000005,
            "import_p75": 0.0,
            "import_p90": 40.997980000000005,
            "import_p99": 0.0,
            "import_std_dev": 0.0
        }
    },
    "error": {
        "state_diff": {
            "roots": {
                "exp": "0xec58a78592843d4a573c2609a8a42156a64e01c9870838864df0499962d7034a",
                "got": "0x54cc0b45357b48f2f75fff4ef250f8b33c0780c42f3d46ee73ff62034eb47b25"
            },
            "keyvals": [
                {
                    "key": "0xff000000000000000000000000000000000000000000000000000000000000",
                    "diff": {
                        "exp": "0x00d1b097b4410b3a63446d7c57d093972a9744fcd2d74f4a5e2ec163610e6d6327ab82bdffffffffff0a000000000000000a000000000000000c3b020000000000ffffffffffffffff3600000000000000481f000000000000",
                        "got": "0x00d1b097b4410b3a63446d7c57d093972a9744fcd2d74f4a5e2ec163610e6d6327e65fbfffffffffff0a000000000000000a000000000000000c3b020000000000ffffffffffffffff3600000000000000481f000000000000"
                    }
                },
                {
                    "key": "0xff1600a500ad00a40000000000000000000000000000000000000000000000",
                    "diff": {
                        "exp": "0x000000000000000000000000000000000000000000000000000000000000000000c380050000000000000000000000000000000000000000008e39020000000000000000000000000002000000a21e00001b1f000000000000",
                        "got": "0x"
                    }
                }
            ]
        }
    }
}