{
    "config": {
        "seed": "1766479507_6139",
        "max_steps": 1000000,
        "safrole": false,
        "profile": {
            "full": null
        },
        "fuzzy_profile": {
            "rand": null
        },
        "max_work_items": 5,
        "mutation_ratio": 0.1,
        "max_mutations": 5
    },
    "stats": {
        "steps": 39,
        "imported": 13,
        "import_max_step": 39,
        "import_min": 1.51796,
        "import_max": 75.622691,
        "import_mean": 10.185419615384614,
        "import_p50": 4.713,
        "import_p75": 6.845,
        "import_p90": 10.836,
        "import_p99": 75.622,
        "import_std_dev": 19.893549659310857
    },
    "target": {
        "info": {
            "fuzz_version": 1,
            "fuzz_features": 2,
            "jam_version": {
                "major": 0,
                "minor": 7,
                "patch": 2
            },
            "app_version": {
                "major": 0,
                "minor": 3,
                "patch": 8
            },
            "app_name": "vinwolf-target"
        },
        "stats": {
            "steps": 39,
            "imported": 13,
            "import_max_step": 21,
            "import_min": 1.87226,
            "import_max": 20.363582,
            "import_mean": 8.276301461538463,
            "import_p50": 7.648,
            "import_p75": 13.824,
            "import_p90": 15.725,
            "import_p99": 20.363,
            "import_std_dev": 6.117912004762539
        }
    },
    "error": {
        "state_diff": {
            "roots": {
                "exp": "0x350566d0db1121953f9a0a0e4c4d62e9d8f480e89693ebad041a22226ce88ab3",
                "got": "0xc5b885bf6cc23dd5c954cf43f1443007eab176118848754c60abf3951436a8df"
            },
            "keyvals": [
                {
                    "key": "0x04000000000000000000000000000000000000000000000000000000000000",
                    "diff": {
                        "exp": "0x9326edb21e5541717fde24ec085000b28709847b8aab1ac51f84e94b37ca1b66cab2b9ff25c2410fbe9b8a717abb298c716a03983c98ceb4def2087500b8e34100000000000000000000000000000000000000000000000000000000000000000000000000000000000000000000000000000000000000000000000000000000000000000000000000000000000000000000000000000000000000000000000000000000000000000000000000000000000000000000000000000000000000000000000000000000000000000000000000000000000000000000ffff7f000001429c0000000000000000000000000000000000000000000000000000000000000000000000000000000000000000000000000000000000000000000000000000000000000000000000000000000000000000000000000000000000000000000000000000000000000000000000000000dee6d555b82024f1ccf8a1e37e60fa60fd40b1958c4bb3006af78647950e1b91ad93247bd01307550ec7acd757ce6fb805fcf73db364063265b30a949e90d93300000000000000000000000000000000000000000000000000000000000000000000000000000000000000000000000000000000000000000000000000000000000000000000000000000000000000000000000000000000000000000000000000000000000000000000000000000000000000000000000000000000000000000000000000000000000000000000000000000000000000000000ffff7f000001419c00000000000000000000000000000000000000000000000000000000000000000000000000000000000000000000000000000000000000000000000000000000000000000000000000000000000000000000000000000000000000000000000000000000000000000000000000002105650944fcd101621fd5bb3124c9fd191d114b7ad936c1d79d734f9f21392eab0084d01534b31c1dd87c81645fd762482a90027754041ca1b56133d0466c0600000000000000000000000000000000000000000000000000000000000000000000000000000000000000000000000000000000000000000000000000000000000000000000000000000000000000000000000000000000000000000000000000000000000000000000000000000000000000000000000000000000000000000000000000000000000000000000000000000000000000000000ffff7f000001459c0000000000000000000000000000000000000000000000000000000000000000000000000000000000000000000000000000000000000000000000000000000000000000000000000000000000000000000000000000000000000000000000000000000000000000000000000000151e5c8fe2b9d8a606966a79edd2f9e5db47e83947ce368ccba53bf6ba20a40b8b8c5d436f92ecf605421e873a99ec528761eb52a88a2f9a057b3b3003e6f32a00000000000000000000000000000000000000000000000000000000000000000000000000000000000000000000000000000000000000000000000000000000000000000000000000000000000000000000000000000000000000000000000000000000000000000000000000000000000000000000000000000000000000000000000000000000000000000000000000000000000000000000ffff7f000001449c0000000000000000000000000000000000000000000000000000000000000000000000000000000000000000000000000000000000000000000000000000000000000000000000000000000000000000000000000000000000000000000000000000000000000000000000000000ff71c6c03ff88adb5ed52c9681de1629a54e702fc14729f6b50d2f0a76f185b34418fb8c85bb3985394a8c2756d3643457ce614546202a2f50b093d762499ace00000000000000000000000000000000000000000000000000000000000000000000000000000000000000000000000000000000000000000000000000000000000000000000000000000000000000000000000000000000000000000000000000000000000000000000000000000000000000000000000000000000000000000000000000000000000000000000000000000000000000000000ffff7f000001409c00000000000000000000000000000000000000000000000000000000000000000000000000000000000000000000000000000000000000000000000000000000000000000000000000000000000000000000000000000000000000000000000000000000000000000000000000000746846d17469fb2f95ef365efcab9f4e22fa1feb53111c995376be8019981ccf30aa5444688b3cab47697b37d5cac5707bb3289e986b19b17db437206931a8d00000000000000000000000000000000000000000000000000000000000000000000000000000000000000000000000000000000000000000000000000000000000000000000000000000000000000000000000000000000000000000000000000000000000000000000000000000000000000000000000000000000000000000000000000000000000000000000000000000000000000000000ffff7f000001439c00000000000000000000000000000000000000000000000000000000000000000000000000000000000000000000000000000000000000000000000000000000000000000000000000000000000000000000000000000000000000000000000000000000000000000000000000008b33c990d4053b4096ac09f09c188789a01eb972d33d187a2c83bc56bf4e353627b3f2cea110b2a7a5e4aae3ace52b418e80cd99bfccb1c9e1e10217c10ba46168f9cf290652c8a8764225c0207cc0fa5c8804f4fd42ce27f8ea6d2ad3df2a3292e630ae2b14e758ab0960e372172203f4c9a41777dadd529971d7ab9d23ab29fe0e9c85ec450505dde7f5ac038274cf01dee6d555b82024f1ccf8a1e37e60fa60fd40b1958c4bb3006af78647950e1b919326edb21e5541717fde24ec085000b28709847b8aab1ac51f84e94b37ca1b66ff71c6c03ff88adb5ed52c9681de1629a54e702fc14729f6b50d2f0a76f185b32105650944fcd101621fd5bb3124c9fd191d114b7ad936c1d79d734f9f21392edee6d555b82024f1ccf8a1e37e60fa60fd40b1958c4bb3006af78647950e1b910746846d17469fb2f95ef365efcab9f4e22fa1feb53111c995376be8019981cc2105650944fcd101621fd5bb3124c9fd191d114b7ad936c1d79d734f9f21392e9326edb21e5541717fde24ec085000b28709847b8aab1ac51f84e94b37ca1b66151e5c8fe2b9d8a606966a79edd2f9e5db47e83947ce368ccba53bf6ba20a40bff71c6c03ff88adb5ed52c9681de1629a54e702fc14729f6b50d2f0a76f185b30746846d17469fb2f95ef365efcab9f4e22fa1feb53111c995376be8019981cc151e5c8fe2b9d8a606966a79edd2f9e5db47e83947ce368ccba53bf6ba20a40b00",