{
    "config": {
        "seed": "42",
        "profile": {
            "empty": null
        },
        "safrole": false,
        "max_work_items": 1,
        "max_service_keys": 10,
        "mutation_ratio": 0.1,
        "max_mutations": 0,
        "max_steps": 10000
    },
    "stats": {
        "steps": 1,
        "imported": 1,
        "import_max_step": 1,
        "import_min": 7.667882,
        "import_max": 7.667882,
        "import_mean": 7.667882,
        "import_p50": 7.667882,
        "import_p75": 0.0,
        "import_p90": 7.667882,
        "import_p99": 0.0,
        "import_std_dev": 0.0
    },
    "target": {
        "info": {
            "fuzz_version": 1,
            "fuzz_features": 2,
            "jam_version": {
                "major": 0,
                "minor": 7,
                "patch": 0
            },
            "app_version": {
                "major": 0,
                "minor": 0,
                "patch": 1
            },
            "app_name": "strawberry"
        },
        "stats": {
            "steps": 1,
            "imported": 1,
            "import_max_step": 1,
            "import_min": 47.351863,
            "import_max": 47.351863,
            "import_mean": 47.351863,
            "import_p50": 47.351863,
            "import_p75": 0.0,
            "import_p90": 47.351863,
            "import_p99": 0.0,
            "import_std_dev": 0.0
        }
    },
    "state_diff": {
        "roots": {
            "exp": "0xba56efe6d720b82c9057751576de22a6114d67e207ea18a7fb12a7115377fe97",
            "got": "0x8b538ffc587a592fb932b9583e0d8c393356505a03cf8977be8828a0dd54d3a2"
        },
        "keyvals": [
            {
                "key": "0x004400b500a400aaa0d7f8eab5ca1cca4a0472988422febc68a6b6a944cabf",
                "diff": {
                    "exp": "0x24a7db6b",
                    "got": "0xee9cbeda"
                }
            },
            {
                "key": "0x007700fd00f000226f624b410cf246d8ecc525935a5267aaf79d40cff42f42",
                "diff": {
                    "exp": "0x",
                    "got": "0x00"
                }
            },
            {
                "key": "0x0d000000000000000000000000000000000000000000000000000000000000",
                "diff": {
                    "exp": "0x01000000000000000000000000000000010000000300000000000000000000000000000000000000020000000200000000000000000000000000000000000000020000000300000002000000000000000000000000000000010000000200000000000000000000000000000000000000010000000200000001000000000000000000000000000000020000000200000000000000000000000000000000000000000000000000000000000000000000000000000000000000000000000000000000000000000000000000000000000000000000000000000000000000000000000000000000000000000000000000000000000000000000000000000000000000000000000000000000000000000000000000000000000000000000000000000081a80500000000000081a8060000000081a8b6aa0300000000000001b6aa0000000002c054e20000faa6db6b00000000000000000000010024a7db6b000000000000000000000100",
                    "got": "0x01000000000000000000000000000000010000000300000000000000000000000000000000000000020000000200000000000000000000000000000000000000020000000300000002000000000000000000000000000000010000000200000000000000000000000000000000000000010000000200000001000000000000000000000000000000020000000200000000000000000000000000000000000000000000000000000000000000000000000000000000000000000000000000000000000000000000000000000000000000000000000000000000000000000000000000000000000000000000000000000000000000000000000000000000000000000000000000000000000000000000000000000000000000000000000000000081a80500000000000081a8060000000081a8b6aa0200000000000001b6aa0000000002c08fe20000ee9cbeda000000000000000000000100"
                }
            },
            {
                "key": "0x2477a7fddbf06b226f624b410cf246d8ecc525935a5267aaf79d40cff42f42",
                "diff": {
                    "exp": "0x00",
                    "got": "0x"
                }
            },
            {
                "key": "0xfa77a6fddbf06b226f624b410cf246d8ecc525935a5267aaf79d40cff42f42",
                "diff": {
                    "exp": "0x00",
                    "got": "0x"
                }
            },
            {
                "key": "0xff000000000000000000000000000000000000000000000000000000000000",
                "diff": {
                    "exp": "0x2f46b4ee8c502d0b9e66c78823b4959e22c101d9a3d1b82554b1912cc11f6eb5f91cfcffffffffff0a000000000000000a00000000000000d077020000000000ffffffffffffffff05000000000000000400000000000000",
                    "got": "0x2f46b4ee8c502d0b9e66c78823b4959e22c101d9a3d1b82554b1912cc11f6eb5a99dfdffffffffff0a000000000000000a00000000000000d077020000000000ffffffffffffffff05000000000000000400000000000000"
                }
            },
            {
                "key": "0xff18009d00be00da0000000000000000000000000000000000000000000000",
                "diff": {
                    "exp": "0x",
                    "got": "0xc66e2745966b4e123809c843f0461394ce8c00df7db6e167614676a569fae4c62b3101000000000010270000000000001027000000000000b330010000000000000000000000000002000000040000000000000000000000"
                }
            },
            {
                "key": "0xff2400a700db006b0000000000000000000000000000000000000000000000",
                "diff": {
                    "exp": "0xc66e2745966b4e123809c843f0461394ce8c00df7db6e167614676a569fae4c6563702000000000010270000000000001027000000000000b330010000000000000000000000000002000000040000000000000000000000",
                    "got": "0x"
                }
            },
            {
                "key": "0xffee009c00be00da0000000000000000000000000000000000000000000000",
                "diff": {
                    "exp": "0x",
                    "got": "0xc66e2745966b4e123809c843f0461394ce8c00df7db6e167614676a569fae4c62b3101000000000010270000000000001027000000000000b330010000000000000000000000000002000000040000000000000000000000"
                }
            },
            {
                "key": "0xfffa00a600db006b0000000000000000000000000000000000000000000000",
                "diff": {
                    "exp": "0xc66e2745966b4e123809c843f0461394ce8c00df7db6e167614676a569fae4c6b0ab01000000000010270000000000001027000000000000b330010000000000000000000000000002000000040000000000000000000000",
                    "got": "0x"
                }
            }
        ]
    },
    "import_diff": null
}
