{
    "config": {
        "seed": "42",
        "profile": {
            "empty": null
        },
        "safrole": false,
        "max_work_items": 1,
        "max_service_keys": 10,
        "mutation_ratio": 0.1,
        "max_mutations": 0,
        "max_steps": 10000
    },
    "stats": {
        "steps": 1,
        "imported": 1,
        "import_max_step": 1,
        "import_min": 8.523114999999999,
        "import_max": 8.523114999999999,
        "import_mean": 8.523114999999999,
        "import_p50": 8.523114999999999,
        "import_p75": 0.0,
        "import_p90": 8.523114999999999,
        "import_p99": 0.0,
        "import_std_dev": 0.0
    },
    "target": {
        "info": {
            "fuzz_version": 1,
            "fuzz_features": 2,
            "jam_version": {
                "major": 0,
                "minor": 7,
                "patch": 0
            },
            "app_version": {
                "major": 0,
                "minor": 0,
                "patch": 12
            },
            "app_name": "spacejam"
        },
        "stats": {
            "steps": 1,
            "imported": 1,
            "import_max_step": 1,
            "import_min": 3.577649,
            "import_max": 3.577649,
            "import_mean": 3.577649,
            "import_p50": 3.577649,
            "import_p75": 0.0,
            "import_p90": 3.577649,
            "import_p99": 0.0,
            "import_std_dev": 0.0
        }
    },
    "state_diff": {
        "roots": {
            "exp": "0x5711000cfeae6374d13513c905b9a5e00649946b90d9e5da4b46d34b6354fee2",
            "got": "0xc62b99ae66f4be394ccb766ef5f435c78b9306c855511b2e3e2ffe5fdd770c62"
        },
        "keyvals": [
            {
                "key": "0x0d000000000000000000000000000000000000000000000000000000000000",
                "diff": {
                    "exp": "0x000000000000000000000000000000000200000007000000030000000000000000000000000000000200000005000000010000000000000000000000000000000200000005000000000000000000000000000000000000000300000006000000020000000000000000000000000000000300000005000000010000000000000000000000000000000300000003000000020000000000000004000000d0980500050000000a00000000000000000000000000000000000000060000000900000001000000000000000000000000000000050000000a00000004000000000000000200000068cc0200060000000a00000002000000000000000000000000000000050000000900000002000000000000000000000000000000060000000900000081070600000000810788e2000000000000810788e203f4c6469000000188e200000000000000002f1b96a200000000000000000000019da62cc2eef700000188e20000000001c05e650000",
                    "got": "0x000000000000000000000000000000000200000007000000030000000000000000000000000000000200000005000000010000000000000000000000000000000200000005000000000000000000000000000000000000000300000006000000020000000000000000000000000000000300000005000000010000000000000000000000000000000300000003000000020000000000000004000000d0980500050000000a00000000000000000000000000000000000000060000000900000001000000000000000000000000000000050000000a00000004000000000000000200000068cc0200060000000a00000002000000000000000000000000000000050000000900000002000000000000000000000000000000060000000900000081070600000000810788e2000000000000810788e202f4c6469000000188e200000000000000002cc2eef700000188e20000000001bcc90000"
                }
            },
            {
                "key": "0x2c6ac2aeeea3f7b8c876e335de632eac1b2705f8a5476ffb5c0499d95bd432",
                "diff": {
                    "exp": "0xc4d38bdad0ec4cb6",
                    "got": "0x2054535a4e1981d3"
                }
            },
            {
                "key": "0x2f661be3964ca22422b3b7984e6961c6789c2c7242d8374714705c9161d2a7",
                "diff": {
                    "exp": "0x2cc2eef70b5a000000000000676966742c20613d2c20623d72656164206f6620203c3d207065656b706f6b65646174612028307802000000000000000000000000000000020000000000000000000000000000000000000000000000200000e00000000002000000000000000000000000000000000008000000000000000000000000000100000000000000",
                    "got": "0x"
                }
            },
            {
                "key": "0xff2c00c200ee00f70000000000000000000000000000000000000000000000",
                "diff": {
                    "exp": "0x6c322032f9ffb452de811d2db63f5b654aefeeff6195f50f19c2c8598d0b8ae57c4e020000000000102700000000000010270000000000004667010000000000000000000000000006000000030000001200000000000000",
                    "got": "0x6c322032f9ffb452de811d2db63f5b654aefeeff6195f50f19c2c8598d0b8ae587a8020000000000102700000000000010270000000000004667010000000000000000000000000006000000030000001200000000000000"
                }
            },
            {
                "key": "0xff2f001b009600a20000000000000000000000000000000000000000000000",
                "diff": {
                    "exp": "0x6c322032f9ffb452de811d2db63f5b654aefeeff6195f50f19c2c8598d0b8ae5a415020000000000102700000000000010270000000000003567010000000000000000000000000003000000050000000000000000000000",
                    "got": "0x6c322032f9ffb452de811d2db63f5b654aefeeff6195f50f19c2c8598d0b8ae599bb010000000000102700000000000010270000000000008566010000000000000000000000000002000000050000000000000000000000"
                }
            }
        ]
    },
    "import_diff": null
}
