{
    "config": {
        "seed": "42",
        "profile": {
            "Empty": null
        },
        "safrole": false,
        "max_work_items": 1,
        "max_service_keys": 10,
        "mutation_ratio": 0.1,
        "max_mutations": 0,
        "max_steps": 10000
    },
    "stats": {
        "steps": 1,
        "imported": 1,
        "import_max_step": 1,
        "import_min": 174.29862300000002,
        "import_max": 174.29862300000002,
        "import_mean": 174.29862300000002,
        "import_p50": 174.29862300000002,
        "import_p75": 0.0,
        "import_p90": 174.29862300000002,
        "import_p99": 0.0,
        "import_std_dev": 0.0
    },
    "target": {
        "info": {
            "name": "jamzig-target",
            "app_version": {
                "major": 0,
                "minor": 1,
                "patch": 0
            },
            "jam_version": {
                "major": 0,
                "minor": 7,
                "patch": 0
            }
        },
        "stats": {
            "steps": 1,
            "imported": 1,
            "import_max_step": 1,
            "import_min": 455.125516,
            "import_max": 455.125516,
            "import_mean": 455.125516,
            "import_p50": 455.125516,
            "import_p75": 0.0,
            "import_p90": 455.125516,
            "import_p99": 0.0,
            "import_std_dev": 0.0
        }
    },
    "diff": {
        "roots": {
            "exp": "0x277bfbd9d104fbef110518021ab69389bb76c18c3c11b45badafa63989d1f669",
            "got": "0x84b69b19140c1d152daaf3ffc5d4a2c0ff77e3e329359f2dde592faad89e03aa"
        },
        "keyvals": [
            {
                "key": "0x2406e9c948b88ecc5bbb508d9cd48393b571b4e32a08582d28750eadf81035",
                "diff": {
                    "exp": "0xf7ffffffffffffff",
                    "got": "0xfcffffffffffffff"
                }
            }
        ]
    }
}
