{
    "config": {
        "seed": "42",
        "profile": {
            "fuzzy": null
        },
        "safrole": false,
        "max_work_items": 1,
        "max_service_keys": 10,
        "mutation_ratio": 0.1,
        "max_mutations": 0,
        "max_steps": 10000
    },
    "stats": {
        "steps": 1,
        "imported": 1,
        "import_max_step": 1,
        "import_min": 9.120644,
        "import_max": 9.120644,
        "import_mean": 9.120644,
        "import_p50": 9.120644,
        "import_p75": 0.0,
        "import_p90": 9.120644,
        "import_p99": 0.0,
        "import_std_dev": 0.0
    },
    "target": {
        "info": {
            "fuzz_version": 1,
            "fuzz_features": 2,
            "jam_version": {
                "major": 0,
                "minor": 7,
                "patch": 1
            },
            "app_version": {
                "major": 0,
                "minor": 3,
                "patch": 4
            },
            "app_name": "JavaJAM"
        },
        "stats": {
            "steps": 1,
            "imported": 1,
            "import_max_step": 1,
            "import_min": 6.471685,
            "import_max": 6.471685,
            "import_mean": 6.471685,
            "import_p50": 6.471685,
            "import_p75": 0.0,
            "import_p90": 6.471685,
            "import_p99": 0.0,
            "import_std_dev": 0.0
        }
    },
    "state_diff": {
        "roots": {
            "exp": "0x6bb23d707c959515131bcb947ee595b18ae8f4231dc5b79c05cac5634d2f68b4",
            "got": "0x468b5c0a34b93361ff6d1b0246e64e08f4d473a3238f2b9d2fbb67373e997e7a"
        },
        "keyvals": [
            {
                "key": "0x0d000000000000000000000000000000000000000000000000000000000000",
                "diff": {
                    "exp": "0x010000000000000000000000000000000100000001000000000000000000000000000000000000000100000001000000000000000000000000000000000000000200000001000000010000000000000000000000000000000100000001000000000000000000000000000000000000000200000001000000000000000000000000000000000000000200000001000000000000000000000000000000000000000000000000000000000000000000000000000000000000000000000000000000000000000000000000000000000000000000000000000000000000000000000000000000000000000000000000000000000000000000000000000000000000000000000000000000000000000000000000000000000000000000000000000000817b060000000081179b2680f70500000000000001000000000000019b260000000002c021ce",
                    "got": "0x010000000000000000000000000000000100000001000000000000000000000000000000000000000100000001000000000000000000000000000000000000000200000001000000010000000000000000000000000000000100000001000000000000000000000000000000000000000200000001000000000000000000000000000000000000000200000001000000000000000000000000000000000000000000000000000000000000000000000000000000000000000000000000000000000000000000000000000000000000000000000000000000000000000000000000000000000000000000000000000000000000000000000000000000000000000000000000000000000000000000000000000000000000000000000000000000817b060000000081179b2680f70500000000000001000000000000019b260000000002c0e6a7"
                }
            }
        ]
    },
    "import_diff": null
}
