{
    "config": {
        "seed": "42",
        "max_steps": 4294967295,
        "safrole": false,
        "profile": {
            "full": null
        },
        "fuzzy_profile": {
            "full": null
        },
        "max_work_items": 3,
        "mutation_ratio": 0.0,
        "max_mutations": 0
    },
    "stats": {
        "steps": 2,
        "imported": 1,
        "import_max_step": 2,
        "import_min": 12.034886,
        "import_max": 12.034886,
        "import_mean": 12.034886,
        "import_p50": 12.034886,
        "import_p75": 0.0,
        "import_p90": 12.034886,
        "import_p99": 0.0,
        "import_std_dev": 0.0
    },
    "target": {
        "info": {
            "fuzz_version": 1,
            "fuzz_features": 2,
            "jam_version": {
                "major": 0,
                "minor": 7,
                "patch": 2
            },
            "app_version": {
                "major": 0,
                "minor": 3,
                "patch": 5
            },
            "app_name": "duna-target"
        },
        "stats": {
            "steps": 2,
            "imported": 1,
            "import_max_step": 2,
            "import_min": 180.60602500000002,
            "import_max": 180.60602500000002,
            "import_mean": 180.60602500000002,
            "import_p50": 180.60602500000002,
            "import_p75": 0.0,
            "import_p90": 180.60602500000002,
            "import_p99": 0.0,
            "import_std_dev": 0.0
        }
    },
    "error": {
        "state_diff": {
            "roots": {
                "exp": "0x6f5cfd7c5b97ee699e1866e8418e757016763e273017fce985c96d754691fd94",
                "got": "0x5e13304beeae06dcfbce6c6bcdf4d509b614976e6c5772d59ccd1703fa1ed000"
            },
            "keyvals": [
                {
                    "key": "0x0d000000000000000000000000000000000000000000000000000000000000",
                    "diff": {
                        "exp": "0x01000000000000000000000000000000030000000400000003000000000000000000000000000000020000000500000000000000000000000000000000000000020000000500000001000000000000000000000000000000020000000300000000000000000000000000000000000000010000000500000000000000000000000000000000000000020000000500000001000000000000000000000000000000020000000b00000003000000000000000000000000000000030000000b00000004000000000000000000000000000000060000000a00000001000000000000000000000000000000060000000b00000002000000000000000000000000000000070000000a00000001000000000000000000000000000000030000000b000000851b06000e839800873c96ae8c6e0600128292008826ae380700000000000000000000000001b321d732a81e0000018b9900022c0000001104b54a0000018b9900044e0001c086ebe8c0b06a000000000000000001c05cfee98b35b000000296ae0011836f000000138c35b00000018b990001390000001bf3aacc0000018b6d000882080002c0d254",
                        "got": "0x01000000000000000000000000000000030000000400000003000000000000000000000000000000020000000500000000000000000000000000000000000000020000000500000001000000000000000000000000000000020000000300000000000000000000000000000000000000010000000500000000000000000000000000000000000000020000000500000001000000000000000000000000000000020000000b00000003000000000000000000000000000000030000000b00000004000000000000000000000000000000060000000a00000001000000000000000000000000000000060000000b00000002000000000000000000000000000000070000000a00000001000000000000000000000000000000030000000b000000851b06000e839800873c96ae8c6e0600128292008826ae380700000000000000000000000001b321d732a81e0000018b9900022c0000001104b54a0000018b9900044e0001c01cf2e8c0b06a000000000000000001c05cfee98b35b000000296ae0011836f000000138c35b00000018b990001390000001bf3aacc0000018b6d000882080002c0d254"
                    }
                },
                {
                    "key": "0x11d70445b5b74afec13e507a95e86ec03add50794acc76edd9370aca5ecbf2",
                    "diff": {
                        "exp": "0xe483e60c319b5c70",
                        "got": "0xec9e4139bd971c5e"
                    }
                }
            ]
        }
    }
}