{
    "config": {
        "seed": "42",
        "profile": {
            "empty": null
        },
        "safrole": false,
        "max_work_items": 1,
        "max_service_keys": 10,
        "mutation_ratio": 0.1,
        "max_mutations": 0,
        "max_steps": 10000
    },
    "stats": {
        "steps": 1,
        "imported": 1,
        "import_max_step": 1,
        "import_min": 18.744111,
        "import_max": 18.744111,
        "import_mean": 18.744111,
        "import_p50": 18.744111,
        "import_p75": 0.0,
        "import_p90": 18.744111,
        "import_p99": 0.0,
        "import_std_dev": 0.0
    },
    "target": {
        "info": {
            "fuzz_version": 1,
            "fuzz_features": 2,
            "jam_version": {
                "major": 0,
                "minor": 7,
                "patch": 0
            },
            "app_version": {
                "major": 0,
                "minor": 1,
                "patch": 0
            },
            "app_name": "boka-fuzzing-target"
        },
        "stats": {
            "steps": 1,
            "imported": 1,
            "import_max_step": 1,
            "import_min": 51.274637,
            "import_max": 51.274637,
            "import_mean": 51.274637,
            "import_p50": 51.274637,
            "import_p75": 0.0,
            "import_p90": 51.274637,
            "import_p99": 0.0,
            "import_std_dev": 0.0
        }
    },
    "state_diff": {
        "roots": {
            "exp": "0xee0e1c762a776a2443b02c6ae584673a48343c860b6c00fbb7fdb58e784f0604",
            "got": "0x37033b1ad6fa91a8df2c5bdd51ab5cf869b0c8b04d14cbc1153a71d6c6fd7186"
        },
        "keyvals": [
            {
                "key": "0x0d000000000000000000000000000000000000000000000000000000000000",
                "diff": {
                    "exp": "0x02000000000000000000000000000000060000000900000002000000000000000000000000000000040000000a00000001000000000000000000000000000000040000000900000001000000000000000000000000000000040000000900000002000000000000000000000000000000060000000800000002000000000000000000000000000000060000000a00000001000000000000000000000000000000040000000a00000003000000000000000000000000000000040000000700000002000000000000000000000000000000040000000900000003000000000000000000000000000000020000000a00000000000000000000000000000000000000020000000900000003000000000000000000000000000000020000000800000081f10600000000812e924a00000000000000000678a7db6b000000000000000001ad640000cca7db6b000000000000000001c0c05a0000f6a7db6b000001890f0000000001c1a60400008c2ae7be000000000000000001c075590000b62ae7be000000000000000001ad1c0000e02ae7be000001893b0000000000000000",
                    "got": "0x02000000000000000000000000000000060000000900000002000000000000000000000000000000040000000a00000001000000000000000000000000000000040000000900000001000000000000000000000000000000040000000900000002000000000000000000000000000000060000000800000002000000000000000000000000000000060000000a00000001000000000000000000000000000000040000000a00000003000000000000000000000000000000040000000700000002000000000000000000000000000000040000000900000003000000000000000000000000000000020000000a00000000000000000000000000000000000000020000000900000003000000000000000000000000000000020000000800000081f10600000000812e924a00000000000000000678a7db6b000000000000000001adf80000cca7db6b000000000000000001c0eb5b0000f6a7db6b000001890f0000000001c15f0500008c2ae7be000000000000000001c0785a0000b62ae7be000000000000000001adb00000e02ae7be000001893b0000000000000000"
                }
            }
        ]
    },
    "import_diff": null
}
