{
    "config": {
        "seed": "42",
        "max_steps": 4294967295,
        "safrole": false,
        "profile": {
            "full": null
        },
        "fuzzy_profile": {
            "full": null
        },
        "max_work_items": 3,
        "mutation_ratio": 0.0,
        "max_mutations": 0
    },
    "stats": {
        "steps": 3,
        "imported": 1,
        "import_max_step": 3,
        "import_min": 6.809898,
        "import_max": 6.809898,
        "import_mean": 6.809898,
        "import_p50": 6.809898,
        "import_p75": 0.0,
        "import_p90": 6.809898,
        "import_p99": 0.0,
        "import_std_dev": 0.0
    },
    "target": {
        "info": {
            "fuzz_version": 1,
            "fuzz_features": 2,
            "jam_version": {
                "major": 0,
                "minor": 7,
                "patch": 2
            },
            "app_version": {
                "major": 0,
                "minor": 2,
                "patch": 6
            },
            "app_name": "Jamixir"
        },
        "stats": {
            "steps": 3,
            "imported": 1,
            "import_max_step": 3,
            "import_min": 32.374417,
            "import_max": 32.374417,
            "import_mean": 32.374417,
            "import_p50": 32.374417,
            "import_p75": 0.0,
            "import_p90": 32.374417,
            "import_p99": 0.0,
            "import_std_dev": 0.0
        }
    },
    "error": {
        "state_diff": {
            "roots": {
                "exp": "0x406389cb97515d3f1268aea28e44c1ff300e8ef5a29c6a19ee662f1fe4660cb2",
                "got": "0xae78716df504e8b50b9872bd8b82e13199605ed453b073cb71cd02c44c65a53b"
            },
            "keyvals": [
                {
                    "key": "0x0d000000000000000000000000000000000000000000000000000000000000",
                    "diff": {
                        "exp": "0x02000000000000000000000000000000020000000400000001000000000000000000000000000000020000000500000001000000000000000100000013000000050000000500000000000000000000000000000000000000040000000500000001000000000000000000000000000000040000000500000000000000000000000000000000000000020000000500000000000000000000000000000000000000050000000c00000002000000000000000000000000000000080000000b0000000200000000000000010000003d390200050000000a00000004000000000000000000000000000000080000000b0000000200000000000000010000003d390200080000000b00000002000000000000000000000000000000040000000c000000b7a2050014846f00b602c0248600040000000000000700000000000000000000000001c06140d643a915000000000000000001a9e3137a52910000018b5a000581520000009d7008a0000000000000000001b4abc77008a00000018b5a000580f3000000a473eab50000018b2e00098211000000265f30bb000001c042640001190001c06140",
                        "got": "0x02000000000000000000000000000000020000000400000001000000000000000000000000000000020000000500000001000000000000000100000013000000050000000500000000000000000000000000000000000000040000000500000001000000000000000000000000000000040000000500000000000000000000000000000000000000020000000500000000000000000000000000000000000000050000000c00000002000000000000000000000000000000080000000b0000000200000000000000010000003d390200050000000a00000004000000000000000000000000000000080000000b0000000200000000000000010000003d390200080000000b00000002000000000000000000000000000000040000000c000000b7a2050014846f00b602c0248600040000000000000700000000000000000000000001c06140d643a915000000000000000001a9e3137a52910000018b5a000581520000009d7008a0000000000000000001b4abc77008a00000018b5a000580f3000000a473eab50000018b2e00098211000000265f30bb000001c042640001190001c06240"
                    }
                }
            ]
        }
    }
}