{
    "config": {
        "seed": "42",
        "profile": {
            "Empty": null
        },
        "safrole": false,
        "max_work_items": 1,
        "max_service_keys": 10,
        "mutation_ratio": 0.1,
        "max_mutations": 0,
        "max_steps": 10000
    },
    "stats": {
        "steps": 1,
        "imported": 1,
        "import_max_step": 1,
        "import_min": 9.656843,
        "import_max": 9.656843,
        "import_mean": 9.656843,
        "import_p50": 9.656843,
        "import_p75": 0.0,
        "import_p90": 9.656843,
        "import_p99": 0.0,
        "import_std_dev": 0.0
    },
    "target": {
        "info": {
            "name": "spacejam",
            "app_version": {
                "major": 0,
                "minor": 0,
                "patch": 10
            },
            "jam_version": {
                "major": 0,
                "minor": 7,
                "patch": 0
            }
        },
        "stats": {
            "steps": 1,
            "imported": 1,
            "import_max_step": 1,
            "import_min": 2.609584,
            "import_max": 2.609584,
            "import_mean": 2.609584,
            "import_p50": 2.609584,
            "import_p75": 0.0,
            "import_p90": 2.609584,
            "import_p99": 0.0,
            "import_std_dev": 0.0
        }
    },
    "diff": {
        "roots": {
            "exp": "0x72b3ae00e148160b164cfdb1861b4c4284b6b59b76124b17c1385d275f2f6324",
            "got": "0x658b5527352bc9d1da18588a590a58c266c3ea11562fa297e59fbf8c538b134b"
        },
        "keyvals": [
            {
                "key": "0x03000000000000000000000000000000000000000000000000000000000000",
                "diff": {
                    "exp": "0x0809e1b35900c357fa065ccf1035574ad43b1a6bde5cac10ab84d6c5fe12a7cc6f0bfeb6f6cf2ba235c48fcef944dabaedd6efc89e911960e46f0d3c7d9e52094ac12b7d455e2812ff2a5452a72b582c955156da92d772dfe23717debc08d8f8c402103db5f039985d3a838cb2ee6d5c7e0b898e5755252b6a5c007a4c75980f2d930000000000000000000000000000000000000000000000000000000000000000c32644043388ae4daed010038414a985b8c5e0c108e8b3e289bd217f62e72324000000000000000000000000000000000000000000000000000000000000000035f1d6fed80dd7cdd9d96a0b589a8a9cd7fd26033f322997d064e37cb1b77f817d414c3113847a595ed678f9bb5f66d1fed978297fe637aa7b7685724340b15dce1ba413281be6b5001a4cdc4f98738e33e3b53cc6a575860c7ede39f0a013b502461a7a18a87fe867e1d6ca5141f701b832d43081ae218d9c244b07c98ec58cd70000000000000000000000000000000000000000000000000000000000000000eb3a79510c030ce109cc67e2aa6699fd8d4bbd21c3395dc340f345d681a72cf40000000000000000000000000000000000000000000000000000000000000000d8aeb952f7f865e7094e18d388840068f8ee10961408c6ad5fb8056c6d3eae827c3cd1449b51a95eefb6e324c40325b31279f8020fbd14d5e0d656edbe9816bb2f9ac9bb77ed3c904a46fae328cc53e0a7be4f3d3bbdd346ed46ae8b3d352e77019f14da6ae7274650c366cba6e4891f885cdae55d3f18dbad67814102f2bee13a000000000000000000000000000000000000000000000000000000000000000073696489f01d42eaea01f1383006b9c0c2447d7a6524c222e10d357cedaf1e1f5b3ebdd2837bc67f88a93b27c8daee6145f3c4e9a880d480b54a7d601cab525dba521e3d4de8f5612eac29113e5f102e32b0cb9706d62db677c3fe226333c0de01dbc566042bfd0c8a70b2a6ef7b6f13bf72f65a5c7b006ee6a4c7ff05efcb95f100000000000000000000000000000000000000000000000000000000000000004a87d61fdc993454d0199fd0346e55583d0293a0b588289a74e54d751c4c2864e14530accbb2a4f4bfb2ad1a625709edc6c16f8f39720afca846d14b0b37319b16406a312d5a5eaea7ab669840128bf38b57dc08ad69fd0ca1540e7fcf76ce16018e90b59dd10dd20094cf47c6b7cc8e636598c6f9452a44c0297250f627d9d34f00000000000000000000000000000000000000000000000000000000000000002df2c2a973133ea2069bc56d906de09cc908cf1cf79343603d5eccc0c4a5356c67c76976db572fdf8ae3243c2f00d72dfa503c8e968f9d10482f73451496e21433089003b6afc3ffb5c2fc67a91c4996ad61d8f9ffcaacea4031ce7ad4b5f310011aa2ad655a124e028ebf5b0f4f5b4483a3b03cdf03ed7f49b7a7020338b8c0c8000000000000000000000000000000000000000000000000000000000000000056147aa4db24e617dcf4b7b03c60bea54280b8fd96f8b72e2531878910986489378a3289d1fd75786f35cd0c8f244ac25230f940d14b1c8300caaaa1181a2c3c1f577d64fdc0573589963734d8d5c96fc28cd621b616804808a62cadc426587901fe3c18dc6a4ff0a10b7b540e6b829f2191f407b56355f61970d38e1fd98a8b3d0000000000000000000000000000000000000000000000000000000000000000a1702af0ab3bc0e6e994efb52d67fb68331b31ea0f23d4d6712f0b5718e0e1392bf5412022971efbc2eae2b13dd5fabc3f921cb683840b54c1a76820ef3e3f0a000000000000000000000000000000000000000000000000000000000000000001cc6884bd905aa1d4610ffff334b1e6e1bae8a23e9c8c6c28d5ac3473d9ef766600000000000000000000000000000000000000000000000000000000000000000800014abffebd18dc4a8e7e87f60a38d362acdc2c10735c582d73c233222e99997ca1014bebac8ebc0c117690c1c2987388d72da201e1571957820c1691541b74f850e8018a600caec569c90a3d8d34ab0ca199d6303a6b6eb356017eea611af52eaeda710165c3b194f6910870ed1089730a2a70f60f8cea24675ce5946ecafb69456a49540144cf06dd58140fc47a44d2950af3366568029a422afbac9a3254bba88fa8c17e000112c6a3318c7f39b36694a39fb1a3846796b8e97f1d70ed141db7b0851c28640e",