{
    "config": {
        "seed": "42",
        "profile": {
            "empty": null
        },
        "safrole": false,
        "max_work_items": 1,
        "max_service_keys": 10,
        "mutation_ratio": 0.1,
        "max_mutations": 0,
        "max_steps": 10000
    },
    "stats": {
        "steps": 1,
        "imported": 1,
        "import_max_step": 1,
        "import_min": 8.555549000000001,
        "import_max": 8.555549000000001,
        "import_mean": 8.555549000000001,
        "import_p50": 8.555549000000001,
        "import_p75": 0.0,
        "import_p90": 8.555549000000001,
        "import_p99": 0.0,
        "import_std_dev": 0.0
    },
    "target": {
        "info": {
            "fuzz_version": 1,
            "fuzz_features": 2,
            "jam_version": {
                "major": 0,
                "minor": 7,
                "patch": 0
            },
            "app_version": {
                "major": 0,
                "minor": 1,
                "patch": 15
            },
            "app_name": "PyJAMaz"
        },
        "stats": {
            "steps": 1,
            "imported": 1,
            "import_max_step": 1,
            "import_min": 68.933969,
            "import_max": 68.933969,
            "import_mean": 68.933969,
            "import_p50": 68.933969,
            "import_p75": 0.0,
            "import_p90": 68.933969,
            "import_p99": 0.0,
            "import_std_dev": 0.0
        }
    },
    "state_diff": {
        "roots": {
            "exp": "0x805077cb9aed3b02e556c9757980147e586e44297dceddead7190065b5d6def8",
            "got": "0xa1b4b9b413bf40a68ed96b79f6a1d83b7e1ac0fcb4656de361903b0ff05875d4"
        },
        "keyvals": [
            {
                "key": "0x03000000000000000000000000000000000000000000000000000000000000",
                "diff": {
                    "exp": "0x0807a9d1125d95831ec0a3609a4a4572b08aa5ec83158205933ad767e793fcdb6d1978bdc2f9989334b4d216e72a14297dd9b06c8feaf1f80cde76cf1057786a2b3b6ba7e233d5609f51c29a665a022fd50b86012fda27e72dc22f04fa26ad995b01b3a092b8b8df4503214c8c32b8bab3652d08ce3687187f89acea5a1b507f2ac30000000000000000000000000000000000000000000000000000000000000000de1826a29f5b20808518b91ab95cce161418d8cb3867a8de461a37bdca218923581f10ddd774befd80936ba02cd8521c6f16e1478e4a25c4d34421470f8f91c384c1ec73e72b977d6393e74c5c94b3288ecfe79372e040c9b3f7208942586151001b69e2ffaec6b32538472a2105b16820046cbf48e96cfbb632284985e303f342af12efad84a7187944db59215cf22af144e426afb078d796c5e72cb6c8386a8395a8d839ddb975f51ba5285aff28c1619eb4cb3ccdb0bf3f5bd54626b7fefe42024ddb172bf672931406825169d9072ebc1836266f6fa9f764a420f7ca3ae588320000000000000000000000000000000000000000000000000000000000000000d04afd785fcb2890b0963f557a8a5f5c70aa71e9dd64365296274cc5a6f4b418000000000000000000000000000000000000000000000000000000000000000098e623fd065eea1e1d708e53e593611a91838f68f4abc4fe5121e4ef097b3fa6dfd0fa29aa0b7bb8dfb1128ec8a455523e16e99eba05317ea7c03ceea78d936ba904e89cb8827c578d7da3c243ffe01c53b1a449cc64055c55fcda39c75a4c19005aabc6ac1f394b91999c7ba9f422bb023ba52f7126acad5c1aa36e817cc361febfbd17472c2f294fdc6c88f186363635de9848ab9cbd56cae431dc9c253e74afd2477a2d1e0bec633cf662779abacf357ed89b8d9032fd9a187946d08f2642da008af2a17b54856c3ed2451807bdcdcc9cab71d710a20f9a2a3c0a3aa479432e7dd936503a8bf2d01dc51549d90d6c2a990c5c816be916c492aa74f3888d197ddf909e4318b3c27b30914e1c6a80f126d08b4664eadeb6fb3900ae9f506d8075ac00b39c8633cfec1d1efeb96a123ff34b29b6db5d733e9be69168042803fceb54f2481900fd6eb76d5cce14fc53362bb2ff67357ec5ac54d585a6f477ccf92ea06c73e186c51d168e71c3b61f440dcfb8993b6f1497dbaeda90f1ed2c6c034e4d0e0150a752840aa82f55cb7329ba55a976c6a1e522e9eaf533bfde381e39fb6cce7f000000000000000000000000000000000000000000000000000000000000000049bbd3523c0debe7441e8eaaeb4a1eb9c36fef6a28e27a635f0ddacc140421b08945844dd9f1a148c1e44b4954212e9fa622f3299c749e2440daf33be1b9b0cb0000000000000000000000000000000000000000000000000000000000000000016cc645f1c4113eb7cdb09ca08e7ac912ee5f28161a3ecfa00464d5ae72ca505200000000000000000000000000000000000000000000000000000000000000000500000000018945844dd9f1a148c1e44b4954212e9fa622f3299c749e2440daf33be1b9b0cb",
                    "got": "0x08789f7fdc58d4502569baf7cb9b8e2d22d2ab14f1a4b495f29aad79ba70d257fb21ddb9a356815c3fac1026b6dec5df3124afbadb485c9ba5a3e3398a04b7ba85bcfa5c28b06e2f7c2812c95cb9ab51de09962bc14f0d7fc358d73ed1b836d5e50007a9d1125d95831ec0a3609a4a4572b08aa5ec83158205933ad767e793fcdb6d1978bdc2f9989334b4d216e72a14297dd9b06c8feaf1f80cde76cf1057786a2b3b6ba7e233d5609f51c29a665a022fd50b86012fda27e72dc22f04fa26ad995b01b3a092b8b8df4503214c8c32b8bab3652d08ce3687187f89acea5a1b507f2ac30000000000000000000000000000000000000000000000000000000000000000de1826a29f5b20808518b91ab95cce161418d8cb3867a8de461a37bdca218923581f10ddd774befd80936ba02cd8521c6f16e1478e4a25c4d34421470f8f91c384c1ec73e72b977d6393e74c5c94b3288ecfe79372e040c9b3f7208942586151001b69e2ffaec6b32538472a2105b16820046cbf48e96cfbb632284985e303f342af12efad84a7187944db59215cf22af144e426afb078d796c5e72cb6c8386a8395a8d839ddb975f51ba5285aff28c1619eb4cb3ccdb0bf3f5bd54626b7fefe42024ddb172bf672931406825169d9072ebc1836266f6fa9f764a420f7ca3ae588320000000000000000000000000000000000000000000000000000000000000000d04afd785fcb2890b0963f557a8a5f5c70aa71e9dd64365296274cc5a6f4b418000000000000000000000000000000000000000000000000000000000000000098e623fd065eea1e1d708e53e593611a91838f68f4abc4fe5121e4ef097b3fa6dfd0fa29aa0b7bb8dfb1128ec8a455523e16e99eba05317ea7c03ceea78d936ba904e89cb8827c578d7da3c243ffe01c53b1a449cc64055c55fcda39c75a4c19005aabc6ac1f394b91999c7ba9f422bb023ba52f7126acad5c1aa36e817cc361febfbd17472c2f294fdc6c88f186363635de9848ab9cbd56cae431dc9c253e74afd2477a2d1e0bec633cf662779abacf357ed89b8d9032fd9a187946d08f2642da008af2a17b54856c3ed2451807bdcdcc9cab71d710a20f9a2a3c0a3aa479432e7dd936503a8bf2d01dc51549d90d6c2a990c5c816be916c492aa74f3888d197ddf909e4318b3c27b30914e1c6a80f126d08b4664eadeb6fb3900ae9f506d8075ac00b39c8633cfec1d1efeb96a123ff34b29b6db5d733e9be69168042803fceb54f2481900fd6eb76d5cce14fc53362bb2ff67357ec5ac54d585a6f477ccf92ea06c00000000000000000000000000000000000000000000000000000000000000000150a752840aa82f55cb7329ba55a976c6a1e522e9eaf533bfde381e39fb6cce7f00000000000000000000000000000000000000000000000000000000000000000401c64d0af828d6bd55183416bc60465ce7ad2ecc6e0afdc1642b1ab81ea948441501ad3228b676f7d3cd4284a5443f17f1962b36e491b30a40b2405849e597ba5fb5011b5a5c0679a5013e9cbcad6708b0d31768bbd0cb318a861e5846b47a779625eb0121ddb9a356815c3fac1026b6dec5df3124afbadb485c9ba5a3e3398a04b7ba85"
                }
            },
            {
                "key": "0x06000000000000000000000000000000000000000000000000000000000000",
                "diff": {
                    "exp": "0x3c9c620d8e6e7561c2d07510db2f5425856e7fa1977629c71e630fd1ef5df6a738d7609c101f1da8c4214ed6bc9cb3d0e1d96555d2fa761bc8128f2af353a8bfe16115baa2dd433d74e9015e5f77afee169bf405648b3913fe892e1c8ad389ec6c18f2bb9074d1ad8eb303e92a8fe3bbca0f5c99b46181b0a414184c53a97392",
                    "got": "0xbc71cc8eee3f434b083b177010ebe89cb2021b8ea88d31eae35d0fc8502d0d2b38d7609c101f1da8c4214ed6bc9cb3d0e1d96555d2fa761bc8128f2af353a8bfe16115baa2dd433d74e9015e5f77afee169bf405648b3913fe892e1c8ad389ec6c18f2bb9074d1ad8eb303e92a8fe3bbca0f5c99b46181b0a414184c53a97392"
                }
            },
            {
                "key": "0x0a000000000000000000000000000000000000000000000000000000000000",