{
    "config": {
        "seed": "42",
        "max_steps": 4294967295,
        "safrole": false,
        "profile": {
            "full": null
        },
        "fuzzy_profile": {
            "full": null
        },
        "max_work_items": 3,
        "mutation_ratio": 0.0,
        "max_mutations": 0
    },
    "stats": {
        "steps": 3,
        "imported": 1,
        "import_max_step": 3,
        "import_min": 10.971972,
        "import_max": 10.971972,
        "import_mean": 10.971972,
        "import_p50": 10.971972,
        "import_p75": 0.0,
        "import_p90": 10.971972,
        "import_p99": 0.0,
        "import_std_dev": 0.0
    },
    "target": {
        "info": {
            "fuzz_version": 1,
            "fuzz_features": 2,
            "jam_version": {
                "major": 0,
                "minor": 7,
                "patch": 2
            },
            "app_version": {
                "major": 0,
                "minor": 0,
                "patch": 21
            },
            "app_name": "spacejam"
        },
        "stats": {
            "steps": 3,
            "imported": 1,
            "import_max_step": 3,
            "import_min": 13.691443,
            "import_max": 13.691443,
            "import_mean": 13.691443,
            "import_p50": 13.691443,
            "import_p75": 0.0,
            "import_p90": 13.691443,
            "import_p99": 0.0,
            "import_std_dev": 0.0
        }
    },
    "error": {
        "state_diff": {
            "roots": {
                "exp": "0x35359bc2d8ab6df5577e7300119998dd700c1f76f54e1344758f41ad018223b4",
                "got": "0x003ddeb4fc976f063af7f19c17153f0127dc80396893474816a7857b80e0a6d4"
            },
            "keyvals": [
                {
                    "key": "0x52d7c14533b749fec13e507a95e86ec03add50794acc76edd9370aca5ecbf2",
                    "diff": {
                        "exp": "0xfcf746e0a18ad567",
                        "got": "0x59474b50413ae54f"
                    }
                }
            ]
        }
    }
}