{
  "info": {
    "fuzz_version": 1,
    "fuzz_features": 2,
    "jam_version": {
      "major": 0,
      "minor": 7,
      "patch": 0
    },
    "app_version": {
      "major": 0,
      "minor": 2,
      "patch": 34
    },
    "app_name": "JavaJAM"
  },
  "stats": {
    "steps": 100,
    "imported": 100,
    "import_max_step": 65,
    "import_min": 0.9844579999999999,
    "import_max": 23.675330000000002,
    "import_mean": 9.170021000000004,
    "import_p50": 8.02,
    "import_p75": 15.254,
    "import_p90": 21.241,
    "import_p99": 23.242,
    "import_std_dev": 7.889860996946658
  }
}
