{
  "info": {
    "fuzz_version": 1,
    "fuzz_features": 2,
    "jam_version": {
      "major": 0,
      "minor": 7,
      "patch": 0
    },
    "app_version": {
      "major": 0,
      "minor": 7,
      "patch": 0
    },
    "app_name": "tsjam-0.7.0-tiny-f5cf7082"
  },
  "stats": {
    "steps": 100,
    "imported": 100,
    "import_max_step": 60,
    "import_min": 5.2743590000000005,
    "import_max": 237.563019,
    "import_mean": 59.14637605000001,
    "import_p50": 48.468,
    "import_p75": 77.17,
    "import_p90": 134.55,
    "import_p99": 185.027,
    "import_std_dev": 54.33406058285948
  }
}
