{
    "config": {
        "seed": "42",
        "profile": {
            "empty": null
        },
        "safrole": false,
        "max_work_items": 1,
        "max_service_keys": 10,
        "mutation_ratio": 0.1,
        "max_mutations": 0,
        "max_steps": 10000
    },
    "stats": {
        "steps": 1,
        "imported": 1,
        "import_max_step": 1,
        "import_min": 11.891661,
        "import_max": 11.891661,
        "import_mean": 11.891661,
        "import_p50": 11.891661,
        "import_p75": 0.0,
        "import_p90": 11.891661,
        "import_p99": 0.0,
        "import_std_dev": 0.0
    },
    "target": {
        "info": {
            "fuzz_version": 1,
            "fuzz_features": 2,
            "jam_version": {
                "major": 0,
                "minor": 7,
                "patch": 0
            },
            "app_version": {
                "major": 0,
                "minor": 2,
                "patch": 6
            },
            "app_name": "Jamixir"
        },
        "stats": {
            "steps": 1,
            "imported": 1,
            "import_max_step": 1,
            "import_min": 15.986189000000001,
            "import_max": 15.986189000000001,
            "import_mean": 15.986189000000001,
            "import_p50": 15.986189000000001,
            "import_p75": 0.0,
            "import_p90": 15.986189000000001,
            "import_p99": 0.0,
            "import_std_dev": 0.0
        }
    },
    "state_diff": {
        "roots": {
            "exp": "0x2c0dc825ef981a0bb19587efa35809f9b92ba80a0161a413fd4c61bafec739c0",
            "got": "0x52ea3e3ce76ee386df0366b507c0486fe7956cf4accac0ed39dcfada885362eb"
        },
        "keyvals": [
            {
                "key": "0x03000000000000000000000000000000000000000000000000000000000000",
                "diff": {
                    "exp": "0x082e1089a34499edcc240070e1ff738267c1932b0d5bde3c7338fa3c86c3f0cb35fc9aef7f64cd6e11a8a60fa3af44f817c33b12b4c623daccd4611710c671ec23ccff32df64e228cf8c93e690858a70e4d18d12435d758d2c6c0bf511787f0cf70066b516a20bf8b2c675ad8f73a6cf3aeac8e103f3bb965f8bdacc408ef84d13a1e58769b32a1beaf1ea27375a44095a0d1fb664ce2dd358e7fcbfb78c26a1934473f4f4793fa1b36b17ee836649543bb2d38872f8b3f004dc0ced71459a39787a00cef2f01f76b758cc644052c1ebf01c09e179cb8ec78da9ea6d413763ba4018301c28d7753d0da2a474006b499e96ffb0ee39817ab95a6ac4c4df44e5ce771a25e80bf79d56613c1f36ce98d067c1d34a29f9c33fecb6d27312c3453269187df001ece29b19e89ebac226fb5c891e7ec22e88c2460157a0d63639377145f3d37231000000000000000000000000000000000000000000000000000000000000000091ffa424e8d9f46819cb21f3574869317e3849888d3664f5bfa34df3024d48bc9faa0c43252e1ba7c1ef557ea9878bb782a2b020ca7d6224637e5a3924ba159a005270e7a35265c261dc566e87783f466cde2d3db141f0e79df4770557d1ab8101a18bf804916b683f9b6a0d1bdbee2e0221da0ffdab24ef294b0745daee634b7800000000000000000000000000000000000000000000000000000000000000000fb961d583dbeabc7f8973782648bda166fb00164697c9ea240f6b3783f9cad6c533236987243f5cfa2d9bf16377c9a55abf736f74b8d2d069ee9a361c9df0dd30cbb59543fc4735a4106545ed39b0f8456e6265d3bd4ddfe15e24e704cf48d1009100e26ae51a57b96dec0f787104b464c08ad8261e8d5b899eff4c1c6b94281721798dc3fb02337e41caa0455ded3f9fa93c3272bad79eb6fca6a94ea430eb7c7973d0ec16b96f1e5b6165f6474975cbec194a670be319abefa053e7440e14e601ee15729a10f8f48e974e1d5ba7ebb3aa33952f9b78e7ca6de29f9efad48066c6000000000000000000000000000000000000000000000000000000000000000000f7524110e85f8b219d0e7e7fe02db602ff89a08a7aba057c553984ae06a1e2013ecc812e64ed7ada790b3e46cb9a9fb28f55f2f4a97511ce238f74a88c10ced3ab60c9008275852a90f149af47b08bf7cd660dedd8d05db7f231ad28822c2b0141fdc60ffd3d2fe861500cd2434b9164c30e41c66c8115b40f2714f075c5affd0000000000000000000000000000000000000000000000000000000000000000f94280dbcdfe99b443980b9de8e22e755d8d9ed42aa715f8fb2e11bd0d0635b61d864168270b0abb5e013bba894144b9a5ac42620ef322422a3fba35c6aab8e8000000000000000000000000000000000000000000000000000000000000000001602313f84d3d98d8689c8cc2e2c859406ed3c5faa1e7607858b249cba82946690000000000000000000000000000000000000000000000000000000000000000050001e17fbe4ba026eebce19c640c24cdd1d0f5847a22722e81d99f6911561df9f87701b4c11951957c6f8f642c4af61cd6b24640fec6dc7fc607ee8206a99e92410d300001e58769b32a1beaf1ea27375a44095a0d1fb664ce2dd358e7fcbfb78c26a19344",
                    "got": "0x082e1089a34499edcc240070e1ff738267c1932b0d5bde3c7338fa3c86c3f0cb35fc9aef7f64cd6e11a8a60fa3af44f817c33b12b4c623daccd4611710c671ec23ccff32df64e228cf8c93e690858a70e4d18d12435d758d2c6c0bf511787f0cf70066b516a20bf8b2c675ad8f73a6cf3aeac8e103f3bb965f8bdacc408ef84d13a1e58769b32a1beaf1ea27375a44095a0d1fb664ce2dd358e7fcbfb78c26a1934473f4f4793fa1b36b17ee836649543bb2d38872f8b3f004dc0ced71459a39787a00cef2f01f76b758cc644052c1ebf01c09e179cb8ec78da9ea6d413763ba4018301c28d7753d0da2a474006b499e96ffb0ee39817ab95a6ac4c4df44e5ce771a25e80bf79d56613c1f36ce98d067c1d34a29f9c33fecb6d27312c3453269187df001ece29b19e89ebac226fb5c891e7ec22e88c2460157a0d63639377145f3d37231000000000000000000000000000000000000000000000000000000000000000091ffa424e8d9f46819cb21f3574869317e3849888d3664f5bfa34df3024d48bc9faa0c43252e1ba7c1ef557ea9878bb782a2b020ca7d6224637e5a3924ba159a005270e7a35265c261dc566e87783f466cde2d3db141f0e79df4770557d1ab8101a18bf804916b683f9b6a0d1bdbee2e0221da0ffdab24ef294b0745daee634b7800000000000000000000000000000000000000000000000000000000000000000fb961d583dbeabc7f8973782648bda166fb00164697c9ea240f6b3783f9cad6c533236987243f5cfa2d9bf16377c9a55abf736f74b8d2d069ee9a361c9df0dd30cbb59543fc4735a4106545ed39b0f8456e6265d3bd4ddfe15e24e704cf48d1009100e26ae51a57b96dec0f787104b464c08ad8261e8d5b899eff4c1c6b94281721798dc3fb02337e41caa0455ded3f9fa93c3272bad79eb6fca6a94ea430eb7c7973d0ec16b96f1e5b6165f6474975cbec194a670be319abefa053e7440e14e601ee15729a10f8f48e974e1d5ba7ebb3aa33952f9b78e7ca6de29f9efad48066c6000000000000000000000000000000000000000000000000000000000000000000f7524110e85f8b219d0e7e7fe02db602ff89a08a7aba057c553984ae06a1e2013ecc812e64ed7ada790b3e46cb9a9fb28f55f2f4a97511ce238f74a88c10ced3ab60c9008275852a90f149af47b08bf7cd660dedd8d05db7f231ad28822c2b0141fdc60ffd3d2fe861500cd2434b9164c30e41c66c8115b40f2714f075c5affd0000000000000000000000000000000000000000000000000000000000000000f94280dbcdfe99b443980b9de8e22e755d8d9ed42aa715f8fb2e11bd0d0635b6aa1a8e863cc058a4db0480ec03e180529782392b338d5a7a768a571584535c4f000000000000000000000000000000000000000000000000000000000000000001602313f84d3d98d8689c8cc2e2c859406ed3c5faa1e7607858b249cba829466900000000000000000000000000000000000000000000000000000000000000000500016356366cf058c18840d5214d9d102c403e633f014b683b7d3b83fdffc098e41801b4c11951957c6f8f642c4af61cd6b24640fec6dc7fc607ee8206a99e92410d300001e58769b32a1beaf1ea27375a44095a0d1fb664ce2dd358e7fcbfb78c26a19344"
                }
            }
        ]
    },
    "import_diff": null
}
