{
    "config": {
        "seed": "42",
        "max_steps": 4294967295,
        "safrole": false,
        "profile": {
            "full": null
        },
        "fuzzy_profile": {
            "full": null
        },
        "max_work_items": 3,
        "mutation_ratio": 0.0,
        "max_mutations": 0
    },
    "stats": {
        "steps": 1,
        "imported": 1,
        "import_max_step": 1,
        "import_min": 11.762288,
        "import_max": 11.762288,
        "import_mean": 11.762288,
        "import_p50": 11.762288,
        "import_p75": 0.0,
        "import_p90": 11.762288,
        "import_p99": 0.0,
        "import_std_dev": 0.0
    },
    "target": {
        "info": {
            "fuzz_version": 1,
            "fuzz_features": 2,
            "jam_version": {
                "major": 0,
                "minor": 7,
                "patch": 1
            },
            "app_version": {
                "major": 0,
                "minor": 0,
                "patch": 1
            },
            "app_name": "gossamer-jam"
        },
        "stats": {
            "steps": 1,
            "imported": 1,
            "import_max_step": 1,
            "import_min": 365.461877,
            "import_max": 365.461877,
            "import_mean": 365.461877,
            "import_p50": 365.461877,
            "import_p75": 0.0,
            "import_p90": 365.461877,
            "import_p99": 0.0,
            "import_std_dev": 0.0
        }
    },
    "error": {
        "state_diff": {
            "roots": {
                "exp": "0xb458d21016ebf6db3e88e80aa3b20c783ce614d8e32d8d935a33d0bb51c67b81",
                "got": "0x3232889950fdea8832cf6ddf10155473a2b199eb0edcc5fe81adb94c7c1f3244"
            },
            "keyvals": [
                {
                    "key": "0x0d000000000000000000000000000000000000000000000000000000000000",
                    "diff": {
                        "exp": "0x02000000000000000000000000000000050000000a00000005000000000000000000000000000000070000000900000001000000000000000100000025000000050000000900000000000000000000000000000000000000040000000900000001000000000000000000000000000000050000000900000001000000000000000000000000000000050000000900000002000000000000000000000000000000030000000a00000002000000000000000200000040390200030000000800000003000000000000000000000000000000050000000a00000001000000000000000000000000000000050000000b00000002000000000000000000000000000000030000000b00000002000000000000000000000000000000050000000a00000087fc06000681a80083948b1e895806000882360084ca8b4a0700000000000000000000000001baab7a93eb0c012500000000000000003398fc52000000000000000001c056925d98fc520000018b1e000681a80001c0aa74e3cbdc530000018b4a000882360001ad4c9f5afa5c000000000000000001c0ac8173d1b0bf000000000000000001c0ddf9",
                        "got": "0x02000000000000000000000000000000050000000a00000005000000000000000000000000000000070000000900000001000000000000000100000025000000050000000900000000000000000000000000000000000000040000000900000001000000000000000000000000000000050000000900000001000000000000000000000000000000050000000900000002000000000000000000000000000000030000000a00000002000000000000000200000040390200030000000800000003000000000000000000000000000000050000000a00000001000000000000000000000000000000050000000b00000002000000000000000000000000000000030000000b00000002000000000000000000000000000000050000000a00000087fc06000081a80683948b1e895806000082360884ca8b4a0700000000000000000000000001baab7a93eb0c012500000000000000003398fc52000000000000000001c056925d98fc520000018b1e000081a80601c0aa74e3cbdc530000018b4a000082360801ad4c9f5afa5c000000000000000001c0ac8173d1b0bf000000000000000001c0ddf9"
                    }
                }
            ]
        }
    }
}