{
    "config": {
        "seed": "42",
        "profile": {
            "fuzzy": null
        },
        "safrole": false,
        "max_work_items": 1,
        "max_service_keys": 10,
        "mutation_ratio": 0.1,
        "max_mutations": 0,
        "max_steps": 10000
    },
    "stats": {
        "steps": 1,
        "imported": 1,
        "import_max_step": 1,
        "import_min": 9.007749,
        "import_max": 9.007749,
        "import_mean": 9.007749,
        "import_p50": 9.007749,
        "import_p75": 0.0,
        "import_p90": 9.007749,
        "import_p99": 0.0,
        "import_std_dev": 0.0
    },
    "target": {
        "info": {
            "fuzz_version": 1,
            "fuzz_features": 2,
            "jam_version": {
                "major": 0,
                "minor": 7,
                "patch": 2
            },
            "app_version": {
                "major": 0,
                "minor": 2,
                "patch": 6
            },
            "app_name": "Jamixir"
        },
        "stats": {
            "steps": 1,
            "imported": 1,
            "import_max_step": 1,
            "import_min": 10.955262000000001,
            "import_max": 10.955262000000001,
            "import_mean": 10.955262000000001,
            "import_p50": 10.955262000000001,
            "import_p75": 0.0,
            "import_p90": 10.955262000000001,
            "import_p99": 0.0,
            "import_std_dev": 0.0
        }
    },
    "state_diff": {
        "roots": {
            "exp": "0x72f702e54197780f31383a7240f8605b433c76339795983d5e0b924f5373e7f9",
            "got": "0x8a5cf1eba585f2cfd097e93ec0447bba08f518ee1322fead0e26af56bc98d7e3"
        },
        "keyvals": [
            {
                "key": "0x00450019006a0051135ef0225518c5ddc999419ffbf52cf2d4213d55af782e",
                "diff": {
                    "exp": "0x01000000",
                    "got": "0x"
                }
            },
            {
                "key": "0x00f00078008e0099cd2569e9ccf2045b86062b3e1b16723b5cd83807dab284",
                "diff": {
                    "exp": "0x000000005d7b000000000000726566696c6c0000000000000000000000000000000000000000000000000000000000000000000000000000000000000000000000000000000000000000000000000000000000000000000000000000000000000000000000000000000000000000000000000000000000000000000000000000000000000000000000000000",
                    "got": "0x"
                }
            },
            {
                "key": "0x0d000000000000000000000000000000000000000000000000000000000000",
                "diff": {
                    "exp": "0x010000000000000000000000000000000100000003000000000000000000000000000000000000000200000002000000000000000000000000000000000000000200000003000000020000000000000000000000000000000100000002000000000000000000000000000000000000000100000002000000010000000000000000000000000000000200000002000000000000000000000000000000000000000000000000000000000000000000000000000000000000000000000000000000000000000000000000000000000000000000000000000000000000000000000000000000000000000000000000000000000000000000000000000000000000000000000000000000000000000000000000000000000000000000000000000000827705000000000000833a060000000080f79b5d01000000000000019b5d0000000006c28056",
                    "got": "0x010000000000000000000000000000000100000003000000000000000000000000000000000000000200000002000000000000000000000000000000000000000200000003000000020000000000000000000000000000000100000002000000000000000000000000000000000000000100000002000000010000000000000000000000000000000200000002000000000000000000000000000000000000000000000000000000000000000000000000000000000000000000000000000000000000000000000000000000000000000000000000000000000000000000000000000000000000000000000000000000000000000000000000000000000000000000000000000000000000000000000000000000000000000000000000000000827705000000000000833a060000000080f79b5d01000000000000019b5d0000000006c24630"
                }
            },
            {
                "key": "0xff000000000000000000000000000000000000000000000000000000000000",
                "diff": {
                    "exp": "0x00f45d36b7af68cdd48be8b7793cff734678e8fcad41902f07fbb4383707775687870af1ffffffffff0a000000000000000a000000000000001d1a020000000000ffffffffffffffff08000000000000000400000000000000",
                    "got": "0x00f45d36b7af68cdd48be8b7793cff734678e8fcad41902f07fbb4383707775687870af1ffffffffff0a000000000000000a000000000000003219020000000000ffffffffffffffff06000000000000000400000000000000"
                }
            }
        ]
    },
    "import_diff": null
}
