{
    "config": {
        "seed": "41a6cdc5183777af",
        "max_steps": 1000000,
        "safrole": false,
        "profile": {
            "fuzzy": null
        },
        "fuzzy_profile": {
            "rand": null
        },
        "max_work_items": 5,
        "mutation_ratio": 0.1,
        "max_mutations": 3
    },
    "stats": {
        "steps": 31,
        "imported": 12,
        "import_max_step": 12,
        "import_min": 1.3695840000000001,
        "import_max": 9.615542,
        "import_mean": 5.282533916666668,
        "import_p50": 6.518,
        "import_p75": 7.104,
        "import_p90": 7.755,
        "import_p99": 9.615,
        "import_std_dev": 2.9228360092411947
    },
    "target": {
        "info": {
            "fuzz_version": 1,
            "fuzz_features": 2,
            "jam_version": {
                "major": 0,
                "minor": 7,
                "patch": 2
            },
            "app_version": {
                "major": 0,
                "minor": 1,
                "patch": 0
            },
            "app_name": "jamzig-target"
        },
        "stats": {
            "steps": 31,
            "imported": 12,
            "import_max_step": 31,
            "import_min": 1.1620739999999998,
            "import_max": 38.533423,
            "import_mean": 11.424226166666665,
            "import_p50": 10.328,
            "import_p75": 13.13,
            "import_p90": 20.326,
            "import_p99": 38.533,
            "import_std_dev": 10.867738166389938
        }
    },
    "error": {
        "state_diff": {
            "roots": {
                "exp": "0xf7dd194aea2ae7c7012140f5823b0a3530c333a577cfbf0041989bf2f8db3631",
                "got": "0x542d5f7eecae1526e47331a45c942ee424833085c49538c4c5c538d46de96a1d"
            },
            "keyvals": [
                {
                    "key": "0x0d000000000000000000000000000000000000000000000000000000000000",
                    "diff": {
                        "exp": "0x0000000000000000000000000000000001000000010000000000000000000000000000000000000000000000010000000100000000000000000000000000000001000000010000000000000000000000000000000000000001000000010000000000000000000000000000000000000001000000010000000000000000000000000000000000000000000000010000000200000000000000000000000000000005000000070000000000000000000000000000000000000003000000070000000100000000000000020000007a720400050000000800000004000000000000000500000020e508000300000009000000020000000000000000000000000000000500000007000000020000000000000000000000000000000300000007000000b02e06000a82e300b15ec0de63c09c63050010837d00c0dd8bc1cb4705000000000000019b9d0005813a000000d807605b000001c01e64000380b10001c055ea970e708f000002c010c8000881920002c23dccc10e708f000000000000000001c26c30c8f318e7000001c0de63000a82e3000000",
                        "got": "0x0000000000000000000000000000000001000000010000000000000000000000000000000000000000000000010000000100000000000000000000000000000001000000010000000000000000000000000000000000000001000000010000000000000000000000000000000000000001000000010000000000000000000000000000000000000000000000010000000200000000000000000000000000000005000000070000000000000000000000000000000000000003000000070000000100000000000000020000007a720400050000000800000004000000000000000500000020e508000300000009000000020000000000000000000000000000000500000007000000020000000000000000000000000000000300000007000000b02e06000a82e300b15ec0de63c09c63050010837d00c0dd8bc1cb4705000000000000019b9d0005813a000000d807605b000001c01e64000380b10001c055ea970e708f000002c010c8000881920002c233ccc10e708f000000000000000001c26c30c8f318e7000001c0de63000a82e3000000"
                    }
                }
            ]
        }
    }
}