{
    "config": {
        "seed": "42",
        "max_steps": 4294967295,
        "safrole": false,
        "profile": {
            "full": null
        },
        "fuzzy_profile": {
            "full": null
        },
        "max_work_items": 3,
        "mutation_ratio": 0.0,
        "max_mutations": 0
    },
    "stats": {
        "steps": 1,
        "imported": 1,
        "import_max_step": 1,
        "import_min": 6.756402,
        "import_max": 6.756402,
        "import_mean": 6.756402,
        "import_p50": 6.756402,
        "import_p75": 0.0,
        "import_p90": 6.756402,
        "import_p99": 0.0,
        "import_std_dev": 0.0
    },
    "target": {
        "info": {
            "fuzz_version": 1,
            "fuzz_features": 2,
            "jam_version": {
                "major": 0,
                "minor": 7,
                "patch": 1
            },
            "app_version": {
                "major": 0,
                "minor": 0,
                "patch": 14
            },
            "app_name": "spacejam"
        },
        "stats": {
            "steps": 1,
            "imported": 1,
            "import_max_step": 1,
            "import_min": 10.442024,
            "import_max": 10.442024,
            "import_mean": 10.442024,
            "import_p50": 10.442024,
            "import_p75": 0.0,
            "import_p90": 10.442024,
            "import_p99": 0.0,
            "import_std_dev": 0.0
        }
    },
    "diff": {
        "state": {
            "roots": {
                "exp": "0x595471764b85ad5615ae98388d2bb96023af7444b4c070e7fa40d79476064414",
                "got": "0xf00c0e24f478b81af88879f933df9403a16899c55e98050038c3284184168054"
            },
            "keyvals": [
                {
                    "key": "0x0d000000000000000000000000000000000000000000000000000000000000",
                    "diff": {
                        "exp": "0x01000000000000000000000000000000040000000500000000000000000000000000000000000000040000000600000001000000000000000000000000000000040000000600000002000000000000000000000000000000030000000600000002000000000000000000000000000000030000000500000000000000000000000000000000000000030000000600000002000000000000000000000000000000040000000a000000000000000000000000000000000000000400000008000000010000000000000000000000000000000400000008000000040000000000000001000000795f02000400000009000000020000000000000000000000000000000400000008000000020000000000000001000000795f020004000000080000008a6e0600000000817ba34980f7060000000080f79b520200000000000002be9b0000000001b2e824a6dc6b000000000000000001c071b2",
                        "got": "0x01000000000000000000000000000000040000000500000000000000000000000000000000000000040000000600000001000000000000000000000000000000040000000600000002000000000000000000000000000000030000000600000002000000000000000000000000000000030000000500000000000000000000000000000000000000030000000600000002000000000000000000000000000000040000000a000000000000000000000000000000000000000400000008000000010000000000000000000000000000000400000008000000040000000000000001000000795f02000400000009000000020000000000000000000000000000000400000008000000020000000000000001000000795f020004000000080000008a6e0600000000817ba34980f7060000000080f79b520200000000000002be9b0000000001b2e824a6dc6b000000000000000001c08c89"
                    }
                }
            ]
        }
    }
}