{
    "config": {
        "seed": "42",
        "profile": {
            "Empty": null
        },
        "safrole": false,
        "max_work_items": 1,
        "max_service_keys": 10,
        "mutation_ratio": 0.1,
        "max_mutations": 0,
        "max_steps": 10000
    },
    "stats": {
        "steps": 1,
        "imported": 1,
        "import_max_step": 1,
        "import_min": 27.97388,
        "import_max": 27.97388,
        "import_mean": 27.97388,
        "import_p50": 27.97388,
        "import_p75": 0.0,
        "import_p90": 27.97388,
        "import_p99": 0.0,
        "import_std_dev": 0.0
    },
    "target": {
        "info": {
            "name": "jam-duna-target",
            "app_version": {
                "major": 0,
                "minor": 1,
                "patch": 9
            },
            "jam_version": {
                "major": 0,
                "minor": 7,
                "patch": 0
            }
        },
        "stats": {
            "steps": 1,
            "imported": 1,
            "import_max_step": 1,
            "import_min": 8.48444,
            "import_max": 8.48444,
            "import_mean": 8.48444,
            "import_p50": 8.48444,
            "import_p75": 0.0,
            "import_p90": 8.48444,
            "import_p99": 0.0,
            "import_std_dev": 0.0
        }
    },
    "diff": {
        "roots": {
            "exp": "0xcf6b66e9cc094c6dfb1bba59bfb000e801168b674115e882af99060d2841fea8",
            "got": "0x18f9f9f4f9213312e72c2ef64f3939804f32f3aa4d8276bffe899be791f8ad63"
        },
        "keyvals": [
            {
                "key": "0x03000000000000000000000000000000000000000000000000000000000000",
                "diff": {
                    "exp": "0x08ec8c9f75966ddd83d67b9c30ce7f2cef1669a3452ad46e6b16e43cf283de122fb4c11951957c6f8f642c4af61cd6b24640fec6dc7fc607ee8206a99e92410d30e64dfc3f32eb19d0f6d138810d30a9daa4035698b0349c083387eb7e2093545300762c8941d2166703717ee32486eed2a685bf4d6bb019605e8ffe441b55c31a8be884038e46068eaab1df24317c855e78fe94335d4adb7aa6c62920ce1352eed7e68d45e7032a2663771937d597a696f374a4107c57d1c773c756ad5d05205a7c00ecc08013221ff4aea318a274be18173dd405d2c49d9a8c155a598088ab82df24fee77aea940e38601cb828d2878308e32529f8382cf85f7a29b75f1c826985bc03845f9799d04c30bfbd1c4cb314934395ac97922f704a83e8f6f7d59823bab90274b5cfb866b3b443e3bb45046b422f47536234a343f533a7024b07ffdc2c58ce0000000000000000000000000000000000000000000000000000000000000000fd83fe365c97112e5e209f30b5eaca7cea26d46fe279093be2679d65be64a1990000000000000000000000000000000000000000000000000000000000000000d136087aa220f2423a7c3a212c5421a6f447e7978d0fc1b51767b20ca00448002fc9a372a65e2341f5e92ca21944a87986a3ff07b5c5cbabd6f36187ff1436f368ed24c0c9a9ae97e602337d1ab218448559e5fe3c8ed2326aa9cda290808403005e949c4f6166c965b1c0a95e7ddc4b68f90c52da77d04fb2f4b6f690beee286621ddb9a356815c3fac1026b6dec5df3124afbadb485c9ba5a3e3398a04b7ba85dbdb661efbdac16559c28acbbfb50690b18384915a7f2c01de8c39f42cdb012e01d17912e6dc73b1ab9c6256526ec0b5dc0635296cd1c1087266b91eeb7d894a5e00000000000000000000000000000000000000000000000000000000000000005430b387f7a2880f49c902ddb2239dd458c5c05408a72adf6ad4a7c7d9a34f7d1978bdc2f9989334b4d216e72a14297dd9b06c8feaf1f80cde76cf1057786a2b49e839ff8939266f65b9a9ec9da5c53881293ad23023f26c9c83810920bb22450072124f1a96df10b0784eedc6580e8ac5b471a255110fd08406058d4c1eb74825581f10ddd774befd80936ba02cd8521c6f16e1478e4a25c4d34421470f8f91c35de3ce49da558a46095aa0680cc77ac3514d26df3667100c29651dc59f11afef0161f15f62027a8b21a806fc54c9f11f631c6f6b36bbe92890ab807c694330fa060000000000000000000000000000000000000000000000000000000000000000aece60d7bc18344b5bba26e3dc8e6752d56f67df9c8cdf4309c9306efb4735c62d049f3a00b937fe42b78d9bd1b09b9925dd4f54acb1c89bd32bbc3750f55ff2000000000000000000000000000000000000000000000000000000000000000002101fdebe8242218c9ecb6eb0ac058145400c1026e83bab52226691d8abf3fc1b0000000000000000000000000000000000000000000000000000000000000000ecab50e250b0356d4e980d869bd7d1d7a45533c00154fdac7c8ae0c775b2b3a1000000000000000000000000000000000000000000000000000000000000000004019ee06bb6e24353d52089ede5ccab32d40119a1aef57218df86a1f4222e35739f01ad3228b676f7d3cd4284a5443f17f1962b36e491b30a40b2405849e597ba5fb5000121ddb9a356815c3fac1026b6dec5df3124afbadb485c9ba5a3e3398a04b7ba85",
                    "got": "0x08ec8c9f75966ddd83d67b9c30ce7f2cef1669a3452ad46e6b16e43cf283de122fb4c11951957c6f8f642c4af61cd6b24640fec6dc7fc607ee8206a99e92410d30e64dfc3f32eb19d0f6d138810d30a9daa4035698b0349c083387eb7e2093545300762c8941d2166703717ee32486eed2a685bf4d6bb019605e8ffe441b55c31a8be884038e46068eaab1df24317c855e78fe94335d4adb7aa6c62920ce1352eed7e68d45e7032a2663771937d597a696f374a4107c57d1c773c756ad5d05205a7c00ecc08013221ff4aea318a274be18173dd405d2c49d9a8c155a598088ab82df24fee77aea940e38601cb828d2878308e32529f8382cf85f7a29b75f1c826985bc03845f9799d04c30bfbd1c4cb314934395ac97922f704a83e8f6f7d59823bab90274b5cfb866b3b443e3bb45046b422f47536234a343f533a7024b07ffdc2c58ce0000000000000000000000000000000000000000000000000000000000000000fd83fe365c97112e5e209f30b5eaca7cea26d46fe279093be2679d65be64a1990000000000000000000000000000000000000000000000000000000000000000d136087aa220f2423a7c3a212c5421a6f447e7978d0fc1b51767b20ca00448002fc9a372a65e2341f5e92ca21944a87986a3ff07b5c5cbabd6f36187ff1436f368ed24c0c9a9ae97e602337d1ab218448559e5fe3c8ed2326aa9cda290808403005e949c4f6166c965b1c0a95e7ddc4b68f90c52da77d04fb2f4b6f690beee286621ddb9a356815c3fac1026b6dec5df3124afbadb485c9ba5a3e3398a04b7ba85dbdb661efbdac16559c28acbbfb50690b18384915a7f2c01de8c39f42cdb012e01d17912e6dc73b1ab9c6256526ec0b5dc0635296cd1c1087266b91eeb7d894a5e00000000000000000000000000000000000000000000000000000000000000005430b387f7a2880f49c902ddb2239dd458c5c05408a72adf6ad4a7c7d9a34f7d1978bdc2f9989334b4d216e72a14297dd9b06c8feaf1f80cde76cf1057786a2b49e839ff8939266f65b9a9ec9da5c53881293ad23023f26c9c83810920bb22450072124f1a96df10b0784eedc6580e8ac5b471a255110fd08406058d4c1eb74825581f10ddd774befd80936ba02cd8521c6f16e1478e4a25c4d34421470f8f91c35de3ce49da558a46095aa0680cc77ac3514d26df3667100c29651dc59f11afef0161f15f62027a8b21a806fc54c9f11f631c6f6b36bbe92890ab807c694330fa060000000000000000000000000000000000000000000000000000000000000000aece60d7bc18344b5bba26e3dc8e6752d56f67df9c8cdf4309c9306efb4735c65a117dd584d15a66927d679dcc9cc7e4d5d4e01bd9bd157a54a162223f9adb55000000000000000000000000000000000000000000000000000000000000000002101fdebe8242218c9ecb6eb0ac058145400c1026e83bab52226691d8abf3fc1b0000000000000000000000000000000000000000000000000000000000000000ecab50e250b0356d4e980d869bd7d1d7a45533c00154fdac7c8ae0c775b2b3a100000000000000000000000000000000000000000000000000000000000000000401000000000000000000000000000000000000000000000000000000000000000001ad3228b676f7d3cd4284a5443f17f1962b36e491b30a40b2405849e597ba5fb5000121ddb9a356815c3fac1026b6dec5df3124afbadb485c9ba5a3e3398a04b7ba85"
                }
            },
            {
                "key": "0x0d000000000000000000000000000000000000000000000000000000000000",