{
    "config": {
        "seed": "42",
        "profile": {
            "Empty": null
        },
        "safrole": false,
        "max_work_items": 1,
        "max_service_keys": 10,
        "mutation_ratio": 0.1,
        "max_mutations": 0,
        "max_steps": 10000
    },
    "stats": {
        "steps": 1,
        "imported": 1,
        "import_max_step": 1,
        "import_min": 26.690953,
        "import_max": 26.690953,
        "import_mean": 26.690953,
        "import_p50": 26.690953,
        "import_p75": 0.0,
        "import_p90": 26.690953,
        "import_p99": 0.0,
        "import_std_dev": 0.0
    },
    "target": {
        "info": {
            "name": "vinwolf-target",
            "app_version": {
                "major": 0,
                "minor": 2,
                "patch": 9
            },
            "jam_version": {
                "major": 0,
                "minor": 7,
                "patch": 0
            }
        },
        "stats": {
            "steps": 1,
            "imported": 1,
            "import_max_step": 1,
            "import_min": 22.522317,
            "import_max": 22.522317,
            "import_mean": 22.522317,
            "import_p50": 22.522317,
            "import_p75": 0.0,
            "import_p90": 22.522317,
            "import_p99": 0.0,
            "import_std_dev": 0.0
        }
    },
    "diff": {
        "roots": {
            "exp": "0xcf6b66e9cc094c6dfb1bba59bfb000e801168b674115e882af99060d2841fea8",
            "got": "0x11f8c8ffb7225675d99b8b4da89fbc3d54743d591b26d6d6fc5b78ca4874eea5"
        },
        "keyvals": [
            {
                "key": "0x0d000000000000000000000000000000000000000000000000000000000000",
                "diff": {
                    "exp": "0x02000000000000000400000088fa04000200000008000000000000000000000000000000000000000200000006000000010000000000000000000000000000000400000008000000040000000000000003000000e6bb03000200000006000000020000000000000000000000000000000400000009000000020000000000000000000000000000000400000009000000000000000000000000000000000000000000000000000000000000000000000000000000000000000000000000000000000000000000000000000000000000000000000000000000000000000000000000000000000000000000000000000000000000000000000000000000000000000000000000000000000000000000000000000000000000000000000000000000818f0600000000816f91de85b80500000000816f91de1000000000000000000000000008c3255f0000c7f91a5500000189040000000000000000f1f91a5500000188da0000000001c0bef200001bfa1a5500000188da0000000000000000c06d795700000189040000000000000000ea6d79570000010000000000010000003e6e7957000000000000000001c10a110000686e7957000001000000000000000000c77c6ef6000000000000000000000100f17c6ef60000000000000000000001001b7d6ef6000000000000000000000100457d6ef60000000000000000000001006f7d6ef6000000000000000000000100997d6ef6000000000000000000000100c37d6ef6000000000000000000000100ed7d6ef6000000000000000000000100",
                    "got": "0x02000000000000000400000088fa04000200000008000000000000000000000000000000000000000200000006000000010000000000000000000000000000000400000008000000040000000000000003000000e6bb03000200000006000000020000000000000000000000000000000400000009000000020000000000000000000000000000000400000009000000000000000000000000000000000000000000000000000000000000000000000000000000000000000000000000000000000000000000000000000000000000000000000000000000000000000000000000000000000000000000000000000000000000000000000000000000000000000000000000000000000000000000000000000000000000000000000000000000818f0600000000816f91de85b80500000000816f91de1000000000000000000000000008c3255f0000c7f91a5500000189040000000000000000f1f91a5500000188da0000000001c0bef200001bfa1a5500000188da0000000000000000c06d795700000189040000000000000000ea6d79570000010000000000000000003e6e7957000000000000000001c10a110000686e7957000001000000000000000000c77c6ef6000000000000000000000100f17c6ef60000000000000000000001001b7d6ef6000000000000000000000100457d6ef60000000000000000000001006f7d6ef6000000000000000000000100997d6ef6000000000000000000000100c37d6ef6000000000000000000000100ed7d6ef6000000000000000000000100"
                }
            },
            {
                "key": "0xffea006d007900570000000000000000000000000000000000000000000000",
                "diff": {
                    "exp": "0xbaf736ff7927f6f7dfa744a10a67a48b261ae89bbe5c712f7c1f0ee023776661f67d01000000000010270000000000001027000000000000f33e010000000000000000000000000002000000080000000b00000000000000",
                    "got": "0xbaf736ff7927f6f7dfa744a10a67a48b261ae89bbe5c712f7c1f0ee023776661f67d01000000000010270000000000001027000000000000f33e010000000000000000000000000002000000080000000000000000000000"
                }
            }
        ]
    }
}
