{
    "config": {
        "seed": "42",
        "profile": {
            "empty": null
        },
        "safrole": false,
        "max_work_items": 1,
        "max_service_keys": 10,
        "mutation_ratio": 0.1,
        "max_mutations": 0,
        "max_steps": 10000
    },
    "stats": {
        "steps": 1,
        "imported": 1,
        "import_max_step": 1,
        "import_min": 7.293838,
        "import_max": 7.293838,
        "import_mean": 7.293838,
        "import_p50": 7.293838,
        "import_p75": 0.0,
        "import_p90": 7.293838,
        "import_p99": 0.0,
        "import_std_dev": 0.0
    },
    "target": {
        "info": {
            "fuzz_version": 1,
            "fuzz_features": 2,
            "jam_version": {
                "major": 0,
                "minor": 7,
                "patch": 0
            },
            "app_version": {
                "major": 0,
                "minor": 1,
                "patch": 15
            },
            "app_name": "PyJAMaz"
        },
        "stats": {
            "steps": 1,
            "imported": 1,
            "import_max_step": 1,
            "import_min": 114.914225,
            "import_max": 114.914225,
            "import_mean": 114.914225,
            "import_p50": 114.914225,
            "import_p75": 0.0,
            "import_p90": 114.914225,
            "import_p99": 0.0,
            "import_std_dev": 0.0
        }
    },
    "state_diff": {
        "roots": {
            "exp": "0x1eed8760dc9f9b1d45e4c79d72251d0058f32eeb5b660c75bf616d52c4614a7a",
            "got": "0xd138867fca246c1f61de5b6c6e4d399d378f01468523310ab625c7a6a0a635f9"
        },
        "keyvals": [
            {
                "key": "0x03000000000000000000000000000000000000000000000000000000000000",
                "diff": {
                    "exp": "0x08ec1d13a7323d857b5faa19c6f602a089b09bdfbe8c806c99713762bd9a7207b278726a86feacd84624e2a61fa0dc357754647bd4c14a9fb921824ffb57f85bdad8d4a00c747141c8bd9f3c30eaa9185513361f0524ac0398254a5f6085225920020ab7638f0f0bcf10c13aa07952541734f1fc0b207add9f938715341706c24c870000000000000000000000000000000000000000000000000000000000000000b5d575cb10dc6b3fcca33955199fdecd33eb9b6984619e01b41fdc2cfb008c7700000000000000000000000000000000000000000000000000000000000000002b3603a629951529b467f65371c560e5ba0109de889fa956afa57f9f6c1ce7b98edd3641a6f22e8d8f1de279972f4128bc5c636d0b3dbf2185cccacf1101e2f48b133b03473610595c53bbc028d14186acb816354d4f73d7bfee42fabd38e55300369613b90e9e426b4c903a5b61ad6f4b0a1bbbe19a505829408ef0d404a00a97b9fc986d237a80ecc4af805203a671cd1b8cd1b593c4fcc001e47dc1743358f0d12612e64cd2647ad1a70bbce0e5cfc15a4bb32690cf94c98a6f762121b9d5a80216aca1cec74c0a498a8a8c8b29f72f6015ebcce09e7ecece2263c38bfcf4d5830000000000000000000000000000000000000000000000000000000000000000b09e2fbc3b1e2416300b4485047b69692eb2d6ee720e9d6a6449384104ed97910000000000000000000000000000000000000000000000000000000000000000b6f89a2cc9fa7cbb4cb40ced70f53c006f0864cd20efa90a90fecb5fc81610ab6760f525d19176a8af2e11079a0233a16e775743507b75a66f5b27ea1124f5f7709c5fb95f20f0143e750eda3a6db4ec3da249bb17124e30384c2a1c1c387db301105ce87f234e11cb4c84c89ef214fa5962222767b08903cb0af9416e8f94693400000000000000000000000000000000000000000000000000000000000000001573e09171093e1d2a43a98ecd3c9d006c3ed5fdb4c7e5691d083fa63b437baa3b2004aa1ab888905a622e5e1481481da87684ee44ca1b565d4edfbd96f89832993d67800103407fa082014e0cdd0ed1e4bbe1ddd15d31c25c7d3a2c3fe67fa800362ce917d9f4b73d989007f1c10038362bd360821482fbbea23e909709af59e9447ba279d7cf8a830acef5679fcc003707f22995f987598d384bfcb5f5d096331b394b81632cfb5a209271233f475020cb3733d84e6f4e0957ddab316980d7b901ff25b05abf747eeccbf92c4e1920327f981521226f7e95bbcfd4de33a0b493af0000000000000000000000000000000000000000000000000000000000000000a33a792ed7588646ef6798370ba74244f86a3e10ce98152b7748307d9d150d36d7cea6f1658d888213a0b7b7461d5afd9546f18b0686d65490565af17fff3d26b088d069d3da5fe861d2fd4b5b58225af765a567c80d7cc38018556d23fa4356017779c661399c0d72a74c38e8c4a74f2e00d96a0c76008a5a38ceb818fb019df30000000000000000000000000000000000000000000000000000000000000000446f42eff18d532bbd60dedbb7845dceb2ff9b907214c74c68fe2ca5d5374426642e8fd5261d744039fb4945eae609333c4b3bc896b3eeef30b7061f65953d81000000000000000000000000000000000000000000000000000000000000000001c827c7b49520c81ee649938f98264c3f108c4b45457c075ebbba495cc10ec536000000000000000000000000000000000000000000000000000000000000000008000001b4c11951957c6f8f642c4af61cd6b24640fec6dc7fc607ee8206a99e92410d300000015218b97162ceb7c3c2d431773d093dd88fefcfa91d80390ff2f628c7c08fff7d000138a5edaa6b13690914b1920775adf970d7a5f5d60d9315ce5fd5953fc861770a",
                    "got": "0x08a78a062f8a423064535dd98916e21211bc1e002a4c7ebb9232984aa694a68dfc14ef976a3a21057fedb184707bfa5e4d4214f742e81abb5192af53a9aef6d29b4ce523393c11e388c542994aaa1210c71353546294b25c456ec654adbac93c0000ec1d13a7323d857b5faa19c6f602a089b09bdfbe8c806c99713762bd9a7207b278726a86feacd84624e2a61fa0dc357754647bd4c14a9fb921824ffb57f85bdad8d4a00c747141c8bd9f3c30eaa9185513361f0524ac0398254a5f6085225920020ab7638f0f0bcf10c13aa07952541734f1fc0b207add9f938715341706c24c870000000000000000000000000000000000000000000000000000000000000000b5d575cb10dc6b3fcca33955199fdecd33eb9b6984619e01b41fdc2cfb008c7700000000000000000000000000000000000000000000000000000000000000002b3603a629951529b467f65371c560e5ba0109de889fa956afa57f9f6c1ce7b98edd3641a6f22e8d8f1de279972f4128bc5c636d0b3dbf2185cccacf1101e2f48b133b03473610595c53bbc028d14186acb816354d4f73d7bfee42fabd38e55300369613b90e9e426b4c903a5b61ad6f4b0a1bbbe19a505829408ef0d404a00a97b9fc986d237a80ecc4af805203a671cd1b8cd1b593c4fcc001e47dc1743358f0d12612e64cd2647ad1a70bbce0e5cfc15a4bb32690cf94c98a6f762121b9d5a80216aca1cec74c0a498a8a8c8b29f72f6015ebcce09e7ecece2263c38bfcf4d5830000000000000000000000000000000000000000000000000000000000000000b09e2fbc3b1e2416300b4485047b69692eb2d6ee720e9d6a6449384104ed97910000000000000000000000000000000000000000000000000000000000000000b6f89a2cc9fa7cbb4cb40ced70f53c006f0864cd20efa90a90fecb5fc81610ab6760f525d19176a8af2e11079a0233a16e775743507b75a66f5b27ea1124f5f7709c5fb95f20f0143e750eda3a6db4ec3da249bb17124e30384c2a1c1c387db301105ce87f234e11cb4c84c89ef214fa5962222767b08903cb0af9416e8f94693400000000000000000000000000000000000000000000000000000000000000001573e09171093e1d2a43a98ecd3c9d006c3ed5fdb4c7e5691d083fa63b437baa3b2004aa1ab888905a622e5e1481481da87684ee44ca1b565d4edfbd96f89832993d67800103407fa082014e0cdd0ed1e4bbe1ddd15d31c25c7d3a2c3fe67fa800362ce917d9f4b73d989007f1c10038362bd360821482fbbea23e909709af59e9447ba279d7cf8a830acef5679fcc003707f22995f987598d384bfcb5f5d096331b394b81632cfb5a209271233f475020cb3733d84e6f4e0957ddab316980d7b901ff25b05abf747eeccbf92c4e1920327f981521226f7e95bbcfd4de33a0b493af0000000000000000000000000000000000000000000000000000000000000000a33a792ed7588646ef6798370ba74244f86a3e10ce98152b7748307d9d150d36d7cea6f1658d888213a0b7b7461d5afd9546f18b0686d65490565af17fff3d260000000000000000000000000000000000000000000000000000000000000000017779c661399c0d72a74c38e8c4a74f2e00d96a0c76008a5a38ceb818fb019df300000000000000000000000000000000000000000000000000000000000000000801000000000000000000000000000000000000000000000000000000000000000001ad3228b676f7d3cd4284a5443f17f1962b36e491b30a40b2405849e597ba5fb5000000015218b97162ceb7c3c2d431773d093dd88fefcfa91d80390ff2f628c7c08fff7d000138a5edaa6b13690914b1920775adf970d7a5f5d60d9315ce5fd5953fc861770a"
                }
            },
            {
                "key": "0x06000000000000000000000000000000000000000000000000000000000000",
                "diff": {
                    "exp": "0xbd096a12414bf832fbf025764279c22d820096bc069999e72e1a7763a7dc05089ef117ea07ea3e98da41f7baac5310b0ab9d4235f974db78a3d3d7ee171833b24400742b4aa8289247182df2b15901c379546e2d447aa7fed950df4f3d36b6a13bd58f00b955056173e8d371dbdaacaade0e0b65fb266f20d70d45d39d5adcfc",