{
    "config": {
        "seed": "42",
        "profile": {
            "empty": null
        },
        "safrole": false,
        "max_work_items": 1,
        "max_service_keys": 10,
        "mutation_ratio": 0.1,
        "max_mutations": 0,
        "max_steps": 10000
    },
    "stats": {
        "steps": 1,
        "imported": 1,
        "import_max_step": 1,
        "import_min": 6.263294,
        "import_max": 6.263294,
        "import_mean": 6.263294,
        "import_p50": 6.263294,
        "import_p75": 0.0,
        "import_p90": 6.263294,
        "import_p99": 0.0,
        "import_std_dev": 0.0
    },
    "target": {
        "info": {
            "fuzz_version": 1,
            "fuzz_features": 2,
            "jam_version": {
                "major": 0,
                "minor": 7,
                "patch": 0
            },
            "app_version": {
                "major": 0,
                "minor": 0,
                "patch": 1
            },
            "app_name": "strawberry"
        },
        "stats": {
            "steps": 1,
            "imported": 1,
            "import_max_step": 1,
            "import_min": 26.846226,
            "import_max": 26.846226,
            "import_mean": 26.846226,
            "import_p50": 26.846226,
            "import_p75": 0.0,
            "import_p90": 26.846226,
            "import_p99": 0.0,
            "import_std_dev": 0.0
        }
    },
    "state_diff": {
        "roots": {
            "exp": "0xd39f6a169f54a2c308f9bb7f66a1fd4a9a1531b1d39275560b659979fae99ffa",
            "got": "0xd599ed58832609fdacfc6a62502a722212987b1c3c5fea5a36e9e395a0ea855b"
        },
        "keyvals": [
            {
                "key": "0x0d000000000000000000000000000000000000000000000000000000000000",
                "diff": {
                    "exp": "0x000000000000000000000000000000000400000007000000020000000000000000000000000000000400000008000000030000000000000000000000000000000200000008000000010000000000000001000000fe3f0100020000000800000002000000000000000000000000000000040000000a000000020000000000000000000000000000000200000009000000020000000000000001000000fe3f0100040000000600000000000000000000000000000000000000050000000900000001000000000000000000000000000000050000000a000000040000000000000000000000000000000500000008000000020000000000000000000000000000000400000009000000020000000000000002000000fc7f020004000000080000000003000000000000810d050000000080ed88bf024429e10200000188bf00000000000000005254f299000000000000000001c065540000",
                    "got": "0x000000000000000000000000000000000400000007000000020000000000000000000000000000000400000008000000030000000000000000000000000000000200000008000000010000000000000001000000fe3f0100020000000800000002000000000000000000000000000000040000000a000000020000000000000000000000000000000200000009000000020000000000000001000000fe3f0100040000000600000000000000000000000000000000000000050000000900000001000000000000000000000000000000050000000a000000040000000000000000000000000000000500000008000000020000000000000000000000000000000400000009000000020000000000000002000000fc7f020004000000080000000003000000000000810d050000000080ed88bf024429e10200000188bf00000000000000005254f299000000000000000001c03f540000"
                }
            }
        ]
    },
    "import_diff": null
}
