{
  "info": {
    "fuzz_version": 1,
    "fuzz_features": 2,
    "jam_version": {
      "major": 0,
      "minor": 7,
      "patch": 2
    },
    "app_version": {
      "major": 0,
      "minor": 1,
      "patch": 27
    },
    "app_name": "polkajam"
  },
  "stats": {
    "steps": 100,
    "imported": 100,
    "import_max_step": 2,
    "import_min": 0.9846900000000001,
    "import_max": 3.0894690000000002,
    "import_mean": 1.4271248399999994,
    "import_p50": 1.431,
    "import_p75": 1.596,
    "import_p90": 1.68,
    "import_p99": 1.885,
    "import_std_dev": 0.28194079086809637
  }
}
