{
    "config": {
        "seed": "1767895984_3511",
        "max_steps": 1000000,
        "safrole": false,
        "profile": {
            "fuzzy": null
        },
        "fuzzy_profile": {
            "rand": null
        },
        "max_work_items": 5,
        "mutation_ratio": 0.1,
        "max_mutations": 5
    },
    "stats": {
        "steps": 474,
        "imported": 144,
        "import_max_step": 377,
        "import_min": 1.555571,
        "import_max": 3269.120672,
        "import_mean": 50.01144568749999,
        "import_p50": 6.365,
        "import_p75": 10.315,
        "import_p90": 36.732,
        "import_p99": 956.589,
        "import_std_dev": 288.00777579707113
    },
    "target": {
        "info": {
            "fuzz_version": 1,
            "fuzz_features": 2,
            "jam_version": {
                "major": 0,
                "minor": 7,
                "patch": 2
            },
            "app_version": {
                "major": 0,
                "minor": 3,
                "patch": 1
            },
            "app_name": "new_jamneration"
        },
        "stats": {
            "steps": 474,
            "imported": 144,
            "import_max_step": 246,
            "import_min": 26.23426,
            "import_max": 1260.7812780000002,
            "import_mean": 522.8078263402779,
            "import_p50": 469.273,
            "import_p75": 641.98,
            "import_p90": 915.133,
            "import_p99": 1177.921,
            "import_std_dev": 251.56288203473474
        }
    },
    "error": {
        "state_diff": {
            "roots": {
                "exp": "0x5275d5f0c48a2e0a9bdff9f42a49cefb42fcb8b3c4956533c0625de058bddbd2",
                "got": "0x4333e43ea33e419ced5aac453924e6ae0c4bb777847a04d241d3110dc37d9439"
            },
            "keyvals": [
                {
                    "key": "0x0d000000000000000000000000000000000000000000000000000000000000",
                    "diff": {
                        "exp": "0x00000000000000000000000000000000050000000800000001000000000000000000000000000000050000000800000005000000000000000000000000000000060000000800000001000000000000000000000000000000050000000800000001000000000000000000000000000000060000000700000000000000000000000000000000000000060000000800000004000000000000000000000000000000030000000b00000004000000000000000000000000000000040000000900000000000000000000000000000000000000030000000900000001000000000000000000000000000000040000000a00000001000000000000000000000000000000030000000a00000002000000000000000000000000000000040000000b0000008ce805001985e4008c14ad888d2406001285c20089c5a88508000000000000019d2b0007824400000027356323000000000000000001a9db7454f72b0000018b6d000154000000585b1e430000018b6d0009822b00000082e0515d000000000000000002c157d46644f3a7000000000000000004c107ebb3b536ba0000018b5a000b837e0001c0d8f1b87fa7c900000296ae000f8365000000",
                        "got": "0x00000000000000000000000000000000050000000800000001000000000000000000000000000000050000000800000005000000000000000000000000000000060000000800000001000000000000000000000000000000050000000800000001000000000000000000000000000000060000000700000000000000000000000000000000000000060000000800000004000000000000000000000000000000030000000b00000004000000000000000000000000000000040000000900000000000000000000000000000000000000030000000900000001000000000000000000000000000000040000000a00000001000000000000000000000000000000030000000a00000002000000000000000000000000000000040000000b0000008ce805001985e4008c14ad888d2406001285c20089c5a88508000000000000019d2b0007824400000027356323000000000000000001a9db7454f72b0000018b6d000154000000585b1e430000018b6d0009822b00000082e0515d000000000000000002c157d46644f3a7000000000000000004c16321b3b536ba0000018b5a000b837e0001c0d8f1b87fa7c900000296ae000f8365000000"
                    }
                },
                {
                    "key": "0x66d74445f3b7a7fec13e507a95e86ec03add50794acc76edd9370aca5ecbf2",
                    "diff": {
                        "exp": "0x00b26f5ff72df346",
                        "got": "0xc6ea8016ef4ed0bf"
                    }
                },
                {
                    "key": "0x66d944d8f3c7a7a728716601ff41b69f853105e6485a79109d4d3e252fb630",
                    "diff": {
                        "exp": "0x1200000000c8ffc40f47cb8310daa7691104a86911fd346323273563237454f72b2e5b1e43585b1e4382e0515dace0515d6644f3a7409e6bb8b3b536ba742c6ac9b87fa7c9166e7348",
                        "got": "0x1200000000c8ffc40f47cb8310daa7691104a86911fd346323273563237454f72b2e5b1e43585b1e4382e0515dace0515d6644f3a7409e6bb8b3b536ba742c6ac9b87fa7c909b492e5"
                    }
                }
            ]
        }
    }
}