{
    "config": {
        "seed": "42",
        "profile": {
            "fuzzy": null
        },
        "safrole": false,
        "max_work_items": 1,
        "max_service_keys": 10,
        "mutation_ratio": 0.1,
        "max_mutations": 0,
        "max_steps": 10000
    },
    "stats": {
        "steps": 1,
        "imported": 1,
        "import_max_step": 1,
        "import_min": 8.788908,
        "import_max": 8.788908,
        "import_mean": 8.788908,
        "import_p50": 8.788908,
        "import_p75": 0.0,
        "import_p90": 8.788908,
        "import_p99": 0.0,
        "import_std_dev": 0.0
    },
    "target": {
        "info": {
            "fuzz_version": 1,
            "fuzz_features": 2,
            "jam_version": {
                "major": 0,
                "minor": 7,
                "patch": 1
            },
            "app_version": {
                "major": 0,
                "minor": 1,
                "patch": 18
            },
            "app_name": "FastRoll"
        },
        "stats": {
            "steps": 1,
            "imported": 1,
            "import_max_step": 1,
            "import_min": 8.308317,
            "import_max": 8.308317,
            "import_mean": 8.308317,
            "import_p50": 8.308317,
            "import_p75": 0.0,
            "import_p90": 8.308317,
            "import_p99": 0.0,
            "import_std_dev": 0.0
        }
    },
    "state_diff": {
        "roots": {
            "exp": "0x6bb23d707c959515131bcb947ee595b18ae8f4231dc5b79c05cac5634d2f68b4",
            "got": "0x661a69a1b826f2a804c970681ada241f7bf1592c01930d966d3e6c95c80ea44f"
        },
        "keyvals": [
            {
                "key": "0x00450019006a0051135ef0225518c5ddc999419ffbf52cf2d4213d55af782e",
                "diff": {
                    "exp": "0x01000000",
                    "got": "0x"
                }
            },
            {
                "key": "0x00c0001d0056003b9dfa998fdc18531738e679fe8cf0cb42c3f5f40de9fe04",
                "diff": {
                    "exp": "0x00000000b5ae000000000000726566696c6c0000000000000000000000000000000000000000000000000000000000000000000000000000000000000000000000000000000000000000000000000000000000000000000000000000000000000000000000000000000000000000000000000000000000000000000000000000000000000000000000000000",
                    "got": "0x"
                }
            },
            {
                "key": "0x00f00078008e0099cd2569e9ccf2045b86062b3e1b16723b5cd83807dab284",
                "diff": {
                    "exp": "0x00000000b5ae000000000000726566696c6c0000000000000000000000000000000000000000000000000000000000000000000000000000000000000000000000000000000000000000000000000000000000000000000000000000000000000000000000000000000000000000000000000000000000000000000000000000000000000000000000000000",
                    "got": "0x"
                }
            },
            {
                "key": "0x03000000000000000000000000000000000000000000000000000000000000",
                "diff": {
                    "exp": "0x032bf11dc5e1c7b9bbaafc2c8533017abc12daeb0baf22c92509ad50f7875e571600000000000000000000000000000000000000000000000000000000000000004308431f175b52b4b28d213fba2eb131ff53eafb067ef97fed9d8e62d1be4ef600cd98f332755e26bf5bde31339405234a08f5964fd656ec1a6adf24c3c0a38dd60000000000000000000000000000000000000000000000000000000000000000be5740569c8edf50f57d1fcbb23c01f5442040a29768a80c492b3595d4a511490247944c141e3c56990d37ccd054de7442c49b27b849e4fe1a1deb2a8eb28bf15a0000000000000000000000000000000000000000000000000000000000000000fdb0fc8f08288208ea5262654e39e84de8434a38f52c5b21cc97d5b62b54f1b60000000000000000000000000000000000000000000000000000000000000000b637c03c1a355f41e64cfd55131e6bd8777a33b7d92ba6f8642fb3579a76be52ad3228b676f7d3cd4284a5443f17f1962b36e491b30a40b2405849e597ba5fb5000000000000000000000000000000000000000000000000000000000000000001235a6b6cb9b55f784dd1adad57f24f2787d36fda09ad42eeabcba54460c35a8f0000000000000000000000000000000000000000000000000000000000000000020001ad3228b676f7d3cd4284a5443f17f1962b36e491b30a40b2405849e597ba5fb5",
                    "got": "0x022bf11dc5e1c7b9bbaafc2c8533017abc12daeb0baf22c92509ad50f7875e571600000000000000000000000000000000000000000000000000000000000000004308431f175b52b4b28d213fba2eb131ff53eafb067ef97fed9d8e62d1be4ef600cd98f332755e26bf5bde31339405234a08f5964fd656ec1a6adf24c3c0a38dd6000000000000000000000000000000000000000000000000000000000000000000000000000000000000000000000000000000000000000000000000000000000247944c141e3c56990d37ccd054de7442c49b27b849e4fe1a1deb2a8eb28bf15a0000000000000000000000000000000000000000000000000000000000000000fdb0fc8f08288208ea5262654e39e84de8434a38f52c5b21cc97d5b62b54f1b6000000000000000000000000000000000000000000000000000000000000000001010000000000000000000000000000000000000000000000000000000000000000"
                }
            },
            {
                "key": "0x06000000000000000000000000000000000000000000000000000000000000",
                "diff": {
                    "exp": "0x26d831387b6aaefd05a6f702cfaf62075b1501e9ccc6e064107861e387d99608ae1ee12b88a1caac52035cd796e2a0b10ff40fe29add9915ee6b0deee46946c76dcc08020713f61e1cb8b6b6cfa7b84303cfe427f7ca05c02e95c637e288cf038094089d8dd397f6abc647c2524e69ff06c9a03bbfe3d5f303180750ad8679c2",
                    "got": "0xae5960ff7ec902b1587ecbaece8983526768cdf9898b42f3da656050fabf7251ae1ee12b88a1caac52035cd796e2a0b10ff40fe29add9915ee6b0deee46946c76dcc08020713f61e1cb8b6b6cfa7b84303cfe427f7ca05c02e95c637e288cf038094089d8dd397f6abc647c2524e69ff06c9a03bbfe3d5f303180750ad8679c2"
                }
            },
            {
                "key": "0x0a000000000000000000000000000000000000000000000000000000000000",
                "diff": {
                    "exp": "0x01235a6b6cb9b55f784dd1adad57f24f2787d36fda09ad42eeabcba54460c35a8f170100002143b243da01977aea331d3eed593c1e93caab43f9b9dcd32bd720b646d19001000000000000000000000000000000000000000000000000000000000000000000002bf11dc5e1c7b9bbaafc2c8533017abc12daeb0baf22c92509ad50f7875e57164308431f175b52b4b28d213fba2eb131ff53eafb067ef97fed9d8e62d1be4ef600000000000000000000000000000000000000000000000000000000000000002bf11dc5e1c7b9bbaafc2c8533017abc12daeb0baf22c92509ad50f7875e5716000000000147944c141e3c56990d37ccd054de7442c49b27b849e4fe1a1deb2a8eb28bf15a002357426f2313559a271d6782dc00197b379f79cbe3c6a1e72f61f7b592c509f8030000010000000069076f38642f87e2037a88d4a583b03703c744af1f02bd0bbd7df93ce1ef8f6cfbb16066a17ba0039e034c66269c275a6ffd0bb2cb812a81583a9afebaae847d37370000000000000013010b00000000000000000000000000000000009b26000000000200000000",