{
    "config": {
        "seed": "42",
        "profile": {
            "empty": null
        },
        "safrole": false,
        "max_work_items": 1,
        "max_service_keys": 10,
        "mutation_ratio": 0.1,
        "max_mutations": 0,
        "max_steps": 10000
    },
    "stats": {
        "steps": 1,
        "imported": 1,
        "import_max_step": 1,
        "import_min": 16.182268999999998,
        "import_max": 16.182268999999998,
        "import_mean": 16.182268999999998,
        "import_p50": 16.182268999999998,
        "import_p75": 0.0,
        "import_p90": 16.182268999999998,
        "import_p99": 0.0,
        "import_std_dev": 0.0
    },
    "target": {
        "info": {
            "fuzz_version": 1,
            "fuzz_features": 2,
            "jam_version": {
                "major": 0,
                "minor": 7,
                "patch": 0
            },
            "app_version": {
                "major": 0,
                "minor": 1,
                "patch": 0
            },
            "app_name": "boka-fuzzing-target"
        },
        "stats": {
            "steps": 1,
            "imported": 1,
            "import_max_step": 1,
            "import_min": 42.081484,
            "import_max": 42.081484,
            "import_mean": 42.081484,
            "import_p50": 42.081484,
            "import_p75": 0.0,
            "import_p90": 42.081484,
            "import_p99": 0.0,
            "import_std_dev": 0.0
        }
    },
    "state_diff": {
        "roots": {
            "exp": "0x7209e601a05e05967b54dffefa816c78e92acd1a26cfe25366e0d772741d5b44",
            "got": "0xfca387d1d783cb377f04a78432fff1b04d649d71377a981f35237412f6779a1b"
        },
        "keyvals": [
            {
                "key": "0x0d000000000000000000000000000000000000000000000000000000000000",
                "diff": {
                    "exp": "0x00000000000000000000000000000000010000000200000001000000000000000000000000000000020000000300000001000000000000000000000000000000020000000300000000000000000000000000000000000000020000000200000001000000000000000000000000000000010000000200000000000000000000000000000000000000010000000300000001000000000000000000000000000000040000000a00000003000000000000000000000000000000040000000700000002000000000000000000000000000000040000000900000003000000000000000000000000000000020000000a000000000000000000000000000000000000000200000009000000030000000000000000000000000000000200000008000000000300000000000081b0050000000080ed890f0424a7db6b000001890f0000000001a8af0000f6a7db6b000000000000000001c024430000bc5bae94000000000000000001ad5a0000622ae7be000000000000000001c0b1620000",
                    "got": "0x00000000000000000000000000000000010000000200000001000000000000000000000000000000020000000300000001000000000000000000000000000000020000000300000000000000000000000000000000000000020000000200000001000000000000000000000000000000010000000200000000000000000000000000000000000000010000000300000001000000000000000000000000000000040000000a00000003000000000000000000000000000000040000000700000002000000000000000000000000000000040000000900000003000000000000000000000000000000020000000a000000000000000000000000000000000000000200000009000000030000000000000000000000000000000200000008000000000300000000000081b0050000000080ed890f0424a7db6b000001890f0000000001a9430000f6a7db6b000000000000000001c04c440000bc5bae94000000000000000001adee0000622ae7be000000000000000001c0d9630000"
                }
            }
        ]
    },
    "import_diff": null
}
