{
    "config": {
        "seed": "42",
        "profile": {
            "Empty": null
        },
        "safrole": false,
        "max_work_items": 1,
        "max_service_keys": 10,
        "mutation_ratio": 0.1,
        "max_mutations": 0,
        "max_steps": 10000
    },
    "stats": {
        "steps": 2,
        "imported": 2,
        "import_max_step": 1,
        "import_min": 9.425068,
        "import_max": 10.40016,
        "import_mean": 9.912614,
        "import_p50": 9.425,
        "import_p75": 9.425,
        "import_p90": 9.425,
        "import_p99": 9.425,
        "import_std_dev": 0.689494165480753
    },
    "target": {
        "info": {
            "name": "FastRoll",
            "app_version": {
                "major": 0,
                "minor": 1,
                "patch": 6
            },
            "jam_version": {
                "major": 0,
                "minor": 7,
                "patch": 0
            }
        },
        "stats": {
            "steps": 1,
            "imported": 1,
            "import_max_step": 1,
            "import_min": 24.745548999999997,
            "import_max": 24.745548999999997,
            "import_mean": 24.745548999999997,
            "import_p50": 24.745548999999997,
            "import_p75": 0.0,
            "import_p90": 24.745548999999997,
            "import_p99": 0.0,
            "import_std_dev": 0.0
        }
    },
    "diff": {
        "roots": {
            "exp": "0x4207f9e183a2dc18e8c788d097037708033840642adc0a7fd3209bea71157f8d",
            "got": "0x7595a52949138187cd51bd96ef77a568b7e763906edb08bbd4ede6e53c5f3017"
        },
        "keyvals": [
            {
                "key": "0x03000000000000000000000000000000000000000000000000000000000000",
                "diff": {
                    "exp": "0x08b4b00f0c28c84bf031b6186cab6b5bf8b7182496a8eeb02df130b9eaa15bd0f121798dc3fb02337e41caa0455ded3f9fa93c3272bad79eb6fca6a94ea430eb7cdf2ec4993d7e0dbd5280aa977198fb4325cc63363954cea55ad7038a88a0fd5702ba520673c08d28b1f888f82f9d221a988771aa5f0282ff3624e0b58c2d5dcec60000000000000000000000000000000000000000000000000000000000000000c0bd080b7b15d5271b6a96ff700ef1dde453a300736e76f51458198ac055f6c9000000000000000000000000000000000000000000000000000000000000000017f4d114430284d34a83855923e4d3acdf211be465afc4e004baff7c06f3eaaa013ecc812e64ed7ada790b3e46cb9a9fb28f55f2f4a97511ce238f74a88c10ce24e00319905e4ff84aec2db24e3b7058aeb06f5d29290ba3b9d1883926d0cebd00ba8258832201175586369d799d3f7a02153c715b9527cce4c879bdb1c6b3d6050673ac652cf084ba7182d262b474aad5f8a4ea0ac6280cb8f98ee9db9710745cd496ef39ee1ad1d34b996b3ad2cb8dd2680bcad98d5efd627634531dd051da5f01dc11514c1dcbd3e78637286881a346758b0b66580acd8813a9413d66868719030000000000000000000000000000000000000000000000000000000000000000c8131aa7d16b4ee883085f2dcd6deee6147bfed310ee8f03cc6ed006cdf8e980819337875a951d06b127938025478761ef58810e2e0d7599d54ed0dfb001f11d966c8eda5702251dfe7a4679ef420a74e5a0acdb7dadc09f10399019dbc50980016225ec410632eb3d95535bc064a96518dee915addc4065028887ffdbbadb0bbc0000000000000000000000000000000000000000000000000000000000000000869797f0602b49fb28a68a7e23ba3d6bf860b88715bc55540a9a5db9dcd821a0d3b16455aad1283a801add21ada8a434d231925eb588ef00828f70dafa934b55c275b316cb728d598d8e6d431b8f83f9e5b4c8ff58baa3b16358b66425108b400033f388263b0b8ee1daa793a15357b5cd0a8bdfe99281e3fcc2b93f866ed16e7982f602a913b300d5fe085b000c626e2732c031faffb9cd5a825d1e99fdbd7580ff9b56412d2f628aba6b32caf2dfd9d420a307aaa2122f5cfd4142ef1d59e341017e4b46d84e58f082ec0a01f55385edcbead2f9a4eec0883890472b065c84fff400000000000000000000000000000000000000000000000000000000000000003cdfed003a634f77807074e1715a1dbe27b484b044b7945422e9b4c527cfa8b3032da9ec6ad6004bbf7c0a7d23d1c4691b9fa25598af8ab0a71ec52bcbc17cc72907d19ced4d7cbc5e3d883304353cf3644b5bc19a71dc9bc18cab6989770450004d87a74da6ec3232466282926113ea4cac6a102a4962567ebd291828450e3e36ec02a2aaa727086edf9d01534f8a20286a05021b6f4fc9a1331c8e370f477e8400000000000000000000000000000000000000000000000000000000000000000106e705300bf1c08e05265934bb311b66fd07dd3e5b8e1fff6db6c971be2eb83900000000000000000000000000000000000000000000000000000000000000000501000000000000000000000000000000000000000000000000000000000000000001ad3228b676f7d3cd4284a5443f17f1962b36e491b30a40b2405849e597ba5fb5000121ddb9a356815c3fac1026b6dec5df3124afbadb485c9ba5a3e3398a04b7ba8501e58769b32a1beaf1ea27375a44095a0d1fb664ce2dd358e7fcbfb78c26a19344",
                    "got": "0x08b4b00f0c28c84bf031b6186cab6b5bf8b7182496a8eeb02df130b9eaa15bd0f121798dc3fb02337e41caa0455ded3f9fa93c3272bad79eb6fca6a94ea430eb7cdf2ec4993d7e0dbd5280aa977198fb4325cc63363954cea55ad7038a88a0fd5702ba520673c08d28b1f888f82f9d221a988771aa5f0282ff3624e0b58c2d5dcec60000000000000000000000000000000000000000000000000000000000000000c0bd080b7b15d5271b6a96ff700ef1dde453a300736e76f51458198ac055f6c9000000000000000000000000000000000000000000000000000000000000000017f4d114430284d34a83855923e4d3acdf211be465afc4e004baff7c06f3eaaa013ecc812e64ed7ada790b3e46cb9a9fb28f55f2f4a97511ce238f74a88c10ce24e00319905e4ff84aec2db24e3b7058aeb06f5d29290ba3b9d1883926d0cebd00ba8258832201175586369d799d3f7a02153c715b9527cce4c879bdb1c6b3d6050673ac652cf084ba7182d262b474aad5f8a4ea0ac6280cb8f98ee9db9710745cd496ef39ee1ad1d34b996b3ad2cb8dd2680bcad98d5efd627634531dd051da5f01dc11514c1dcbd3e78637286881a346758b0b66580acd8813a9413d66868719030000000000000000000000000000000000000000000000000000000000000000c8131aa7d16b4ee883085f2dcd6deee6147bfed310ee8f03cc6ed006cdf8e980819337875a951d06b127938025478761ef58810e2e0d7599d54ed0dfb001f11d966c8eda5702251dfe7a4679ef420a74e5a0acdb7dadc09f10399019dbc50980016225ec410632eb3d95535bc064a96518dee915addc4065028887ffdbbadb0bbc0000000000000000000000000000000000000000000000000000000000000000869797f0602b49fb28a68a7e23ba3d6bf860b88715bc55540a9a5db9dcd821a0d3b16455aad1283a801add21ada8a434d231925eb588ef00828f70dafa934b55c275b316cb728d598d8e6d431b8f83f9e5b4c8ff58baa3b16358b66425108b400033f388263b0b8ee1daa793a15357b5cd0a8bdfe99281e3fcc2b93f866ed16e7982f602a913b300d5fe085b000c626e2732c031faffb9cd5a825d1e99fdbd7580ff9b56412d2f628aba6b32caf2dfd9d420a307aaa2122f5cfd4142ef1d59e341017e4b46d84e58f082ec0a01f55385edcbead2f9a4eec0883890472b065c84fff400000000000000000000000000000000000000000000000000000000000000003cdfed003a634f77807074e1715a1dbe27b484b044b7945422e9b4c527cfa8b3032da9ec6ad6004bbf7c0a7d23d1c4691b9fa25598af8ab0a71ec52bcbc17cc72907d19ced4d7cbc5e3d883304353cf3644b5bc19a71dc9bc18cab6989770450003b524b7224782cb0d309deba8c5295773a62a2623ed8d13b5c0c5070a04047d9ec02a2aaa727086edf9d01534f8a20286a05021b6f4fc9a1331c8e370f477e840000000000000000000000000000000000000000000000000000000000000000000501000000000000000000000000000000000000000000000000000000000000000001ad3228b676f7d3cd4284a5443f17f1962b36e491b30a40b2405849e597ba5fb5000121ddb9a356815c3fac1026b6dec5df3124afbadb485c9ba5a3e3398a04b7ba8501e58769b32a1beaf1ea27375a44095a0d1fb664ce2dd358e7fcbfb78c26a19344"
                }
            },
            {
                "key": "0x0a000000000000000000000000000000000000000000000000000000000000",