{
    "config": {
        "seed": "42",
        "profile": {
            "empty": null
        },
        "safrole": false,
        "max_work_items": 1,
        "max_service_keys": 10,
        "mutation_ratio": 0.1,
        "max_mutations": 0,
        "max_steps": 10000
    },
    "stats": {
        "steps": 2,
        "imported": 2,
        "import_max_step": 2,
        "import_min": 10.614169,
        "import_max": 10.821018,
        "import_mean": 10.7175935,
        "import_p50": 10.614,
        "import_p75": 10.614,
        "import_p90": 10.614,
        "import_p99": 10.614,
        "import_std_dev": 0.14626433058165683
    },
    "target": {
        "info": {
            "fuzz_version": 1,
            "fuzz_features": 0,
            "jam_version": {
                "major": 0,
                "minor": 7,
                "patch": 0
            },
            "app_version": {
                "major": 0,
                "minor": 1,
                "patch": 11
            },
            "app_name": "FastRoll"
        },
        "stats": {
            "steps": 2,
            "imported": 1,
            "import_max_step": 1,
            "import_min": 22.607730999999998,
            "import_max": 22.607730999999998,
            "import_mean": 22.607730999999998,
            "import_p50": 22.607730999999998,
            "import_p75": 0.0,
            "import_p90": 22.607730999999998,
            "import_p99": 0.0,
            "import_std_dev": 0.0
        }
    },
    "state_diff": null,
    "import_diff": {
        "exp": "ok",
        "got": "Block header contains invalid parent hash. Parent hash: 3cdfed003a634f77807074e1715a1dbe27b484b044b7945422e9b4c527cfa8b3, Best header hash: 3b524b7224782cb0d309deba8c5295773a62a2623ed8d13b5c0c5070a04047d9"
    }
}
