{
    "config": {
        "seed": "42",
        "profile": {
            "empty": null
        },
        "safrole": false,
        "max_work_items": 1,
        "max_service_keys": 10,
        "mutation_ratio": 0.1,
        "max_mutations": 0,
        "max_steps": 10000
    },
    "stats": {
        "steps": 1,
        "imported": 1,
        "import_max_step": 1,
        "import_min": 16.587151000000002,
        "import_max": 16.587151000000002,
        "import_mean": 16.587151000000002,
        "import_p50": 16.587151000000002,
        "import_p75": 0.0,
        "import_p90": 16.587151000000002,
        "import_p99": 0.0,
        "import_std_dev": 0.0
    },
    "target": {
        "info": {
            "fuzz_version": 1,
            "fuzz_features": 0,
            "jam_version": {
                "major": 0,
                "minor": 7,
                "patch": 0
            },
            "app_version": {
                "major": 0,
                "minor": 0,
                "patch": 1
            },
            "app_name": "gossamer-jam"
        },
        "stats": {
            "steps": 1,
            "imported": 1,
            "import_max_step": 1,
            "import_min": 102.606581,
            "import_max": 102.606581,
            "import_mean": 102.606581,
            "import_p50": 102.606581,
            "import_p75": 0.0,
            "import_p90": 102.606581,
            "import_p99": 0.0,
            "import_std_dev": 0.0
        }
    },
    "state_diff": {
        "roots": {
            "exp": "0x7209e601a05e05967b54dffefa816c78e92acd1a26cfe25366e0d772741d5b44",
            "got": "0xcce8ac1c3dba4cf91303f08768e32ed82ecb7a001966cc933ff61bd2ed5221f3"
        },
        "keyvals": [
            {
                "key": "0x03000000000000000000000000000000000000000000000000000000000000",
                "diff": {
                    "exp": "0x08e91fe11d23f4439b28083e3044bdf46f536a2eddff1367526bf5e45f34aaa2dcd2c8da7e0cd9cca0dc12bafecc309d21d9bcc695b4456d356585064e9757e513e0b77e233ffcf21fd220838e618e09d2f309550e43b6830aa6fc63fdbc8b4072003b505bbb0dc8804a680387028b6f6272a514c6bda182defb3e9ff3df5057b8a73a716c75356c708b2b74caf6d6d23b2929ede18976c15cb1ba079ce749ac5ebc9a914d8a6cc7dd46d2c792545da91b355f619d8e5947996e9afe4aaa05fe6de500dd0718caf32ca233af5ff900290e329882d9edee47c348c3f2ba1b268e5884576bc2c613263068ae417ad15309581bec1885a04e76cba16dfa137f5bab04f20a928a16cc55f88402447471f15a8f28f4cf80d4144fffdcce3102bda87fa7367a0037939820a727a6c717e40077da214e76a19654a3335cfcb30988f4664d71eaba692e3cd2681e567b9a0cde6c7cf37505bb54a786bca9f06cae3ee562179ae623d343863cee21218b6467a3c8117c0fbd5023d8f496ac128f562056982643ea2301945c5f7d527075da89826cd6937f4f6145ea45cf215e30943f562490e6a6ec7c0000000000000000000000000000000000000000000000000000000000000000294e1f97f024429aa862a408084af838029bb81fafa8d00cf41f9d8e1c5f9d4302b7032574158e3081449a09f334de5c20f7a163e7b01a347e0b3fc42ef483074701550bc0723b3ba2a3a58e810fad947623dd9d88a255eb7d3b54c9fcacb9360173b02a3fa6e84e1580d60e7bf7b2c635fd40d8713f0f24eaacd5e7209b370f4d00000000000000000000000000000000000000000000000000000000000000001aee8be9dafa9bc6af3db63184daa7eb3d2423544408500700d51a5978bf8fdfcb59b500f8baf6ec8d05c9888415f047518d6347819df25dcc23c9ada17b72c324ae2bf330e096a44bc73957ab8582dee8090b7e1d2edb916c3c1ea04c4ee6cf013b6004ed0f86333df0159a99d42b4db1a01a36778ae87a6cc7d88504bac2ec2a000000000000000000000000000000000000000000000000000000000000000093674ee79289aa13f1dcb2bb2ebc659d4622e52457a7885f45c6239d17d78709d8f9c43f86fc46f304eb4ff0020f0e161f8b1a00d4623a5bf05cb16d1fc6a8506eab1559d8a88dd28b87862db89eff99b0789ad4c175eaf4c9f182dd3ad66387013775de5d716a5c8ac668d34aa4f7c9d5502702cf2f7c29c5d38be81a20854a560000000000000000000000000000000000000000000000000000000000000000ee19cf64f2c2c07ee4f495813962491fbc93df5962f08e09eb4808be487660eef5c6b4910f9782a43876069a93518c2a20b29d7528dad6033c922c5aaf1e069700000000000000000000000000000000000000000000000000000000000000000153c72615cbb7de62c97a4c331e335b1bc3609d768f759dcb3a27448a04daeb150000000000000000000000000000000000000000000000000000000000000000060001096bad5cfe0914ce0e9a62bc26b79a64eecd1b1e3ea0ad8c868c3ce97f0228ad01b4c11951957c6f8f642c4af61cd6b24640fec6dc7fc607ee8206a99e92410d300000013a716c75356c708b2b74caf6d6d23b2929ede18976c15cb1ba079ce749ac5ebc",
                    "got": "0x08e91fe11d23f4439b28083e3044bdf46f536a2eddff1367526bf5e45f34aaa2dcd2c8da7e0cd9cca0dc12bafecc309d21d9bcc695b4456d356585064e9757e513e0b77e233ffcf21fd220838e618e09d2f309550e43b6830aa6fc63fdbc8b4072003b505bbb0dc8804a680387028b6f6272a514c6bda182defb3e9ff3df5057b8a73a716c75356c708b2b74caf6d6d23b2929ede18976c15cb1ba079ce749ac5ebc9a914d8a6cc7dd46d2c792545da91b355f619d8e5947996e9afe4aaa05fe6de500dd0718caf32ca233af5ff900290e329882d9edee47c348c3f2ba1b268e5884576bc2c613263068ae417ad15309581bec1885a04e76cba16dfa137f5bab04f20a928a16cc55f88402447471f15a8f28f4cf80d4144fffdcce3102bda87fa7367a0037939820a727a6c717e40077da214e76a19654a3335cfcb30988f4664d71eaba692e3cd2681e567b9a0cde6c7cf37505bb54a786bca9f06cae3ee562179ae623d343863cee21218b6467a3c8117c0fbd5023d8f496ac128f562056982643ea2301945c5f7d527075da89826cd6937f4f6145ea45cf215e30943f562490e6a6ec7c0000000000000000000000000000000000000000000000000000000000000000294e1f97f024429aa862a408084af838029bb81fafa8d00cf41f9d8e1c5f9d4302b7032574158e3081449a09f334de5c20f7a163e7b01a347e0b3fc42ef483074701550bc0723b3ba2a3a58e810fad947623dd9d88a255eb7d3b54c9fcacb9360173b02a3fa6e84e1580d60e7bf7b2c635fd40d8713f0f24eaacd5e7209b370f4d00000000000000000000000000000000000000000000000000000000000000001aee8be9dafa9bc6af3db63184daa7eb3d2423544408500700d51a5978bf8fdfcb59b500f8baf6ec8d05c9888415f047518d6347819df25dcc23c9ada17b72c324ae2bf330e096a44bc73957ab8582dee8090b7e1d2edb916c3c1ea04c4ee6cf013b6004ed0f86333df0159a99d42b4db1a01a36778ae87a6cc7d88504bac2ec2a000000000000000000000000000000000000000000000000000000000000000093674ee79289aa13f1dcb2bb2ebc659d4622e52457a7885f45c6239d17d78709d8f9c43f86fc46f304eb4ff0020f0e161f8b1a00d4623a5bf05cb16d1fc6a8506eab1559d8a88dd28b87862db89eff99b0789ad4c175eaf4c9f182dd3ad66387013775de5d716a5c8ac668d34aa4f7c9d5502702cf2f7c29c5d38be81a20854a560000000000000000000000000000000000000000000000000000000000000000ee19cf64f2c2c07ee4f495813962491fbc93df5962f08e09eb4808be487660ee5021b562451e8880e9a8b23491314dbb82a1febefc382426f7b1ab309f2f8d0c00000000000000000000000000000000000000000000000000000000000000000153c72615cbb7de62c97a4c331e335b1bc3609d768f759dcb3a27448a04daeb150000000000000000000000000000000000000000000000000000000000000000060001f7deab7502defbce123cba0b84674fa0092246174c3eea40015b86c63185ada901b4c11951957c6f8f642c4af61cd6b24640fec6dc7fc607ee8206a99e92410d300000013a716c75356c708b2b74caf6d6d23b2929ede18976c15cb1ba079ce749ac5ebc"
                }
            },
            {
                "key": "0x10000000000000000000000000000000000000000000000000000000000000",
                "diff": {
                    "exp": "0x03f6a7db6b38606724600532bf13caed2d1aa6770225ed38bb213bf1b656689c68a1df2d29bc5bae945bb4353b428c0d4c422f2f7576ea5205091c08926ed7fc6a420cf172f40b1cb5622ae7be0f60baf1c25d5f6c212cddbd58ef1bad5fa167c4cc18d7ba1f9ffc89df36e9dc",
                    "got": "0x03f6a7db6b38606724600532bf13caed2d1aa6770225ed38bb213bf1b656689c68a1df2d29622ae7be0f60baf1c25d5f6c212cddbd58ef1bad5fa167c4cc18d7ba1f9ffc89df36e9dcbc5bae945bb4353b428c0d4c422f2f7576ea5205091c08926ed7fc6a420cf172f40b1cb5"
                }
            }
        ]
    },
    "import_diff": null
}
