{
    "config": {
        "seed": "42",
        "max_steps": 4294967295,
        "safrole": false,
        "profile": {
            "full": null
        },
        "fuzzy_profile": {
            "full": null
        },
        "max_work_items": 3,
        "mutation_ratio": 0.0,
        "max_mutations": 0
    },
    "stats": {
        "steps": 1,
        "imported": 1,
        "import_max_step": 1,
        "import_min": 5.13073,
        "import_max": 5.13073,
        "import_mean": 5.13073,
        "import_p50": 5.13073,
        "import_p75": 0.0,
        "import_p90": 5.13073,
        "import_p99": 0.0,
        "import_std_dev": 0.0
    },
    "target": {
        "info": {
            "fuzz_version": 1,
            "fuzz_features": 2,
            "jam_version": {
                "major": 0,
                "minor": 7,
                "patch": 2
            },
            "app_version": {
                "major": 0,
                "minor": 5,
                "patch": 0
            },
            "app_name": "@typeberry/jam"
        },
        "stats": {
            "steps": 1,
            "imported": 1,
            "import_max_step": 1,
            "import_min": 69.842163,
            "import_max": 69.842163,
            "import_mean": 69.842163,
            "import_p50": 69.842163,
            "import_p75": 0.0,
            "import_p90": 69.842163,
            "import_p99": 0.0,
            "import_std_dev": 0.0
        }
    },
    "error": {
        "state_diff": {
            "roots": {
                "exp": "0x6eba15cc6155fbc46f639ecd1e668b5c52ab638c2051354e235a7df42ae02262",
                "got": "0x865840db8748866b69c9af24697a668e4c3889d40d610a8bfdcd393039c76054"
            },
            "keyvals": [
                {
                    "key": "0x0d000000000000000000000000000000000000000000000000000000000000",
                    "diff": {
                        "exp": "0x00000000000000000000000000000000010000000100000001000000000000000000000000000000000000000100000001000000000000000000000000000000010000000200000000000000000000000000000000000000000000000100000000000000000000000000000000000000000000000200000000000000000000000000000000000000010000000200000001000000000000000000000000000000080000000a00000004000000000000000000000000000000050000000a00000001000000000000000000000000000000080000000a00000000000000000000000000000000000000030000000c00000003000000000000000000000000000000030000000900000003000000000000000000000000000000060000000b000000854c05001e8818008eb4b8460000000000000000049515cb530000029668000781580001c0b95237661aa40000018b4a000a830c00000061661aa40000018b4a0005814a0000008b661aa40000018b4a0008826a000000",
                        "got": "0x00000000000000000000000000000000000000000100000001000000000000000000000000000000010000000100000001000000000000000000000000000000000000000200000000000000000000000000000000000000010000000100000000000000000000000000000000000000010000000200000000000000000000000000000000000000000000000200000001000000000000000000000000000000080000000a00000004000000000000000000000000000000050000000a00000001000000000000000000000000000000080000000a00000000000000000000000000000000000000030000000c00000003000000000000000000000000000000030000000900000003000000000000000000000000000000060000000b000000854c05001e8818008eb4b8460000000000000000049515cb530000029668000781580001c0b95237661aa40000018b4a000a830c00000061661aa40000018b4a0005814a0000008b661aa40000018b4a0008826a000000"
                    }
                }
            ]
        }
    }
}