{
    "config": {
        "seed": "42",
        "profile": {
            "empty": null
        },
        "safrole": false,
        "max_work_items": 1,
        "max_service_keys": 10,
        "mutation_ratio": 0.1,
        "max_mutations": 0,
        "max_steps": 10000
    },
    "stats": {
        "steps": 1,
        "imported": 1,
        "import_max_step": 1,
        "import_min": 11.640804,
        "import_max": 11.640804,
        "import_mean": 11.640804,
        "import_p50": 11.640804,
        "import_p75": 0.0,
        "import_p90": 11.640804,
        "import_p99": 0.0,
        "import_std_dev": 0.0
    },
    "target": {
        "info": {
            "fuzz_version": 1,
            "fuzz_features": 2,
            "jam_version": {
                "major": 0,
                "minor": 7,
                "patch": 0
            },
            "app_version": {
                "major": 0,
                "minor": 0,
                "patch": 1
            },
            "app_name": "strawberry"
        },
        "stats": {
            "steps": 1,
            "imported": 1,
            "import_max_step": 1,
            "import_min": 322.559688,
            "import_max": 322.559688,
            "import_mean": 322.559688,
            "import_p50": 322.559688,
            "import_p75": 0.0,
            "import_p90": 322.559688,
            "import_p99": 0.0,
            "import_std_dev": 0.0
        }
    },
    "state_diff": {
        "roots": {
            "exp": "0x3db2b7f6e5c890594f436af9145f1d0f204f4b863ba40c8da82a76598fb9c45e",
            "got": "0xdf2ad52c6ac3849a98360b6156d5fe971cd97f6b1fbaec58f7b2cdccd5811976"
        },
        "keyvals": [
            {
                "key": "0x03000000000000000000000000000000000000000000000000000000000000",
                "diff": {
                    "exp": "0x089e790046be5b84d58e9d9c9f1ea0ba3f126e6f7e296f22802bc61ec95d63091fb4c11951957c6f8f642c4af61cd6b24640fec6dc7fc607ee8206a99e92410d30920fe57a03c4e32312e570d292921fce05e2ffdfd4a86e7a4f0ce6becaebe340021478b65646f7b73d1de8411958053343366c92c7d371ae2570e77b8a0921427600000000000000000000000000000000000000000000000000000000000000002caa29f63c91e874df8431296d189a0f8fe5f3d6366554d438618da07338c969000000000000000000000000000000000000000000000000000000000000000016cde628a8014d9d4285fc18eb635e2dc2baf95c0626f9a7f07bdf3bfb24c012e884038e46068eaab1df24317c855e78fe94335d4adb7aa6c62920ce1352eed77a86457e93142d8b5b3b8fed22d92027291c56a57fa561ccab0b4e9c01c9304a023b86e684efa3f4a6d65364ca491d640cb3828a7aa8c5669cc211cfbe9b37d3120000000000000000000000000000000000000000000000000000000000000000807159aea878f76fe4248157a1e87b57183f7c244d2d49d10b92282e2ecf964e0000000000000000000000000000000000000000000000000000000000000000317106a1a163d30d9d44f8abfc8a0b47e3d686910042da15cd91905663f289a8fee77aea940e38601cb828d2878308e32529f8382cf85f7a29b75f1c826985bc9a517b0f9748823ce811bcabe6f909069b091b1b9e18879ca80e3625ff06de220242a76ff9ac1ba4598237db6a2639e15dcd704c3cd88291d8257b5ed7700875eb0000000000000000000000000000000000000000000000000000000000000000aede00b8fbe47be222be17ab754ff983036d1ad6a83afd9c90ebea2683fc7cb900000000000000000000000000000000000000000000000000000000000000007c6e59caf59e704863fed7b33a29daf37e6a6f8546119b6bf71d4a698ef6086e2fc9a372a65e2341f5e92ca21944a87986a3ff07b5c5cbabd6f36187ff1436f36770ccbdc69b4e20cacb51da5fe3afd9799ee026976a810e9ed9b3ce1fb514f8012cfb20f65393270555eb895ff0f48684a412fe21406478d0e026e4edf6a714d20000000000000000000000000000000000000000000000000000000000000000ea1afe01aede93dab1542b7128174cb8749b127c25fb818996dbbd7b52a9820e21ddb9a356815c3fac1026b6dec5df3124afbadb485c9ba5a3e3398a04b7ba854a5e55375655613b8787e780bdb64adb47125ea61d34bc357b3a3159261ddbeb016db9a483f21892f556d645d3f591d38d3bd101420fd7782cfff51d54b9ce19c10000000000000000000000000000000000000000000000000000000000000000be6f13d2ef3925c27bd97ae6e08fa2730f9cf5ed4ece2a179c3775ae7092afdb1978bdc2f9989334b4d216e72a14297dd9b06c8feaf1f80cde76cf1057786a2b5aba206289930e4372922e9f3058e9c70b9b248c2a4f0df5c4a644b09320931701415e66dfd287d4fd8c92a80b233f752c6d3b3c689eea8a1502f44d3ad3e023060000000000000000000000000000000000000000000000000000000000000000aa3f0ff301cee4ab172f384da18a24933d9c33cf2e715d4626dfeb110964ded28a85dc6d9ee0c0cff73f0ffb486c637ff44ef8c683e66612e91c5cfa64f4f7d8bf9d44fc93e9f91f8ad1e8a2646c0759bdeeb4a65ae7c9800964f9a8fff32ef702012f18fcbeb6018b98e82385b96641b841275970cff618be651251b3ec83c71f00000000000000000000000000000000000000000000000000000000000000008cd6705336a08c9e0ceca4d3ccf3f7243d9c2ed4e488b0b72b8f82edef196fb7000000000000000000000000000000000000000000000000000000000000000047f7f06847ea5f64668edcc1dd790316306d2bf5098699fe4e4e03cffa47d4faf5639e580520648cb811abc5d78b79dd81b950a7ac5fc5c4ea48691b5dc87aec0000000000000000000000000000000000000000000000000000000000000000000401a7747132fb9ead75d1ed08d104f00f2a67612c900c5a4735e53b79df2c9720f001f4ad7d7ef8d94998563bfa887a5cd94403cfa00ce56103f269453534435a0f5c000121ddb9a356815c3fac1026b6dec5df3124afbadb485c9ba5a3e3398a04b7ba85",