{
    "config": {
        "seed": "1766244556_6133",
        "max_steps": 1000000,
        "safrole": false,
        "profile": {
            "full": null
        },
        "fuzzy_profile": {
            "rand": null
        },
        "max_work_items": 5,
        "mutation_ratio": 0.1,
        "max_mutations": 10
    },
    "stats": {
        "steps": 12107,
        "imported": 2563,
        "import_max_step": 130,
        "import_min": 1.2702550000000001,
        "import_max": 256.462371,
        "import_mean": 6.700894237221997,
        "import_p50": 4.466,
        "import_p75": 6.005,
        "import_p90": 7.744,
        "import_p99": 94.411,
        "import_std_dev": 14.289338297202164
    },
    "target": {
        "info": {
            "fuzz_version": 1,
            "fuzz_features": 2,
            "jam_version": {
                "major": 0,
                "minor": 7,
                "patch": 2
            },
            "app_version": {
                "major": 0,
                "minor": 3,
                "patch": 20
            },
            "app_name": "JavaJAM"
        },
        "stats": {
            "steps": 12107,
            "imported": 2563,
            "import_max_step": 12107,
            "import_min": 1.1165280000000002,
            "import_max": 219.476694,
            "import_mean": 7.8076886394849865,
            "import_p50": 5.039,
            "import_p75": 7.715,
            "import_p90": 11.74,
            "import_p99": 59.489,
            "import_std_dev": 12.317414706305014
        }
    },
    "error": {
        "state_diff": {
            "roots": {
                "exp": "0xc50c273d794ab101a2c0a5cde2d7a0964f4699d1c9e81ed46f469d2f494ea0a5",
                "got": "0xaad26853bd7b867e2198b45ff63fecbe684a280d0fd5d381fd214558b66d377a"
            },
            "keyvals": [
                {
                    "key": "0x0d000000000000000000000000000000000000000000000000000000000000",
                    "diff": {
                        "exp": "0x01000000000000000000000000000000000000000100000000000000000000000000000000000000010000000100000000000000000000000000000000000000010000000100000000000000000000000000000000000000010000000100000000000000000000000000000000000000000000000100000000000000000000000000000000000000000000000100000003000000000000000000000000000000030000000800000000000000000000000000000000000000050000000900000000000000000000000000000000000000060000000a000000010000000000000000000000000000000500000009000000010000000000000000000000000000000600000008000000050000000000000000000000000000000600000009000000855a0600000000000085a106000c832b00867f96d60400000000000000000000000001a0ced0cc681900000296d6000c832b0001c0126a298a1e7a000000000000000001a919b7d2c3bd000000000000000001c1b610",
                        "got": "0x01000000000000000000000000000000000000000100000000000000000000000000000000000000010000000100000000000000000000000000000000000000010000000100000000000000000000000000000000000000010000000100000000000000000000000000000000000000000000000100000000000000000000000000000000000000000000000100000003000000000000000000000000000000030000000800000000000000000000000000000000000000050000000900000000000000000000000000000000000000060000000a000000010000000000000000000000000000000500000009000000010000000000000000000000000000000600000008000000050000000000000000000000000000000600000009000000855a0600000000000085a106000c832b00867f96d60200000000000000000000000001a0ced0cc681900000296d6000c832b0001c0126a"
                    }
                },
                {
                    "key": "0x29298a2c1ed17a40bc50d602526f4b46e8aca90eb8c77c165b6497cae7625f",
                    "diff": {
                        "exp": "0x05000000",
                        "got": "0x04000000"
                    }
                },
                {
                    "key": "0x29d98ad81ec77aa728716601ff41b69f853105e6485a79109d4d3e252fb630",
                    "diff": {
                        "exp": "0x1000000000cb643d022f350b0bd0cc6819b0bbbc2f298a1e7a1841f87a3a7a4791647a479181ffb2ac773effb58dd2c3bdb7d2c3bdfdfac9d1bc337ed9e20e6654",
                        "got": "0x1000000000cb643d022f350b0bd0cc6819b0bbbc2f298a1e7a1841f87a3a7a4791647a479181ffb2ac773effb58dd2c3bdb7d2c3bdfdfac9d1bc337ed9037aba36"
                    }
                },
                {
                    "key": "0xb729d22cc3d1bd40bc50d602526f4b46e8aca90eb8c77c165b6497cae7625f",
                    "diff": {
                        "exp": "0x2f000000",
                        "got": "0x2e000000"
                    }
                },
                {
                    "key": "0xb7d9d2d8c3c7bda728716601ff41b69f853105e6485a79109d4d3e252fb630",
                    "diff": {
                        "exp": "0x1000000000cb643d022f350b0bd0cc6819b0bbbc2f298a1e7a1841f87a3a7a4791647a479181ffb2ac773effb58dd2c3bdb7d2c3bdfdfac9d1bc337ed9511d36bc",
                        "got": "0x1000000000cb643d022f350b0bd0cc6819b0bbbc2f298a1e7a1841f87a3a7a4791647a479181ffb2ac773effb58dd2c3bdb7d2c3bdfdfac9d1bc337ed9af42e1b7"
                    }
                },
                {
                    "key": "0xff29008a001e007a0000000000000000000000000000000000000000000000",
                    "diff": {
                        "exp": "0x00bb8648e2eb5cab1ebb8129eca29c8af2e5155fe1ac9400ab01852a1e0cc82b1ef9e8040000000000102700000000000010270000000000003e6c02000000000000000000000000000a000000220800003508000000000000",
                        "got": "0x00bb8648e2eb5cab1ebb8129eca29c8af2e5155fe1ac9400ab01852a1e0cc82b1ef9e8040000000000102700000000000010270000000000003e6c02000000000000000000000000000a000000220800003208000000000000"
                    }
                },
                {
                    "key": "0xffb700d200c300bd0000000000000000000000000000000000000000000000",
                    "diff": {
                        "exp": "0x00bb8648e2eb5cab1ebb8129eca29c8af2e5155fe1ac9400ab01852a1e0cc82b1eb07f06000000000010270000000000001027000000000000f96d020000000000000000000000000010000000860700003508000000000000",
                        "got": "0x00bb8648e2eb5cab1ebb8129eca29c8af2e5155fe1ac9400ab01852a1e0cc82b1eb07f06000000000010270000000000001027000000000000f96d020000000000000000000000000010000000860700003208000000000000"
                    }
                }
            ]
        }
    }
}