{
    "config": {
        "seed": "42",
        "profile": {
            "empty": null
        },
        "safrole": false,
        "max_work_items": 1,
        "max_service_keys": 10,
        "mutation_ratio": 0.1,
        "max_mutations": 0,
        "max_steps": 10000
    },
    "stats": {
        "steps": 1,
        "imported": 1,
        "import_max_step": 1,
        "import_min": 8.128543,
        "import_max": 8.128543,
        "import_mean": 8.128543,
        "import_p50": 8.128543,
        "import_p75": 0.0,
        "import_p90": 8.128543,
        "import_p99": 0.0,
        "import_std_dev": 0.0
    },
    "target": {
        "info": {
            "fuzz_version": 1,
            "fuzz_features": 2,
            "jam_version": {
                "major": 0,
                "minor": 7,
                "patch": 0
            },
            "app_version": {
                "major": 0,
                "minor": 0,
                "patch": 1
            },
            "app_name": "strawberry"
        },
        "stats": {
            "steps": 1,
            "imported": 1,
            "import_max_step": 1,
            "import_min": 287.64775399999996,
            "import_max": 287.64775399999996,
            "import_mean": 287.64775399999996,
            "import_p50": 287.64775399999996,
            "import_p75": 0.0,
            "import_p90": 287.64775399999996,
            "import_p99": 0.0,
            "import_std_dev": 0.0
        }
    },
    "state_diff": {
        "roots": {
            "exp": "0xcf4c7334700220ef584c16f5679670f143923233578fcee42046ed4e7242dac8",
            "got": "0x220e15336aef55c96be65e40ff2d26b9f4a12af14aa7710e38b5e9f30918faf4"
        },
        "keyvals": [
            {
                "key": "0x03000000000000000000000000000000000000000000000000000000000000",
                "diff": {
                    "exp": "0x08596d04d994e2bad71ee12a2df98783f6750d1f40363a8d26ec8303fb4362f823fc9aef7f64cd6e11a8a60fa3af44f817c33b12b4c623daccd4611710c671ec2367d4375a79acfd272d0e415f648d25e27af4cc0aa4fe23632e54325ca9ff19b4005610336e3324dcef876d75ef614147c3f115222d3ac75f9ffe5eb043eeb56a58e58769b32a1beaf1ea27375a44095a0d1fb664ce2dd358e7fcbfb78c26a193444f2a6e835e58877eff3da8d43b1c5e637577bb5a936c52b71625a99bdad915ba0193d24b1599ea3bb6a194551140ddc5127305ebccdf6f3613c6e84b74c966f1db000000000000000000000000000000000000000000000000000000000000000051a26fe81a05382cd99b7f47d879c029ebee7195a729adb1e0d425d48c05ce7a1c28d7753d0da2a474006b499e96ffb0ee39817ab95a6ac4c4df44e5ce771a25575db29b16a231b7d937bc141b77c15d5139770137e2f2ef672f69dd9224639201d546e4f177d0b4c6ea3395bc1f05aa27e1ad9d15184325ddfc463dfbc2ef0fd50000000000000000000000000000000000000000000000000000000000000000a88b4692103382b4b38bfb46647e98801048729f322c924e358f03d567aa20589faa0c43252e1ba7c1ef557ea9878bb782a2b020ca7d6224637e5a3924ba159a9670a1a024efda839b318f94c46c7f0b4ab0a6fb88fc2d50feaa6ccaf0e76a6300d98af6e1a9ffe49f4d83a3de55cc002a6af744f103173c2924b111d1d56c5cfbc533236987243f5cfa2d9bf16377c9a55abf736f74b8d2d069ee9a361c9df0ddfefd942d4965208759923416b30c7f44255204b907aa2220d1e20d9ac18ab8c001ffd6697b2ed844d18e722ab7571543a480a03ead75f71981b18a8707e65b9c96000000000000000000000000000000000000000000000000000000000000000062a3031cc40eb672ce35fa35b2d60039c9683bf90c813ca4014be22049ff572a21798dc3fb02337e41caa0455ded3f9fa93c3272bad79eb6fca6a94ea430eb7c48a1483cd7a88e0f872925b10df02837f0f14a16d12ded47ed64660fbba2584f016007a72fd3ec6da6673a4bc6f938205244adeda2be80c5e1c6c636d1b8691c8f0000000000000000000000000000000000000000000000000000000000000000ae348baf3a259c595133346dd89773f536fea8fe130533d219325d5731f2a99499ae3cd8555fd4a9c0e07318ca2cc7bcea475525ae7ee62d81ff15c0cf7248c83a67e0d0c17e5f33821cf2b0d99ac54a17969482734d07fe98c9210b792130180028c39662a1078d1139c34eb42bbd5d67f10f657f1fab3d2196aca511e991706b8b713dfd54da2535d264a272cbc5263d60c23448971fd1fefad8285bc4fd0ffc0000000000000000000000000000000000000000000000000000000000000000023cad1f404e84b172a2c4ab1b5c6c17cc3be6954953555fa65af68fb650fc68ba00000000000000000000000000000000000000000000000000000000000000009d8b6ab463cb9540c093057ca243a62f13674e09ab2ef5668bbe5d68d5c48cbe00000000000000000000000000000000000000000000000000000000000000000500019bb09d9d189d1cb7a4e6349487ac764683561e05c8d6f5cac4b239027fc1475b01b4c11951957c6f8f642c4af61cd6b24640fec6dc7fc607ee8206a99e92410d300001e58769b32a1beaf1ea27375a44095a0d1fb664ce2dd358e7fcbfb78c26a19344",
                    "got": "0x08596d04d994e2bad71ee12a2df98783f6750d1f40363a8d26ec8303fb4362f823fc9aef7f64cd6e11a8a60fa3af44f817c33b12b4c623daccd4611710c671ec2367d4375a79acfd272d0e415f648d25e27af4cc0aa4fe23632e54325ca9ff19b4005610336e3324dcef876d75ef614147c3f115222d3ac75f9ffe5eb043eeb56a58e58769b32a1beaf1ea27375a44095a0d1fb664ce2dd358e7fcbfb78c26a193444f2a6e835e58877eff3da8d43b1c5e637577bb5a936c52b71625a99bdad915ba0193d24b1599ea3bb6a194551140ddc5127305ebccdf6f3613c6e84b74c966f1db000000000000000000000000000000000000000000000000000000000000000051a26fe81a05382cd99b7f47d879c029ebee7195a729adb1e0d425d48c05ce7a1c28d7753d0da2a474006b499e96ffb0ee39817ab95a6ac4c4df44e5ce771a25575db29b16a231b7d937bc141b77c15d5139770137e2f2ef672f69dd9224639201d546e4f177d0b4c6ea3395bc1f05aa27e1ad9d15184325ddfc463dfbc2ef0fd50000000000000000000000000000000000000000000000000000000000000000a88b4692103382b4b38bfb46647e98801048729f322c924e358f03d567aa20589faa0c43252e1ba7c1ef557ea9878bb782a2b020ca7d6224637e5a3924ba159a9670a1a024efda839b318f94c46c7f0b4ab0a6fb88fc2d50feaa6ccaf0e76a6300d98af6e1a9ffe49f4d83a3de55cc002a6af744f103173c2924b111d1d56c5cfbc533236987243f5cfa2d9bf16377c9a55abf736f74b8d2d069ee9a361c9df0ddfefd942d4965208759923416b30c7f44255204b907aa2220d1e20d9ac18ab8c001ffd6697b2ed844d18e722ab7571543a480a03ead75f71981b18a8707e65b9c96000000000000000000000000000000000000000000000000000000000000000062a3031cc40eb672ce35fa35b2d60039c9683bf90c813ca4014be22049ff572a21798dc3fb02337e41caa0455ded3f9fa93c3272bad79eb6fca6a94ea430eb7c48a1483cd7a88e0f872925b10df02837f0f14a16d12ded47ed64660fbba2584f016007a72fd3ec6da6673a4bc6f938205244adeda2be80c5e1c6c636d1b8691c8f0000000000000000000000000000000000000000000000000000000000000000ae348baf3a259c595133346dd89773f536fea8fe130533d219325d5731f2a99499ae3cd8555fd4a9c0e07318ca2cc7bcea475525ae7ee62d81ff15c0cf7248c83a67e0d0c17e5f33821cf2b0d99ac54a17969482734d07fe98c9210b792130180028c39662a1078d1139c34eb42bbd5d67f10f657f1fab3d2196aca511e991706be57ccbbe0f76dc80d0a8ab3fe2e5385ba3cd80682dec9c1630a5bd1595bc2d840000000000000000000000000000000000000000000000000000000000000000023cad1f404e84b172a2c4ab1b5c6c17cc3be6954953555fa65af68fb650fc68ba00000000000000000000000000000000000000000000000000000000000000009d8b6ab463cb9540c093057ca243a62f13674e09ab2ef5668bbe5d68d5c48cbe00000000000000000000000000000000000000000000000000000000000000000500014be2a21f5ab4ebc338a5be8c6aa24c9abe572db619afb70a12300b9123c37dc501b4c11951957c6f8f642c4af61cd6b24640fec6dc7fc607ee8206a99e92410d300001e58769b32a1beaf1ea27375a44095a0d1fb664ce2dd358e7fcbfb78c26a19344"
                }
            },
            {
                "key": "0x0d000000000000000000000000000000000000000000000000000000000000",
                "diff": {
                    "exp": "0x020000000000000002000000447d0200040000000b00000003000000000000000000000000000000060000000b00000001000000000000000000000000000000030000000b00000001000000000000000000000000000000030000000800000003000000000000000000000000000000060000000a000000010000000000000000000000000000000600000009000000020000000000000000000000000000000400000008000000000000000000000000000000000000000400000009000000010000000000000000000000000000000200000009000000040000000000000002000000447d0200020000000800000002000000000000000000000000000000020000000900000002000000000000000000000000000000040000000900000000000000000080ed88da80ed050000000080ed88da032edc4a12000000000000000001c0599d00006683f61f00000188da00000000000000006aad07cb00000188da0000000000000000",