{
    "config": {
        "seed": "42",
        "max_steps": 4294967295,
        "safrole": false,
        "profile": {
            "full": null
        },
        "fuzzy_profile": {
            "full": null
        },
        "max_work_items": 3,
        "mutation_ratio": 0.0,
        "max_mutations": 0
    },
    "stats": {
        "steps": 1,
        "imported": 1,
        "import_max_step": 1,
        "import_min": 4.636062,
        "import_max": 4.636062,
        "import_mean": 4.636062,
        "import_p50": 4.636062,
        "import_p75": 0.0,
        "import_p90": 4.636062,
        "import_p99": 0.0,
        "import_std_dev": 0.0
    },
    "target": {
        "info": {
            "fuzz_version": 1,
            "fuzz_features": 2,
            "jam_version": {
                "major": 0,
                "minor": 7,
                "patch": 2
            },
            "app_version": {
                "major": 0,
                "minor": 1,
                "patch": 25
            },
            "app_name": "FastRoll"
        },
        "stats": {
            "steps": 1,
            "imported": 1,
            "import_max_step": 1,
            "import_min": 9.693067,
            "import_max": 9.693067,
            "import_mean": 9.693067,
            "import_p50": 9.693067,
            "import_p75": 0.0,
            "import_p90": 9.693067,
            "import_p99": 0.0,
            "import_std_dev": 0.0
        }
    },
    "error": {
        "state_diff": {
            "roots": {
                "exp": "0x6eba15cc6155fbc46f639ecd1e668b5c52ab638c2051354e235a7df42ae02262",
                "got": "0x865840db8748866b69c9af24697a668e4c3889d40d610a8bfdcd393039c76054"
            },
            "keyvals": [
                {
                    "key": "0x03000000000000000000000000000000000000000000000000000000000000",
                    "diff": {
                        "exp": "0x08c2b0273edfb1878bced8bbac2f6a410ebf79fa681cb2a7226661de9fca96b4fc9c393fd5d672c4b99906a91e0fa84ccf94be81c984778a0f423d49406257d801a6fa3936bcf232d8a4a2aa8fe56e400d39b8797ba1f84352329b20e2170febf501c522ab5139930cbc532619a1579194059456101996fbf09f021ca4c5ea2a3890000000000000000000000000000000000000000000000000000000000000000071905b425232a372890e678983e225fe9b75549c86c317adc512bfb43f0cc59046893e2ab03505b012a9f6998682dbf942c4a5fd3f533bff441ced1e16ea50fefc93d3e2ba9e3375b07fd2de7edfcd044b5c1ca2c2e4f58ef6b4f0ed8b544316024bd651355080798660bd85c3146af9b698106d16ec47869eb17d91908809bca80000000000000000000000000000000000000000000000000000000000000000ebad2347177c6b3eec5d1f017f87d147433bb3fde1c4c7c2cfca34b265d3847500000000000000000000000000000000000000000000000000000000000000004dabeb6a3e091ed79cce4a79260a11073a0ef2756ce436524c36359f1d699bd9e21c4ec990013a4eca5f7dbd262618c5c36cfc536282fee1e43e4e6bd6faeccb7da530cc37397f17c7c28da2f85a7ffda8d855cb1d298e3dc5ae2adabce050de021ca6dcebc1ad044ce5c42831381f5d6e76156638ec91b1a304c0b5de12ea45fe000000000000000000000000000000000000000000000000000000000000000054df0b080477495afdd5c6a5b2d5ee2abd9cabef181b93fc85ca0036e9c8e82100000000000000000000000000000000000000000000000000000000000000001ce0e584f133336a3b4febb92aab27fc5a3d4b7b9eeab5cddb122b3bd8831c58b62822172e7b587dff59c132cac184dccc7f43d7a79105e3beb60386193d672a5fe5cae4a046dcd37652cd4880b7cb980ab3d3a083bc98d7591964a2f1531fbe002b8a09500b5b736bd5d07424a02a73e83c125ac0c9913b7a899dec770c1a928ca03b63de74b488b4cdf4246eec683ae5299c640e137ade3dfeafb59c46c995e35fec839babf63785cc6892565826b41c52e605525a637fb80a9402ed5bb12faa0197e373c057aa1b1b43b23cdbff316982c6949f29f450647ab1a72a81d60dc18d0000000000000000000000000000000000000000000000000000000000000000dec4bac3556618a49e099ef6762f13eeb1d0801d8dfd43544f4abf4d338399f113b68d3fff638a78d1c30370031511bfda9f74ba151ff6fea56eb5e06d6182a0465d3ff07e11fafcaf3deafaa6b6b2f4d244d4d45eb0866a9f40ab1d3298abda00b203c17719faa30b66ceca7db475aafee0f025184f12e25c9f27e4c24f5d1158286ace46c06eaa798debc7c59fcf1752ab71f121185a245a6404df987e688aad6b5244d74b9ba6505ec5c456c4f5d9465670542d2c19eacdffb73d578eb08800003a1d4d3c5b1502c3f4bfdc7042540665bc46df1cac0535d9c86d1312f0f7e5dbe601ce27ca1d1cb2a5724ac8cc6cf1cc68cb21f2a2b3209164a8e514fa51ac020000000000000000000000000000000000000000000000000000000000000000016a55a51e83e8ebcc2186f31d2087cc7e605bd87467027e1ac9bb895121fae914000000000000000000000000000000000000000000000000000000000000000005014cc399448c531985cb232cd3e3cefb250f998a5d48ad9fcbdf8278b74acecfdf000001d1dac1e8ab9b74a3f9b1c4530bb243e5566830c7d55a5aaa745718b6b73acd3801a19e43620f34d5a23d2baf2583f38470b6691be43981ec9648daf154f4fc0732",
                        "got": "0x088d05a6e7b0a3a7dbf91e725c8f322a8c794d99a8531f92a090f9f7f065fde9dc5b7a386c187298a903396a124af5d66a0114a9f7a9fe0b5008540cadc5366f55dc4263d62b6e49244a237820480bed16441f11b2270a41973604e12820e38e3e00c2b0273edfb1878bced8bbac2f6a410ebf79fa681cb2a7226661de9fca96b4fc9c393fd5d672c4b99906a91e0fa84ccf94be81c984778a0f423d49406257d801a6fa3936bcf232d8a4a2aa8fe56e400d39b8797ba1f84352329b20e2170febf501c522ab5139930cbc532619a1579194059456101996fbf09f021ca4c5ea2a3890000000000000000000000000000000000000000000000000000000000000000071905b425232a372890e678983e225fe9b75549c86c317adc512bfb43f0cc59046893e2ab03505b012a9f6998682dbf942c4a5fd3f533bff441ced1e16ea50fefc93d3e2ba9e3375b07fd2de7edfcd044b5c1ca2c2e4f58ef6b4f0ed8b544316024bd651355080798660bd85c3146af9b698106d16ec47869eb17d91908809bca80000000000000000000000000000000000000000000000000000000000000000ebad2347177c6b3eec5d1f017f87d147433bb3fde1c4c7c2cfca34b265d3847500000000000000000000000000000000000000000000000000000000000000004dabeb6a3e091ed79cce4a79260a11073a0ef2756ce436524c36359f1d699bd9e21c4ec990013a4eca5f7dbd262618c5c36cfc536282fee1e43e4e6bd6faeccb7da530cc37397f17c7c28da2f85a7ffda8d855cb1d298e3dc5ae2adabce050de021ca6dcebc1ad044ce5c42831381f5d6e76156638ec91b1a304c0b5de12ea45fe000000000000000000000000000000000000000000000000000000000000000054df0b080477495afdd5c6a5b2d5ee2abd9cabef181b93fc85ca0036e9c8e82100000000000000000000000000000000000000000000000000000000000000001ce0e584f133336a3b4febb92aab27fc5a3d4b7b9eeab5cddb122b3bd8831c58b62822172e7b587dff59c132cac184dccc7f43d7a79105e3beb60386193d672a5fe5cae4a046dcd37652cd4880b7cb980ab3d3a083bc98d7591964a2f1531fbe002b8a09500b5b736bd5d07424a02a73e83c125ac0c9913b7a899dec770c1a928ca03b63de74b488b4cdf4246eec683ae5299c640e137ade3dfeafb59c46c995e35fec839babf63785cc6892565826b41c52e605525a637fb80a9402ed5bb12faa0197e373c057aa1b1b43b23cdbff316982c6949f29f450647ab1a72a81d60dc18d0000000000000000000000000000000000000000000000000000000000000000dec4bac3556618a49e099ef6762f13eeb1d0801d8dfd43544f4abf4d338399f113b68d3fff638a78d1c30370031511bfda9f74ba151ff6fea56eb5e06d6182a0465d3ff07e11fafcaf3deafaa6b6b2f4d244d4d45eb0866a9f40ab1d3298abda00b203c17719faa30b66ceca7db475aafee0f025184f12e25c9f27e4c24f5d1158286ace46c06eaa798debc7c59fcf1752ab71f121185a245a6404df987e688aad0000000000000000000000000000000000000000000000000000000000000000000500000001d1dac1e8ab9b74a3f9b1c4530bb243e5566830c7d55a5aaa745718b6b73acd3801a19e43620f34d5a23d2baf2583f38470b6691be43981ec9648daf154f4fc0732"
                    }
                },
                {
                    "key": "0x06000000000000000000000000000000000000000000000000000000000000",
                    "diff": {
                        "exp": "0x42b291d3448157288cd24b5a034d2fbabcff391365dc51fa912b609c04a473465eb9c384afd195c20a8c3df4111c1e431924511ee9b68a90cda830664edd43d456aeaf0f9d6db06f616a59050b2cc4b2883a10473f5d3154a9e03b9e5ae6847e43dbda2f550ab5bf4c64cca43d05be880c86f5f1187e2a69014524c13d2c599a",
                        "got": "0x13eb2bdbb2e6bd8561ec8ba116a61d34a0f3c5f741cc6092bcfe4112db4c6b535eb9c384afd195c20a8c3df4111c1e431924511ee9b68a90cda830664edd43d456aeaf0f9d6db06f616a59050b2cc4b2883a10473f5d3154a9e03b9e5ae6847e43dbda2f550ab5bf4c64cca43d05be880c86f5f1187e2a69014524c13d2c599a"
                    }
                },
                {
                    "key": "0x0a000000000000000000000000000000000000000000000000000000000000",