{
    "config": {
        "seed": "42",
        "max_steps": 10000,
        "safrole": false,
        "profile": {
            "fuzzy": null
        },
        "fuzzy_profile": {
            "rand": null
        },
        "max_work_items": 5,
        "mutation_ratio": 0.1,
        "max_mutations": 0
    },
    "stats": {
        "steps": 120,
        "imported": 116,
        "import_max_step": 75,
        "import_min": 1.2377,
        "import_max": 156.558268,
        "import_mean": 7.811621250000002,
        "import_p50": 4.112,
        "import_p75": 5.601,
        "import_p90": 7.984,
        "import_p99": 155.964,
        "import_std_dev": 24.005909139641755
    },
    "target": {
        "info": {
            "fuzz_version": 1,
            "fuzz_features": 2,
            "jam_version": {
                "major": 0,
                "minor": 7,
                "patch": 1
            },
            "app_version": {
                "major": 0,
                "minor": 7,
                "patch": 1
            },
            "app_name": "jampy"
        },
        "stats": {
            "steps": 120,
            "imported": 116,
            "import_max_step": 67,
            "import_min": 9.016164999999999,
            "import_max": 748.489965,
            "import_mean": 131.37305727586212,
            "import_p50": 72.93,
            "import_p75": 196.753,
            "import_p90": 307.914,
            "import_p99": 709.204,
            "import_std_dev": 135.55930052192957
        }
    },
    "diff": {
        "state": {
            "roots": {
                "exp": "0x4921c1cefe4d94453e08c770a2412f84810b4dab117b995eb00d0dcd5eff17c3",
                "got": "0x20ee922a162988c135d7ba3d5a82b9d2ba46a7e2948a78fb2f21382fe7a13f4e"
            },
            "keyvals": [
                {
                    "key": "0x0c000000000000000000000000000000000000000000000000000000000000",
                    "diff": {
                        "exp": "0x000000000000000000000000000000000000000000",
                        "got": "0x000000000000000000000000a1b7686e0000000000"
                    }
                }
            ]
        }
    }
}