{
    "config": {
        "seed": "42",
        "profile": {
            "empty": null
        },
        "safrole": false,
        "max_work_items": 1,
        "max_service_keys": 10,
        "mutation_ratio": 0.1,
        "max_mutations": 0,
        "max_steps": 10000
    },
    "stats": {
        "steps": 1,
        "imported": 1,
        "import_max_step": 1,
        "import_min": 13.149157,
        "import_max": 13.149157,
        "import_mean": 13.149157,
        "import_p50": 13.149157,
        "import_p75": 0.0,
        "import_p90": 13.149157,
        "import_p99": 0.0,
        "import_std_dev": 0.0
    },
    "target": {
        "info": {
            "fuzz_version": 1,
            "fuzz_features": 2,
            "jam_version": {
                "major": 0,
                "minor": 7,
                "patch": 0
            },
            "app_version": {
                "major": 0,
                "minor": 0,
                "patch": 12
            },
            "app_name": "spacejam"
        },
        "stats": {
            "steps": 1,
            "imported": 1,
            "import_max_step": 1,
            "import_min": 3.488308,
            "import_max": 3.488308,
            "import_mean": 3.488308,
            "import_p50": 3.488308,
            "import_p75": 0.0,
            "import_p90": 3.488308,
            "import_p99": 0.0,
            "import_std_dev": 0.0
        }
    },
    "state_diff": {
        "roots": {
            "exp": "0x96afd90be97b679db9dec7d325a0b1290273d8aa34ccab4a07325556638db0db",
            "got": "0x806a9f104aeae8de274081ee98fd9e171e2d6351a0900578fed95167bf2f6463"
        },
        "keyvals": [
            {
                "key": "0x0d000000000000000000000000000000000000000000000000000000000000",
                "diff": {
                    "exp": "0x00000000000000000000000000000000010000000300000001000000000000000000000000000000020000000300000000000000000000000000000000000000010000000200000000000000000000000000000000000000020000000300000000000000000000000000000000000000020000000300000002000000000000000000000000000000010000000300000003000000000000000000000000000000060000000a00000003000000000000000000000000000000060000000a00000001000000000000000000000000000000040000000900000002000000000000000000000000000000060000000b00000002000000000000000100000034660100040000000b00000001000000000000000100000034660100040000000a0000008133050000000088c78d8281330500000000000004d78fd621000000000000000001c025690000c8bdc7380000000000000000000002b3a4bcf1f6410000018d820000000000000000dc8c0ed5000000000000000001c035690000",
                    "got": "0x00000000000000000000000000000000010000000300000001000000000000000000000000000000020000000300000000000000000000000000000000000000010000000200000000000000000000000000000000000000020000000300000000000000000000000000000000000000020000000300000002000000000000000000000000000000010000000300000003000000000000000000000000000000060000000a00000003000000000000000000000000000000060000000a00000001000000000000000000000000000000040000000900000002000000000000000000000000000000060000000b00000002000000000000000100000034660100040000000b00000001000000000000000100000034660100040000000a0000008133050000000088c78d8281330500000000000003d78fd621000000000000000001c090400000bcf1f6410000018d820000000000000000dc8c0ed5000000000000000001c090400000"
                }
            },
            {
                "key": "0xc866bde3c74c382422b3b7984e6961c6789c2c7242d8374714705c9161d2a7",
                "diff": {
                    "exp": "0xdc8c0ed5df91000000000000676966742c20613d2c20623d72656164206f6620203c3d207065656b706f6b65646174612028307802000000000000000000000000000000020000000000000000000000000000000000000000000000200000e00000000002000000000000000000000000000000000008000000000000000000000000000100000000000000",
                    "got": "0x0a48ced3e2ed010000000000676966742c20613d2c20623d72656164206f6620203c3d207065656b706f6b65646174612028307802000000000000000000000000000000020000000000000000000000000000000000000000000000200000e00000000002000000000000000000000000000000000008000000000000000000000000000100000000000000"
                }
            },
            {
                "key": "0xd76a8faed6a321b8c876e335de632eac1b2705f8a5476ffb5c0499d95bd432",
                "diff": {
                    "exp": "0x916e71aa28a3bce0",
                    "got": "0xa51bee9ca7b65e3b"
                }
            },
            {
                "key": "0xdc6a8cae0ea3d5b8c876e335de632eac1b2705f8a5476ffb5c0499d95bd432",
                "diff": {
                    "exp": "0x3fd209e1c1ebc47b",
                    "got": "0x3dfc445ba6433863"
                }
            },
            {
                "key": "0xffc800bd00c700380000000000000000000000000000000000000000000000",
                "diff": {
                    "exp": "0x6c322032f9ffb452de811d2db63f5b654aefeeff6195f50f19c2c8598d0b8ae555b802000000000010270000000000001027000000000000f267010000000000000000000000000007000000080000002a00000000000000",
                    "got": "0x6c322032f9ffb452de811d2db63f5b654aefeeff6195f50f19c2c8598d0b8ae553fc01000000000010270000000000001027000000000000f267010000000000000000000000000007000000080000002a00000000000000"
                }
            },
            {
                "key": "0xffd7008f00d600210000000000000000000000000000000000000000000000",
                "diff": {
                    "exp": "0x6c322032f9ffb452de811d2db63f5b654aefeeff6195f50f19c2c8598d0b8ae58cbd0100000000001027000000000000102700000000000052670100000000000000000000000000060000001f0000003e00000000000000",
                    "got": "0x6c322032f9ffb452de811d2db63f5b654aefeeff6195f50f19c2c8598d0b8ae5afe70100000000001027000000000000102700000000000052670100000000000000000000000000060000001f0000003e00000000000000"
                }
            },
            {
                "key": "0xffdc008c000e00d50000000000000000000000000000000000000000000000",
                "diff": {
                    "exp": "0x6c322032f9ffb452de811d2db63f5b654aefeeff6195f50f19c2c8598d0b8ae51411030000000000102700000000000010270000000000000268010000000000000000000000000007000000060000003e00000000000000",
                    "got": "0x6c322032f9ffb452de811d2db63f5b654aefeeff6195f50f19c2c8598d0b8ae5f3a2030000000000102700000000000010270000000000000268010000000000000000000000000007000000060000003e00000000000000"
                }
            }
        ]
    },
    "import_diff": null
}
