{
    "config": {
        "seed": "42",
        "max_steps": 4294967295,
        "safrole": false,
        "profile": {
            "full": null
        },
        "fuzzy_profile": {
            "full": null
        },
        "max_work_items": 3,
        "mutation_ratio": 0.0,
        "max_mutations": 0
    },
    "stats": {
        "steps": 2,
        "imported": 1,
        "import_max_step": 2,
        "import_min": 19.504835,
        "import_max": 19.504835,
        "import_mean": 19.504835,
        "import_p50": 19.504835,
        "import_p75": 0.0,
        "import_p90": 19.504835,
        "import_p99": 0.0,
        "import_std_dev": 0.0
    },
    "target": {
        "info": {
            "fuzz_version": 1,
            "fuzz_features": 2,
            "jam_version": {
                "major": 0,
                "minor": 7,
                "patch": 2
            },
            "app_version": {
                "major": 0,
                "minor": 0,
                "patch": 23
            },
            "app_name": "spacejam"
        },
        "stats": {
            "steps": 2,
            "imported": 1,
            "import_max_step": 2,
            "import_min": 38.072361,
            "import_max": 38.072361,
            "import_mean": 38.072361,
            "import_p50": 38.072361,
            "import_p75": 0.0,
            "import_p90": 38.072361,
            "import_p99": 0.0,
            "import_std_dev": 0.0
        }
    },
    "error": {
        "state_diff": {
            "roots": {
                "exp": "0x066309cd84cbd94ff5bf593cfed84f9d377ad4df4b81b3cebc84fa4fee8ccbb3",
                "got": "0xf238ba74de944998b15dccd98defa63c0cdbdea2587d46cb62d5a99ef0116b1e"
            },
            "keyvals": [
                {
                    "key": "0x0d000000000000000000000000000000000000000000000000000000000000",
                    "diff": {
                        "exp": "0x00000000000000000000000000000000010000000200000001000000000000000000000000000000000000000300000000000000000000000000000000000000000000000300000001000000000000000000000000000000010000000200000001000000000000000000000000000000010000000200000000000000000000000000000000000000000000000300000000000000000000000000000000000000050000000b00000001000000000000000000000000000000050000000b00000002000000000000000000000000000000050000000900000002000000000000000000000000000000050000000b00000004000000000000000100000015000000050000000c00000003000000000000000000000000000000050000000a0000008ddf0500000000000095b60500000000000005df1a3c2a000000000000000003c19ac811ff7a55000000000000000002c1d2bfc20a2b7d000000000000000001c08364b7f1d79a000000000000000001c626a715485dfb000000000000000002c012c9",
                        "got": "0x00000000000000000000000000000000010000000200000001000000000000000000000000000000000000000300000000000000000000000000000000000000000000000300000001000000000000000000000000000000010000000200000001000000000000000000000000000000010000000200000000000000000000000000000000000000000000000300000000000000000000000000000000000000050000000b00000001000000000000000000000000000000050000000b00000002000000000000000000000000000000050000000900000002000000000000000000000000000000050000000b00000004000000000000000100000015000000050000000c00000003000000000000000000000000000000050000000a0000008ddf0500000000000095b60500000000000005df1a3c2a000000000000000003c19ac811ff7a55000000000000000002c1d2bfc20a2b7d000000000000000001b4ccb7f1d79a000000000000000001c626a715485dfb000000000000000002c0dd87"
                    }
                },
                {
                    "key": "0x15d748455db7fbfec13e507a95e86ec03add50794acc76edd9370aca5ecbf2",
                    "diff": {
                        "exp": "0x7be9d87ee20574c3",
                        "got": "0x38d1d00102472eb3"
                    }
                },
                {
                    "key": "0x15d948d85dc7fba728716601ff41b69f853105e6485a79109d4d3e252fb630",
                    "diff": {
                        "exp": "0x11000000007570751065feb3208ffeb320df1a3c2a11ff7a55c20a2b7db7f1d79a33813eb85d813eb887813eb8b1813eb809ad71ca0aad71ca1a17b8ca15485dfb053d5e48",
                        "got": "0x11000000007570751065feb3208ffeb320df1a3c2a11ff7a55c20a2b7db7f1d79a33813eb85d813eb887813eb8b1813eb809ad71ca0aad71ca1a17b8ca15485dfb5ace8318"
                    }
                },
                {
                    "key": "0xc2290a2c2bd17d40bc50d602526f4b46e8aca90eb8c77c165b6497cae7625f",
                    "diff": {
                        "exp": "0x06000000",
                        "got": "0x05000000"
                    }
                },
                {
                    "key": "0xff150048005d00fb0000000000000000000000000000000000000000000000",
                    "diff": {
                        "exp": "0x00bb8648e2eb5cab1ebb8129eca29c8af2e5155fe1ac9400ab01852a1e0cc82b1e2668020000000000102700000000000010270000000000000e6702000000000000000000000000000a0000001c0000006e00000000000000",
                        "got": "0x00bb8648e2eb5cab1ebb8129eca29c8af2e5155fe1ac9400ab01852a1e0cc82b1e739c050000000000102700000000000010270000000000000e6702000000000000000000000000000a0000001c0000006e00000000000000"
                    }
                },
                {
                    "key": "0xffc2000a002b007d0000000000000000000000000000000000000000000000",
                    "diff": {
                        "exp": "0x00bb8648e2eb5cab1ebb8129eca29c8af2e5155fe1ac9400ab01852a1e0cc82b1ea3d5090000000000102700000000000010270000000000000e6702000000000000000000000000000a000000510000006e00000000000000",
                        "got": "0x00bb8648e2eb5cab1ebb8129eca29c8af2e5155fe1ac9400ab01852a1e0cc82b1e56a1060000000000102700000000000010270000000000000e6702000000000000000000000000000a000000510000006e00000000000000"
                    }
                }
            ]
        }
    }
}