{
    "config": {
        "seed": "42",
        "max_steps": 4294967295,
        "safrole": false,
        "profile": {
            "full": null
        },
        "fuzzy_profile": {
            "full": null
        },
        "max_work_items": 3,
        "max_service_keys": 10,
        "mutation_ratio": 0.0,
        "max_mutations": 0
    },
    "stats": {
        "steps": 1,
        "imported": 1,
        "import_max_step": 1,
        "import_min": 6.819183000000001,
        "import_max": 6.819183000000001,
        "import_mean": 6.819183000000001,
        "import_p50": 6.819183000000001,
        "import_p75": 0.0,
        "import_p90": 6.819183000000001,
        "import_p99": 0.0,
        "import_std_dev": 0.0
    },
    "target": {
        "info": {
            "fuzz_version": 1,
            "fuzz_features": 2,
            "jam_version": {
                "major": 0,
                "minor": 7,
                "patch": 1
            },
            "app_version": {
                "major": 0,
                "minor": 2,
                "patch": 0
            },
            "app_name": "@typeberry/jam"
        },
        "stats": {
            "steps": 1,
            "imported": 1,
            "import_max_step": 1,
            "import_min": 117.095183,
            "import_max": 117.095183,
            "import_mean": 117.095183,
            "import_p50": 117.095183,
            "import_p75": 0.0,
            "import_p90": 117.095183,
            "import_p99": 0.0,
            "import_std_dev": 0.0
        }
    },
    "diff": {
        "state": {
            "roots": {
                "exp": "0x172da3530d15d9619a69a904d7b37b111f1267c555d7b8d6e02a822af9dc5928",
                "got": "0x6f492743a7dfd01abfff43cf7deabd74eb1c43c5ec7e6bb6b4a7d5643a0003e0"
            },
            "keyvals": [
                {
                    "key": "0x00450019006a0051135ef0225518c5ddc999419ffbf52cf2d4213d55af782e",
                    "diff": {
                        "exp": "0x02000000",
                        "got": "0x01000000"
                    }
                },
                {
                    "key": "0x009000b5007b00392260e136aac947445813c7cb7df8b0f2cd048ad6ed3928",
                    "diff": {
                        "exp": "0x000000005048000000000000726566696c6c0000000000000000000000000000000000000000000000000000000000000000000000000000000000000000000000000000000000000000000000000000000000000000000000000000000000000000000000000000000000000000000000000000000000000000000000000000000000000000000000000000",
                        "got": "0x"
                    }
                },
                {
                    "key": "0x0d000000000000000000000000000000000000000000000000000000000000",
                    "diff": {
                        "exp": "0x010000000000000000000000000000000300000005000000000000000000000000000000000000000200000004000000010000000000000000000000000000000200000004000000020000000000000000000000000000000300000004000000000000000000000000000000000000000300000004000000020000000000000001000000795f02000200000004000000000000000000000000000000000000000000000000000000000000000000000000000000000000000000000000000000000000000000000000000000000000000000000000000000000000000000000000000000000000000000000000000000000000000000000000000000000000000000000000000000000000000000000000000000000000000000000000000000817b050000000081a8b26100030000000000000200000000000001b2610000000001c019c4faa5dc6b01c2795f0000000000000000",
                        "got": "0x010000000000000000000000000000000300000005000000000000000000000000000000000000000200000004000000010000000000000000000000000000000200000004000000020000000000000000000000000000000300000004000000000000000000000000000000000000000300000004000000020000000000000001000000795f02000200000004000000000000000000000000000000000000000000000000000000000000000000000000000000000000000000000000000000000000000000000000000000000000000000000000000000000000000000000000000000000000000000000000000000000000000000000000000000000000000000000000000000000000000000000000000000000000000000000000000000817b050000000081a8b26100030000000000000200000000000001b2610000000001c0879cfaa5dc6b01c2795f0000000000000000"
                    }
                },
                {
                    "key": "0xff000000000000000000000000000000000000000000000000000000000000",
                    "diff": {
                        "exp": "0x0069076f38642f87e2037a88d4a583b03703c744af1f02bd0bbd7df93ce1ef8f6ca91cf4ffffffffff0a000000000000000a00000000000000cc1a020000000000ffffffffffffffff09000000000000000600000000000000",
                        "got": "0x0069076f38642f87e2037a88d4a583b03703c744af1f02bd0bbd7df93ce1ef8f6c59d4f3ffffffffff0a000000000000000a00000000000000151a020000000000ffffffffffffffff08000000000000000600000000000000"
                    }
                }
            ]
        }
    }
}