{
    "config": {
        "seed": "42",
        "profile": {
            "empty": null
        },
        "safrole": false,
        "max_work_items": 1,
        "max_service_keys": 10,
        "mutation_ratio": 0.1,
        "max_mutations": 0,
        "max_steps": 10000
    },
    "stats": {
        "steps": 1,
        "imported": 1,
        "import_max_step": 1,
        "import_min": 19.948855000000002,
        "import_max": 19.948855000000002,
        "import_mean": 19.948855000000002,
        "import_p50": 19.948855000000002,
        "import_p75": 0.0,
        "import_p90": 19.948855000000002,
        "import_p99": 0.0,
        "import_std_dev": 0.0
    },
    "target": {
        "info": {
            "fuzz_version": 1,
            "fuzz_features": 0,
            "jam_version": {
                "major": 0,
                "minor": 7,
                "patch": 0
            },
            "app_version": {
                "major": 0,
                "minor": 0,
                "patch": 1
            },
            "app_name": "gossamer-jam"
        },
        "stats": {
            "steps": 1,
            "imported": 1,
            "import_max_step": 1,
            "import_min": 72.976398,
            "import_max": 72.976398,
            "import_mean": 72.976398,
            "import_p50": 72.976398,
            "import_p75": 0.0,
            "import_p90": 72.976398,
            "import_p99": 0.0,
            "import_std_dev": 0.0
        }
    },
    "state_diff": {
        "roots": {
            "exp": "0xc97ca1e37a86315a5d72aad2ca17a2c896dee59441dfdc643eda90f00dfcc5e6",
            "got": "0xbad8874bdfadc54416f5c539053db82bc42bbcdeecdaa50669e9627aa981f2c6"
        },
        "keyvals": [
            {
                "key": "0x066a8dae0ea3d5b8c876e335de632eac1b2705f8a5476ffb5c0499d95bd432",
                "diff": {
                    "exp": "0xe59cb1491c3abbcc",
                    "got": "0x"
                }
            },
            {
                "key": "0x06bf8d800ec4d515a6de0d53b81f75fb91e9487af71c623599e8ecb38e7204",
                "diff": {
                    "exp": "0x01000000",
                    "got": "0x"
                }
            },
            {
                "key": "0x06f88de90ec6d5d9d891b7f383ca393e9934e324cd5c2fa0a6dade41413612",
                "diff": {
                    "exp": "0x0edc8c0ed55a8d0ed5dbdd0e14068d0ed5000000000a48ced33448ced33574be365e48ced3308d0ed5c8bdc738848d0ed58848ced326afb02f",
                    "got": "0x"
                }
            },
            {
                "key": "0x0d000000000000000000000000000000000000000000000000000000000000",
                "diff": {
                    "exp": "0x03000000000000000000000000000000040000000700000002000000000000000000000000000000040000000400000001000000000000000100000034660100040000000700000000000000000000000000000000000000000000000800000001000000000000000000000000000000000000000600000001000000000000000000000000000000000000000600000002000000000000000100000034660100060000000900000000000000000000000000000000000000060000000900000001000000000000000000000000000000060000000700000004000000000000000500000004ff0600040000000700000002000000000000000000000000000000040000000800000002000000000000000500000004ff060004000000090000000003000000000000820506000000008192925006dbdd0e140000000000000000000002b3a50a48ced3000001891200000000000000003448ced3000000000000000001c09767019da6068d0ed5000000000000000001c0cc640000308d0ed5000000000000000001c064630000848d0ed5000001893e0000000000000000",
                    "got": "0x03000000000000000000000000000000040000000700000002000000000000000000000000000000040000000400000001000000000000000100000034660100040000000700000000000000000000000000000000000000000000000800000001000000000000000000000000000000000000000600000001000000000000000000000000000000000000000600000002000000000000000100000034660100060000000900000000000000000000000000000000000000060000000900000001000000000000000000000000000000060000000700000004000000000000000500000004ff0600040000000700000002000000000000000000000000000000040000000800000002000000000000000500000004ff0600040000000900000000030000000000008205060000000081929250050a48ced3000001891200000000000000003448ced3000000000000000001e0d5dc320000068d0ed5000000000000000001e0d5dc320000308d0ed5000000000000000001e0d5dc320000848d0ed5000001893e0000000000000000"
                }
            },
            {
                "key": "0x306a8dae0ea3d5b8c876e335de632eac1b2705f8a5476ffb5c0499d95bd432",
                "diff": {
                    "exp": "0x6ed3db1c90337620",
                    "got": "0x"
                }
            },
            {
                "key": "0x30bf8d800ec4d515a6de0d53b81f75fb91e9487af71c623599e8ecb38e7204",
                "diff": {
                    "exp": "0x01000000",
                    "got": "0x"
                }
            },
            {
                "key": "0x30f88de90ec6d5d9d891b7f383ca393e9934e324cd5c2fa0a6dade41413612",
                "diff": {
                    "exp": "0x0edc8c0ed55a8d0ed5dbdd0e14068d0ed5000000000a48ced33448ced33574be365e48ced3308d0ed5c8bdc738848d0ed58848ced35edea735",
                    "got": "0x"
                }
            },
            {
                "key": "0x346648e3ce4cd32422b3b7984e6961c6789c2c7242d8374714705c9161d2a7",
                "diff": {
                    "exp": "0x3448ced34ba8000000000000676966742c20613d2c20623d72656164206f6620203c3d207065656b706f6b65646174612028307802000000000000000000000000000000020000000000000000000000000000000000000000000000200000e00000000002000000000000000000000000000000000008000000000000000000000000000100000000000000",
                    "got": "0x"
                }
            },
            {
                "key": "0x346a48aecea3d3b8c876e335de632eac1b2705f8a5476ffb5c0499d95bd432",
                "diff": {
                    "exp": "0xdea219a63ffe2fbe",
                    "got": "0xa1c35f9bf16c22a6"
                }
            },
            {
                "key": "0x34bf4880cec4d315a6de0d53b81f75fb91e9487af71c623599e8ecb38e7204",
                "diff": {
                    "exp": "0x02000000",
                    "got": "0x01000000"
                }
            },
            {
                "key": "0x34f848e9cec6d3d9d891b7f383ca393e9934e324cd5c2fa0a6dade41413612",
                "diff": {
                    "exp": "0x0edc8c0ed55a8d0ed5dbdd0e14068d0ed5000000000a48ced33448ced33574be365e48ced3308d0ed5c8bdc738848d0ed58848ced300650a33",
                    "got": "0x0e3574be360a48ced35e48ced3c8bdc738dbdd0e14848d0ed5308d0ed53448ced3068d0ed5dc8c0ed58848ced35a8d0ed5000000003f9690c8"
                }
            },
            {
                "key": "0xdb66dde30e4c142422b3b7984e6961c6789c2c7242d8374714705c9161d2a7",
                "diff": {
                    "exp": "0x308d0ed5e606000000000000676966742c20613d2c20623d72656164206f6620203c3d207065656b706f6b65646174612028307802000000000000000000000000000000020000000000000000000000000000000000000000000000200000e00000000002000000000000000000000000000000000008000000000000000000000000000100000000000000",
                    "got": "0x"
                }
            },
            {
                "key": "0xff06008d000e00d50000000000000000000000000000000000000000000000",
                "diff": {
                    "exp": "0x6c322032f9ffb452de811d2db63f5b654aefeeff6195f50f19c2c8598d0b8ae591a7010000000000102700000000000010270000000000000e68010000000000000000000000000007000000060000001300000000000000",
                    "got": "0x6c322032f9ffb452de811d2db63f5b654aefeeff6195f50f19c2c8598d0b8ae50be7010000000000102700000000000010270000000000005d67010000000000000000000000000004000000060000001300000000000000"
                }
            },
            {
                "key": "0xff30008d000e00d50000000000000000000000000000000000000000000000",