{
    "config": {
        "seed": "42",
        "max_steps": 4294967295,
        "safrole": false,
        "profile": {
            "full": null
        },
        "fuzzy_profile": {
            "full": null
        },
        "max_work_items": 3,
        "mutation_ratio": 0.0,
        "max_mutations": 0
    },
    "stats": {
        "steps": 2,
        "imported": 1,
        "import_max_step": 2,
        "import_min": 7.9838249999999995,
        "import_max": 7.9838249999999995,
        "import_mean": 7.9838249999999995,
        "import_p50": 7.9838249999999995,
        "import_p75": 0.0,
        "import_p90": 7.9838249999999995,
        "import_p99": 0.0,
        "import_std_dev": 0.0
    },
    "target": {
        "info": {
            "fuzz_version": 1,
            "fuzz_features": 2,
            "jam_version": {
                "major": 0,
                "minor": 7,
                "patch": 2
            },
            "app_version": {
                "major": 0,
                "minor": 1,
                "patch": 0
            },
            "app_name": "jamzig-target"
        },
        "stats": {
            "steps": 2,
            "imported": 1,
            "import_max_step": 2,
            "import_min": 13.980452000000001,
            "import_max": 13.980452000000001,
            "import_mean": 13.980452000000001,
            "import_p50": 13.980452000000001,
            "import_p75": 0.0,
            "import_p90": 13.980452000000001,
            "import_p99": 0.0,
            "import_std_dev": 0.0
        }
    },
    "error": {
        "state_diff": {
            "roots": {
                "exp": "0x6b53c6aa4111a933f605a9897422aaf25f6f9ac2326a97136577c412a14ac3c2",
                "got": "0x23f774e70b68bfcf1f2d132ab971b4793b6d856e671b2513fc8991e6a9a5bc4e"
            },
            "keyvals": [
                {
                    "key": "0x0d000000000000000000000000000000000000000000000000000000000000",
                    "diff": {
                        "exp": "0x00000000000000000000000000000000020000000400000001000000000000000000000000000000020000000400000000000000000000000000000000000000030000000400000001000000000000000000000000000000020000000300000001000000000000000000000000000000020000000400000001000000000000000000000000000000020000000400000002000000000000000000000000000000060000000a00000000000000000000000000000000000000020000000a00000002000000000000000000000000000000020000000b0000000200000000000000020000007a720400020000000b0000000200000000000000020000007a720400060000000a00000004000000000000000000000000000000060000000c000000c0726205001683010088bac1240a00030000000000000600000000000001c0e2f3000a8174000000b7bc7875000000000000000001c2ca3c2259169f000000000000000001c29a4072a367d00000018b0b000780dc0001bedf9e5db5df000000000000000002c043419d1a20fb0000018b37000580b1000000",
                        "got": "0x00000000000000000000000000000000020000000400000001000000000000000000000000000000020000000400000000000000000000000000000000000000030000000400000001000000000000000000000000000000020000000300000001000000000000000000000000000000020000000400000001000000000000000000000000000000020000000400000002000000000000000000000000000000060000000a00000000000000000000000000000000000000020000000a00000002000000000000000000000000000000020000000b0000000200000000000000020000007a720400020000000b0000000200000000000000020000007a720400060000000a00000004000000000000000000000000000000060000000c000000c0726205001683010088bac1240a00030000000000000600000000000001c0e2f3000a8174000000b7bc7875000000000000000001c2ca3c2259169f000000000000000001c29a4072a367d00000018b0b000780dc0001bed59e5db5df000000000000000002c043419d1a20fb0000018b37000580b1000000"
                    }
                }
            ]
        }
    }
}