{
    "config": {
        "seed": "42",
        "profile": {
            "empty": null
        },
        "safrole": false,
        "max_work_items": 1,
        "max_service_keys": 10,
        "mutation_ratio": 0.1,
        "max_mutations": 0,
        "max_steps": 10000
    },
    "stats": {
        "steps": 1,
        "imported": 1,
        "import_max_step": 1,
        "import_min": 13.694318,
        "import_max": 13.694318,
        "import_mean": 13.694318,
        "import_p50": 13.694318,
        "import_p75": 0.0,
        "import_p90": 13.694318,
        "import_p99": 0.0,
        "import_std_dev": 0.0
    },
    "target": {
        "info": {
            "fuzz_version": 1,
            "fuzz_features": 2,
            "jam_version": {
                "major": 0,
                "minor": 7,
                "patch": 0
            },
            "app_version": {
                "major": 0,
                "minor": 1,
                "patch": 0
            },
            "app_name": "boka-fuzzing-target"
        },
        "stats": {
            "steps": 1,
            "imported": 1,
            "import_max_step": 1,
            "import_min": 47.532132999999995,
            "import_max": 47.532132999999995,
            "import_mean": 47.532132999999995,
            "import_p50": 47.532132999999995,
            "import_p75": 0.0,
            "import_p90": 47.532132999999995,
            "import_p99": 0.0,
            "import_std_dev": 0.0
        }
    },
    "state_diff": {
        "roots": {
            "exp": "0x5fb14c2160b3d874a2942d1894282b33d0660b6602d68c3d577480a1843d1ac6",
            "got": "0xd42b291716a5b70820c592f563b5ca582bd217c73f00a8e0e245880c3c37b797"
        },
        "keyvals": [
            {
                "key": "0x0d000000000000000000000000000000000000000000000000000000000000",
                "diff": {
                    "exp": "0x03000000000000000000000000000000050000000b00000006000000000000000100000020000000050000000b00000002000000000000000000000000000000030000000a00000000000000000000000000000000000000030000000b00000001000000000000000000000000000000050000000b00000000000000000000000000000000000000030000000b00000003000000000000000000000000000000060000000c00000002000000000000000000000000000000060000000c00000000000000000000000000000000000000060000000c00000002000000000000000000000000000000060000000c00000003000000000000000000000000000000060000000b00000002000000000000000000000000000000060000000c000000810f05000000000000810f0500000000810f8bc702e3ce75a6000000000000000001c0a58b0000622ae7be0000018bc70000000001c0244c0000",
                    "got": "0x03000000000000000000000000000000050000000b00000006000000000000000100000020000000050000000b00000002000000000000000000000000000000030000000a00000000000000000000000000000000000000030000000b00000001000000000000000000000000000000050000000b00000000000000000000000000000000000000030000000b00000003000000000000000000000000000000060000000c00000002000000000000000000000000000000060000000c00000000000000000000000000000000000000060000000c00000002000000000000000000000000000000060000000c00000003000000000000000000000000000000060000000b00000002000000000000000000000000000000060000000c000000810f05000000000000810f0500000000810f8bc702e3ce75a6000000000000000001c0dd950000622ae7be0000018bc70000000001c0b84c0000"
                }
            }
        ]
    },
    "import_diff": null
}
