{
    "config": {
        "seed": "42",
        "max_steps": 4294967295,
        "safrole": false,
        "profile": {
            "full": null
        },
        "fuzzy_profile": {
            "full": null
        },
        "max_work_items": 3,
        "mutation_ratio": 0.0,
        "max_mutations": 0
    },
    "stats": {
        "steps": 5,
        "imported": 1,
        "import_max_step": 5,
        "import_min": 7.000398,
        "import_max": 7.000398,
        "import_mean": 7.000398,
        "import_p50": 7.000398,
        "import_p75": 0.0,
        "import_p90": 7.000398,
        "import_p99": 0.0,
        "import_std_dev": 0.0
    },
    "target": {
        "info": {
            "fuzz_version": 1,
            "fuzz_features": 2,
            "jam_version": {
                "major": 0,
                "minor": 7,
                "patch": 2
            },
            "app_version": {
                "major": 0,
                "minor": 3,
                "patch": 1
            },
            "app_name": "new_jamneration"
        },
        "stats": {
            "steps": 5,
            "imported": 1,
            "import_max_step": 5,
            "import_min": 509.044941,
            "import_max": 509.044941,
            "import_mean": 509.044941,
            "import_p50": 509.044941,
            "import_p75": 0.0,
            "import_p90": 509.044941,
            "import_p99": 0.0,
            "import_std_dev": 0.0
        }
    },
    "error": {
        "state_diff": {
            "roots": {
                "exp": "0xb95a1f8577cce396524db4e1f73826330038e72cc52bff7b2e3fe5ac49ff429d",
                "got": "0x0fd68665f785760096713a73b0132587e16f8057104cacb4a4db45f8853248db"
            },
            "keyvals": [
                {
                    "key": "0x03000000000000000000000000000000000000000000000000000000000000",
                    "diff": {
                        "exp": "0x087e9547b9b74b5e273df98660fcc86212d469aa63c6402bca134f4fe4a83511b5cbd90ba8b8300a49248bf0379e37abc547fa64c4d84e4e05888bed4d0d20368aadccc283d6b092d32739ff96dd512801f58b1b4709c729e4d9957759f2c43ff40127c9d9b079123cd155595eb72b1a35fabe2545d3a9090da92c27ca6dee4cc75900000000000000000000000000000000000000000000000000000000000000007f699540361997342691805a99881dd70597d2918cd456d4dcbcf6a49ee6b6052e8a1c5f2ff7f7d0ab4a94734e5809092e59cdf983c4b82b22f4e008f25163507ad597fee07236dd1648c21b6e14375e50afd13dfe4043a482eece67ef4e6e2a00e2e54758273bb6583e6e6d8e130e60a0b8d3e2d883b2f6a37c9875d2d28958b44c4a73f9101c977e77998881988d82aaa4ec3beb7a374d3df16ee6dbc2d87480678e5ab21aba162dab80f1cab7abff3ab5e647805081eaf942ca5fbfa1749e1f010587c684a7e17e7ac380f4a3f45a0b7b5f87816b1ac765bc5f676db70a04df12000000000000000000000000000000000000000000000000000000000000000015cd67f0850e68ee179a637eab9d74596f570c8fffb85dd0ffc22cd5ece327450cce41039d1b9ddea0c65522aa8081b0f781aa3a3d177e886b560bdea61e71748e7cc7eded9c1c82aae0cafb1bbfc0ce0f6d9fc012d144e96c931b9b608b4db50158c53db9bf34311e06bc96154d0ba596d08765004655552869064e87729ff83200000000000000000000000000000000000000000000000000000000000000001c0da811972824f4c77035ab840d9585ecbf7b2bab1f69fc5c76f3c4ed173d3577b4e152e248a58f718c9103ec211f0891984d6c8aa70a51ac1ee1b38c3fdb138545850e8c488fac1bda3f5adf3a0891f09f66a30f2d87d3e34e61bf651afea300e3f286b9a18de9a6ac0b09ab5579d3249f50ee37e1b92443bc24e6fc417d3291c14fa5639ad0b0d1408e9bac464360f2097d675b62c0e4fcfcd77cd859432e1c5592928deeb8d01be772cbe55b26d4c28800e189821b8995be50d13bf562eceb00a4c68ca38d5d22febb8f1239fc1cf7ca039fd4fcb60bdb224ac6cee0869b28053f1e258d27a72f59bd931d54a5c455e76eb55baa3b0a49ab8c6d446895474939589c81604a3d4b3a96994ed20dea1b686c363a4eca5d7642b2b9d8abc744849d026963d9c2c220145257a9094f3fac24648e6355560bd360ed40b8b7bba0a68e160000000000000000000000000000000000000000000000000000000000000000a747a863aa634db552bb2078e07bc3a3a6184492f0ef76e43ee6b129335312060000000000000000000000000000000000000000000000000000000000000000691746532330f15d95962bf856bac2b45cf6770176dee526fbc5849cfaad6d26a8f06390559a2148ad70480e9a847941570b4bacd866b0fe03b36a8d34418ac6000000000000000000000000000000000000000000000000000000000000000002831e491a3446c70b96582b9f61091dc15e9cc4455601061d881e289c45a04c280000000000000000000000000000000000000000000000000000000000000000be4044a29cb1fd274c8339ebe3a9a4e870360a256e4a8b3ba8c630a1fa327026000000000000000000000000000000000000000000000000000000000000000007000000000001e2c34afca33200262a6caaec754c47e640c557f1ae29a7b88cd41c5eb30bdf0001e0ac17d75533f104fb5069ac4d31b173a8e8a37b384b1cdcadeb223501107197",
                        "got": "0x087e9547b9b74b5e273df98660fcc86212d469aa63c6402bca134f4fe4a83511b5cbd90ba8b8300a49248bf0379e37abc547fa64c4d84e4e05888bed4d0d20368aadccc283d6b092d32739ff96dd512801f58b1b4709c729e4d9957759f2c43ff40127c9d9b079123cd155595eb72b1a35fabe2545d3a9090da92c27ca6dee4cc75900000000000000000000000000000000000000000000000000000000000000007f699540361997342691805a99881dd70597d2918cd456d4dcbcf6a49ee6b6052e8a1c5f2ff7f7d0ab4a94734e5809092e59cdf983c4b82b22f4e008f25163507ad597fee07236dd1648c21b6e14375e50afd13dfe4043a482eece67ef4e6e2a00e2e54758273bb6583e6e6d8e130e60a0b8d3e2d883b2f6a37c9875d2d28958b44c4a73f9101c977e77998881988d82aaa4ec3beb7a374d3df16ee6dbc2d87480678e5ab21aba162dab80f1cab7abff3ab5e647805081eaf942ca5fbfa1749e1f010587c684a7e17e7ac380f4a3f45a0b7b5f87816b1ac765bc5f676db70a04df12000000000000000000000000000000000000000000000000000000000000000015cd67f0850e68ee179a637eab9d74596f570c8fffb85dd0ffc22cd5ece327450cce41039d1b9ddea0c65522aa8081b0f781aa3a3d177e886b560bdea61e71748e7cc7eded9c1c82aae0cafb1bbfc0ce0f6d9fc012d144e96c931b9b608b4db50158c53db9bf34311e06bc96154d0ba596d08765004655552869064e87729ff83200000000000000000000000000000000000000000000000000000000000000001c0da811972824f4c77035ab840d9585ecbf7b2bab1f69fc5c76f3c4ed173d3577b4e152e248a58f718c9103ec211f0891984d6c8aa70a51ac1ee1b38c3fdb138545850e8c488fac1bda3f5adf3a0891f09f66a30f2d87d3e34e61bf651afea300e3f286b9a18de9a6ac0b09ab5579d3249f50ee37e1b92443bc24e6fc417d3291c14fa5639ad0b0d1408e9bac464360f2097d675b62c0e4fcfcd77cd859432e1c5592928deeb8d01be772cbe55b26d4c28800e189821b8995be50d13bf562eceb00a4c68ca38d5d22febb8f1239fc1cf7ca039fd4fcb60bdb224ac6cee0869b28053f1e258d27a72f59bd931d54a5c455e76eb55baa3b0a49ab8c6d446895474939589c81604a3d4b3a96994ed20dea1b686c363a4eca5d7642b2b9d8abc744849d026963d9c2c220145257a9094f3fac24648e6355560bd360ed40b8b7bba0a68e160000000000000000000000000000000000000000000000000000000000000000a747a863aa634db552bb2078e07bc3a3a6184492f0ef76e43ee6b129335312060000000000000000000000000000000000000000000000000000000000000000691746532330f15d95962bf856bac2b45cf6770176dee526fbc5849cfaad6d2626d09a8490f04307b59ba388236a980d225b91e665d16d8691d2ccffc8c1c195000000000000000000000000000000000000000000000000000000000000000002831e491a3446c70b96582b9f61091dc15e9cc4455601061d881e289c45a04c280000000000000000000000000000000000000000000000000000000000000000be4044a29cb1fd274c8339ebe3a9a4e870360a256e4a8b3ba8c630a1fa327026000000000000000000000000000000000000000000000000000000000000000007000000000001d28ae8c59ebd315dfcadb9a8e4ea26ac78966fa3d2607d001eec0f97270666a401e0ac17d75533f104fb5069ac4d31b173a8e8a37b384b1cdcadeb223501107197"
                    }
                },
                {
                    "key": "0x0d000000000000000000000000000000000000000000000000000000000000",