{
    "config": {
        "seed": "42",
        "max_steps": 4294967295,
        "safrole": false,
        "profile": {
            "full": null
        },
        "fuzzy_profile": {
            "full": null
        },
        "max_work_items": 3,
        "mutation_ratio": 0.0,
        "max_mutations": 0
    },
    "stats": {
        "steps": 1,
        "imported": 1,
        "import_max_step": 1,
        "import_min": 10.240478000000001,
        "import_max": 10.240478000000001,
        "import_mean": 10.240478000000001,
        "import_p50": 10.240478000000001,
        "import_p75": 0.0,
        "import_p90": 10.240478000000001,
        "import_p99": 0.0,
        "import_std_dev": 0.0
    },
    "target": {
        "info": {
            "fuzz_version": 1,
            "fuzz_features": 2,
            "jam_version": {
                "major": 0,
                "minor": 7,
                "patch": 1
            },
            "app_version": {
                "major": 0,
                "minor": 0,
                "patch": 15
            },
            "app_name": "spacejam"
        },
        "stats": {
            "steps": 1,
            "imported": 1,
            "import_max_step": 1,
            "import_min": 15.537245,
            "import_max": 15.537245,
            "import_mean": 15.537245,
            "import_p50": 15.537245,
            "import_p75": 0.0,
            "import_p90": 15.537245,
            "import_p99": 0.0,
            "import_std_dev": 0.0
        }
    },
    "diff": {
        "state": {
            "roots": {
                "exp": "0x40149b38956824da4c4cca7d823d208b170ca8705f240b5246b48488c1a998d3",
                "got": "0x17fec50248d9c10416181bcc92cc9d9722b4cccc704a8d5bf0b7ba783c281281"
            },
            "keyvals": [
                {
                    "key": "0x0d000000000000000000000000000000000000000000000000000000000000",
                    "diff": {
                        "exp": "0x00000000000000000000000000000000000000000100000000000000000000000000000000000000010000000100000000000000000000000000000000000000010000000100000001000000000000000000000000000000010000000100000000000000000000000000000000000000010000000100000000000000000000000000000000000000010000000100000002000000000000000000000000000000050000000a00000000000000000000000000000000000000060000000a00000001000000000000000200000060720400050000000900000004000000000000000000000000000000060000000900000002000000000000000000000000000000050000000900000002000000000000000100000030390200060000000a00000000000000000081008afcc05fde0600000000c0565ac0a3fa0400000000000001b2b700000000000046d7ca8f000000000000000003c31c3d70d7ca8f000002c0086f000000000000683b12b7000001c0e0630000000002c1a5bd",
                        "got": "0x00000000000000000000000000000000000000000100000000000000000000000000000000000000010000000100000000000000000000000000000000000000010000000100000001000000000000000000000000000000010000000100000000000000000000000000000000000000010000000100000000000000000000000000000000000000010000000100000002000000000000000000000000000000050000000a00000000000000000000000000000000000000060000000a00000001000000000000000200000060720400050000000900000004000000000000000000000000000000060000000900000002000000000000000000000000000000050000000900000002000000000000000100000030390200060000000a00000000000000000081008afcc05fde0600000000c0565ac0a3fa0400000000000001b2b700000000000046d7ca8f000000000000000003c2a0eb70d7ca8f000002c0086f000000000000683b12b7000001c0e0630000000002c19596"
                    }
                },
                {
                    "key": "0x46d7d745cab78ffec13e507a95e86ec03add50794acc76edd9370aca5ecbf2",
                    "diff": {
                        "exp": "0x67b9781e095dc082",
                        "got": "0x145b0724650c14d6"
                    }
                },
                {
                    "key": "0x68293b2c12d1b740bc50d602526f4b46e8aca90eb8c77c165b6497cae7625f",
                    "diff": {
                        "exp": "0x03000000",
                        "got": "0x02000000"
                    }
                },
                {
                    "key": "0xff4600d700ca008f0000000000000000000000000000000000000000000000",
                    "diff": {
                        "exp": "0x00828667638ae6f11aa6b7d77cf058a3bb6d46346701e914f18ab7015a0de17141113a03000000000010270000000000001027000000000000cd6602000000000000000000000000000a000000030000000c00000000000000",
                        "got": "0x00828667638ae6f11aa6b7d77cf058a3bb6d46346701e914f18ab7015a0de17141d4d305000000000010270000000000001027000000000000cd6602000000000000000000000000000a000000030000000c00000000000000"
                    }
                },
                {
                    "key": "0xff68003b001200b70000000000000000000000000000000000000000000000",
                    "diff": {
                        "exp": "0x00828667638ae6f11aa6b7d77cf058a3bb6d46346701e914f18ab7015a0de17141c70f08000000000010270000000000001027000000000000a266020000000000000000000000000009000000040000000c00000000000000",
                        "got": "0x00828667638ae6f11aa6b7d77cf058a3bb6d46346701e914f18ab7015a0de17141047605000000000010270000000000001027000000000000a266020000000000000000000000000009000000040000000c00000000000000"
                    }
                }
            ]
        }
    }
}