{
    "config": {
        "seed": "42",
        "profile": {
            "empty": null
        },
        "safrole": false,
        "max_work_items": 1,
        "max_service_keys": 10,
        "mutation_ratio": 0.1,
        "max_mutations": 0,
        "max_steps": 10000
    },
    "stats": {
        "steps": 1,
        "imported": 1,
        "import_max_step": 1,
        "import_min": 5.91101,
        "import_max": 5.91101,
        "import_mean": 5.91101,
        "import_p50": 5.91101,
        "import_p75": 0.0,
        "import_p90": 5.91101,
        "import_p99": 0.0,
        "import_std_dev": 0.0
    },
    "target": {
        "info": {
            "fuzz_version": 1,
            "fuzz_features": 2,
            "jam_version": {
                "major": 0,
                "minor": 7,
                "patch": 0
            },
            "app_version": {
                "major": 0,
                "minor": 0,
                "patch": 1
            },
            "app_name": "strawberry"
        },
        "stats": {
            "steps": 1,
            "imported": 1,
            "import_max_step": 1,
            "import_min": 30.427108,
            "import_max": 30.427108,
            "import_mean": 30.427108,
            "import_p50": 30.427108,
            "import_p75": 0.0,
            "import_p90": 30.427108,
            "import_p99": 0.0,
            "import_std_dev": 0.0
        }
    },
    "state_diff": {
        "roots": {
            "exp": "0xe0c84e51639670bcbc25422f4ca1fa4e6473f0a0f08116698e02afeced73bb1d",
            "got": "0x244b08df016dd6a9c36cba5ec747794f006659ead7a90eb3fcb0d8767cec1b62"
        },
        "keyvals": [
            {
                "key": "0x03000000000000000000000000000000000000000000000000000000000000",
                "diff": {
                    "exp": "0x0890809c548236d802b9147a4a2c29927e7b60b2f43d015446c9ed26beaff28e827c42a2b6fd150d04a399463228ed1920fe4c6734b1d4493afe9dc44aac06d566629f30a8dd56a49183e5264d8774686591dc3034687088dc2cbd7904b3d484cf01032fa0befc9ffa14e03f537ba1888cd16965ae8183b878225dbaf9ee5a79251d00000000000000000000000000000000000000000000000000000000000000007a3e99903c359ec61de5158492ebb82a17cea28e425220a874ee2ce9b9d0409e7e9468d19831026d3188b53870986c622da8536dd5727b01c68dc8612d715ce65c3a62829bdd5fe22f9e4905733a0eee35846b4ec4791e664fbe5fcf2a9aa3a80025fe094996716145bc471c52d6a262efc55974938b72b32c51b898abf91fb891e2c4c77c816ef8b4cdd740547de68e6f664b0808256624ef4251d531d4cd69b5bfd7c2c454f6f37c311146153728364a83cf19e0b024bb9936d9f207f0545f34008a002cae8a848d18c1b0cfdd3ca59de0b1a9e57c13a8443fd53c89c8841e5269e191498b9beb1bb9c36243c2efd60d60ae1401d0af4ea2a247e43ba111eccb9ec5d141c547c26569d64fb2e0e15b0017d1d10aae6eca4adea5fcd7bc73bf57a4026e899145934546b5f22bf3564ceb4a7dd06dcec871747b8cff6e0f6952ecf47c0000000000000000000000000000000000000000000000000000000000000000d0a16126045d37555921ed51614672f3ba80fb7e05ac10cb4c52b0cde62d32800000000000000000000000000000000000000000000000000000000000000000df59f97ae6bf27fc8c18aea1ea8732e7c2d1e9b5e1cc8b8b110466b32088d3245b33d0d9459fbb28d9cd64225bf33566f507fca3132dd687ea58806f333810cb39e15520a67cf387800d3e6e15e93cbf72b8ab8244999909742c751282d8a5b70268f1bb5845933d983b91f89a79853a42d753f1aa6cdf7ba927d02a1f81b24f940000000000000000000000000000000000000000000000000000000000000000f3ab9d3bb61c07d42a90e0947ce1664c25c36cde2cd06a56c3d8a1030472d0d500000000000000000000000000000000000000000000000000000000000000002145065c06491bbd8398ef28735d72fda72d83aaf77f2eafe06c083f8f1f61d349179c335ca5804db2a37cff81d05e6b427def8769381f447e33406e17ece4a52956fd6053223c37f290ca15a0dea2d76483d95065279e0be747425480cd01d701ea457d98509a734af2a1462abd2cb0e974a6c1bd23b7ae0bed56923d9b1b59e70000000000000000000000000000000000000000000000000000000000000000175cc5a6260e6aa38ef3b14980e90571fd04474cfb1029447f5591577ca445e3b723d8e61bacbdaadae35d3d53bf52da83b75f775008430dadfbdb1d1c6b7d7bbdb181a1e88c6c9d84638c32dac766a795639620aef9183d279e859569b9142801268e6140de0ed9e059122fc9d0ea0d95547dc44c1b3e7208f977e59a5f87d6b800000000000000000000000000000000000000000000000000000000000000004fb492243a2c9e5ff8de6d9274c9edfd1ddf7b930e84f7301944a8f507d21d59957cf136da1c7cfea5982e13441f04908814288c47da67cf8bfb89682d9d8609000000000000000000000000000000000000000000000000000000000000000001989488cc5a4b26fdd5d77ef8ec28d9b1a33505fcb0a04997e311bd1322d118520000000000000000000000000000000000000000000000000000000000000000060100000000000000000000000000000000000000000000000000000000000000000000000001b723d8e61bacbdaadae35d3d53bf52da83b75f775008430dadfbdb1d1c6b7d7b",
                    "got": "0x0890809c548236d802b9147a4a2c29927e7b60b2f43d015446c9ed26beaff28e827c42a2b6fd150d04a399463228ed1920fe4c6734b1d4493afe9dc44aac06d566629f30a8dd56a49183e5264d8774686591dc3034687088dc2cbd7904b3d484cf01032fa0befc9ffa14e03f537ba1888cd16965ae8183b878225dbaf9ee5a79251d00000000000000000000000000000000000000000000000000000000000000007a3e99903c359ec61de5158492ebb82a17cea28e425220a874ee2ce9b9d0409e7e9468d19831026d3188b53870986c622da8536dd5727b01c68dc8612d715ce65c3a62829bdd5fe22f9e4905733a0eee35846b4ec4791e664fbe5fcf2a9aa3a80025fe094996716145bc471c52d6a262efc55974938b72b32c51b898abf91fb891e2c4c77c816ef8b4cdd740547de68e6f664b0808256624ef4251d531d4cd69b5bfd7c2c454f6f37c311146153728364a83cf19e0b024bb9936d9f207f0545f34008a002cae8a848d18c1b0cfdd3ca59de0b1a9e57c13a8443fd53c89c8841e5269e191498b9beb1bb9c36243c2efd60d60ae1401d0af4ea2a247e43ba111eccb9ec5d141c547c26569d64fb2e0e15b0017d1d10aae6eca4adea5fcd7bc73bf57a4026e899145934546b5f22bf3564ceb4a7dd06dcec871747b8cff6e0f6952ecf47c0000000000000000000000000000000000000000000000000000000000000000d0a16126045d37555921ed51614672f3ba80fb7e05ac10cb4c52b0cde62d32800000000000000000000000000000000000000000000000000000000000000000df59f97ae6bf27fc8c18aea1ea8732e7c2d1e9b5e1cc8b8b110466b32088d3245b33d0d9459fbb28d9cd64225bf33566f507fca3132dd687ea58806f333810cb39e15520a67cf387800d3e6e15e93cbf72b8ab8244999909742c751282d8a5b70268f1bb5845933d983b91f89a79853a42d753f1aa6cdf7ba927d02a1f81b24f940000000000000000000000000000000000000000000000000000000000000000f3ab9d3bb61c07d42a90e0947ce1664c25c36cde2cd06a56c3d8a1030472d0d500000000000000000000000000000000000000000000000000000000000000002145065c06491bbd8398ef28735d72fda72d83aaf77f2eafe06c083f8f1f61d349179c335ca5804db2a37cff81d05e6b427def8769381f447e33406e17ece4a52956fd6053223c37f290ca15a0dea2d76483d95065279e0be747425480cd01d701ea457d98509a734af2a1462abd2cb0e974a6c1bd23b7ae0bed56923d9b1b59e70000000000000000000000000000000000000000000000000000000000000000175cc5a6260e6aa38ef3b14980e90571fd04474cfb1029447f5591577ca445e3b723d8e61bacbdaadae35d3d53bf52da83b75f775008430dadfbdb1d1c6b7d7bbdb181a1e88c6c9d84638c32dac766a795639620aef9183d279e859569b9142801268e6140de0ed9e059122fc9d0ea0d95547dc44c1b3e7208f977e59a5f87d6b800000000000000000000000000000000000000000000000000000000000000004fb492243a2c9e5ff8de6d9274c9edfd1ddf7b930e84f7301944a8f507d21d590626e321acd03eb7ee9a91bfe117aa1007135c552b7621885aa365a8f89f3fb4000000000000000000000000000000000000000000000000000000000000000001989488cc5a4b26fdd5d77ef8ec28d9b1a33505fcb0a04997e311bd1322d1185200000000000000000000000000000000000000000000000000000000000000000601299be72929aa30f6daa695659cf61cbe88a23ff96fb5a1417a2e453059bcea0e0000000001b723d8e61bacbdaadae35d3d53bf52da83b75f775008430dadfbdb1d1c6b7d7b"
                }
            },
            {
                "key": "0x0a6a48aecea3d3b8c876e335de632eac1b2705f8a5476ffb5c0499d95bd432",
                "diff": {
                    "exp": "0x",
                    "got": "0x6aab0f968a7df01f"
                }
            },
            {
                "key": "0x0abf4880cec4d315a6de0d53b81f75fb91e9487af71c623599e8ecb38e7204",
                "diff": {
                    "exp": "0x",
                    "got": "0x01000000"
                }
            },
            {
                "key": "0x0af848e9cec6d3d9d891b7f383ca393e9934e324cd5c2fa0a6dade41413612",
                "diff": {
                    "exp": "0x",