{
    "config": {
        "seed": "42",
        "profile": {
            "empty": null
        },
        "safrole": false,
        "max_work_items": 1,
        "max_service_keys": 10,
        "mutation_ratio": 0.1,
        "max_mutations": 0,
        "max_steps": 10000
    },
    "stats": {
        "steps": 1,
        "imported": 1,
        "import_max_step": 1,
        "import_min": 8.127832,
        "import_max": 8.127832,
        "import_mean": 8.127832,
        "import_p50": 8.127832,
        "import_p75": 0.0,
        "import_p90": 8.127832,
        "import_p99": 0.0,
        "import_std_dev": 0.0
    },
    "target": {
        "info": {
            "fuzz_version": 1,
            "fuzz_features": 2,
            "jam_version": {
                "major": 0,
                "minor": 7,
                "patch": 0
            },
            "app_version": {
                "major": 0,
                "minor": 1,
                "patch": 0
            },
            "app_name": "jamzig-target"
        },
        "stats": {
            "steps": 1,
            "imported": 1,
            "import_max_step": 1,
            "import_min": 6.75923,
            "import_max": 6.75923,
            "import_mean": 6.75923,
            "import_p50": 6.75923,
            "import_p75": 0.0,
            "import_p90": 6.75923,
            "import_p99": 0.0,
            "import_std_dev": 0.0
        }
    },
    "state_diff": {
        "roots": {
            "exp": "0x1bc93b1c6f4d2271d6f243c4e2817581337141692868f362b642338b9bdce3ab",
            "got": "0xf0e0b5871a8ee9fd558b55b65e0583359d08b4cb58004a4fb1e8fed170f0cdc5"
        },
        "keyvals": [
            {
                "key": "0x0d000000000000000000000000000000000000000000000000000000000000",
                "diff": {
                    "exp": "0x00000000000000000000000000000000000000000200000000000000000000000000000000000000000000000200000000000000000000000000000000000000000000000200000002000000000000000000000000000000010000000200000000000000000000000000000000000000010000000200000000000000000000000000000000000000010000000200000002000000000000000000000000000000060000000a00000001000000000000000000000000000000060000000c000000020000000000000003000000cd310400060000000b00000003000000000000000000000000000000040000000c00000003000000000000000000000000000000040000000b000000010000000000000002000000decb0200040000000b0000000003000000000000810f06000000000000024ee9488e000000000000000001c06e640000925bae9400000000000000000000019da6",
                    "got": "0x00000000000000000000000000000000000000000200000000000000000000000000000000000000000000000200000000000000000000000000000000000000000000000200000002000000000000000000000000000000010000000200000000000000000000000000000000000000010000000200000000000000000000000000000000000000010000000200000002000000000000000000000000000000060000000a00000001000000000000000000000000000000060000000c000000020000000000000003000000cd310400060000000b00000003000000000000000000000000000000040000000c00000003000000000000000000000000000000040000000b000000010000000000000002000000decb0200040000000b0000000003000000000000810f06000000000000024ee9488e000000000000000001c06e640000925bae9400000000000000000000019d2d"
                }
            },
            {
                "key": "0xff92005b00ae00940000000000000000000000000000000000000000000000",
                "diff": {
                    "exp": "0x5e619be5ca9078d2718bf57c7c4d8f8297eb897592390a4922b342e77707b0f91d1f020000000000102700000000000010270000000000001867010000000000000000000000000004000000060000001600000000000000",
                    "got": "0x5e619be5ca9078d2718bf57c7c4d8f8297eb897592390a4922b342e77707b0f91d1f020000000000102700000000000010270000000000001867010000000000000000000000000004000000060000001900000000000000"
                }
            }
        ]
    },
    "import_diff": null
}
