{
    "config": {
        "seed": "42",
        "max_steps": 4294967295,
        "safrole": false,
        "profile": {
            "full": null
        },
        "fuzzy_profile": {
            "full": null
        },
        "max_work_items": 3,
        "mutation_ratio": 0.0,
        "max_mutations": 0
    },
    "stats": {
        "steps": 1,
        "imported": 1,
        "import_max_step": 1,
        "import_min": 10.133187999999999,
        "import_max": 10.133187999999999,
        "import_mean": 10.133187999999999,
        "import_p50": 10.133187999999999,
        "import_p75": 0.0,
        "import_p90": 10.133187999999999,
        "import_p99": 0.0,
        "import_std_dev": 0.0
    },
    "target": {
        "info": {
            "fuzz_version": 1,
            "fuzz_features": 2,
            "jam_version": {
                "major": 0,
                "minor": 7,
                "patch": 1
            },
            "app_version": {
                "major": 0,
                "minor": 0,
                "patch": 18
            },
            "app_name": "spacejam"
        },
        "stats": {
            "steps": 1,
            "imported": 1,
            "import_max_step": 1,
            "import_min": 26.260939,
            "import_max": 26.260939,
            "import_mean": 26.260939,
            "import_p50": 26.260939,
            "import_p75": 0.0,
            "import_p90": 26.260939,
            "import_p99": 0.0,
            "import_std_dev": 0.0
        }
    },
    "error": {
        "state_diff": {
            "roots": {
                "exp": "0x63bee2e357710556fb4ca274ceff7aa94bab82fd1b6de47aca3e80b54cc9a5f7",
                "got": "0xacbe324c4a3a27944e602bd6bc4845dd7b68e440fa73a69a0b67436e3ad90b6d"
            },
            "keyvals": [
                {
                    "key": "0x77d7604502b7a7fec13e507a95e86ec03add50794acc76edd9370aca5ecbf2",
                    "diff": {
                        "exp": "0x1a21324bf7ef13f1",
                        "got": "0x3bef22f2c8697dca"
                    }
                }
            ]
        }
    }
}