{
    "config": {
        "seed": "42",
        "max_steps": 4294967295,
        "safrole": false,
        "profile": {
            "full": null
        },
        "fuzzy_profile": {
            "full": null
        },
        "max_work_items": 3,
        "mutation_ratio": 0.0,
        "max_mutations": 0
    },
    "stats": {
        "steps": 1,
        "imported": 1,
        "import_max_step": 1,
        "import_min": 4.825491,
        "import_max": 4.825491,
        "import_mean": 4.825491,
        "import_p50": 4.825491,
        "import_p75": 0.0,
        "import_p90": 4.825491,
        "import_p99": 0.0,
        "import_std_dev": 0.0
    },
    "target": {
        "info": {
            "fuzz_version": 1,
            "fuzz_features": 2,
            "jam_version": {
                "major": 0,
                "minor": 7,
                "patch": 2
            },
            "app_version": {
                "major": 0,
                "minor": 1,
                "patch": 0
            },
            "app_name": "jamzig-target"
        },
        "stats": {
            "steps": 1,
            "imported": 1,
            "import_max_step": 1,
            "import_min": 5.958988,
            "import_max": 5.958988,
            "import_mean": 5.958988,
            "import_p50": 5.958988,
            "import_p75": 0.0,
            "import_p90": 5.958988,
            "import_p99": 0.0,
            "import_std_dev": 0.0
        }
    },
    "error": {
        "state_diff": {
            "roots": {
                "exp": "0x1cd126ee0dac1ccd34f5dd3d523185062959bd22e098b2ae6f808398b04a8810",
                "got": "0xbe468fd9defb0a361fcfaec77f2477c032149125749ccd66cd666f1fabf04b6d"
            },
            "keyvals": [
                {
                    "key": "0x0d000000000000000000000000000000000000000000000000000000000000",
                    "diff": {
                        "exp": "0x03000000000000000000000000000000040000000800000000000000000000000000000000000000040000000900000002000000000000000000000000000000050000000a00000001000000000000000000000000000000050000000800000001000000000000000000000000000000050000000900000003000000000000000000000000000000040000000700000003000000000000000000000000000000060000000a00000001000000000000000000000000000000060000000a00000002000000000000000000000000000000060000000b00000003000000000000000000000000000000040000000900000002000000000000000000000000000000040000000c00000001000000000000000000000000000000050000000c0000000000000000000000837a050021881d008f40c09f450300000000000001a3c00005812a000000e780fe0200000000000000000100530d2764000003a1df001c86f30001c0ad45",
                        "got": "0x03000000000000000000000000000000040000000800000000000000000000000000000000000000040000000900000002000000000000000000000000000000050000000a00000001000000000000000000000000000000050000000800000001000000000000000000000000000000050000000900000003000000000000000000000000000000040000000700000003000000000000000000000000000000060000000a00000001000000000000000000000000000000060000000a00000002000000000000000000000000000000060000000b00000003000000000000000000000000000000040000000900000002000000000000000000000000000000040000000c00000001000000000000000000000000000000050000000c0000000000000000000000837a050021881d008f40c09f450300000000000001a3c00005812a000000e780fe0200000000000000000100530d2764000003a1df001c86f30001c0a345"
                    }
                }
            ]
        }
    }
}