{
    "config": {
        "seed": "1766243861_7767",
        "max_steps": 1000000,
        "safrole": false,
        "profile": {
            "full": null
        },
        "fuzzy_profile": {
            "rand": null
        },
        "max_work_items": 5,
        "mutation_ratio": 0.1,
        "max_mutations": 5
    },
    "stats": {
        "steps": 98,
        "imported": 41,
        "import_max_step": 56,
        "import_min": 1.294822,
        "import_max": 242.43489100000002,
        "import_mean": 15.509111414634148,
        "import_p50": 3.418,
        "import_p75": 6.666,
        "import_p90": 8.985,
        "import_p99": 242.434,
        "import_std_dev": 50.82356096890585
    },
    "target": {
        "info": {
            "fuzz_version": 1,
            "fuzz_features": 2,
            "jam_version": {
                "major": 0,
                "minor": 7,
                "patch": 2
            },
            "app_version": {
                "major": 0,
                "minor": 1,
                "patch": 0
            },
            "app_name": "jamzig-target"
        },
        "stats": {
            "steps": 98,
            "imported": 41,
            "import_max_step": 56,
            "import_min": 1.543729,
            "import_max": 120.52152500000001,
            "import_mean": 15.102657463414632,
            "import_p50": 5.007,
            "import_p75": 16.049,
            "import_p90": 38.583,
            "import_p99": 120.521,
            "import_std_dev": 26.309204837264765
        }
    },
    "error": {
        "state_diff": {
            "roots": {
                "exp": "0x1cd126ee0dac1ccd34f5dd3d523185062959bd22e098b2ae6f808398b04a8810",
                "got": "0xbe468fd9defb0a361fcfaec77f2477c032149125749ccd66cd666f1fabf04b6d"
            },
            "keyvals": [
                {
                    "key": "0x0d000000000000000000000000000000000000000000000000000000000000",
                    "diff": {
                        "exp": "0x03000000000000000000000000000000040000000800000000000000000000000000000000000000040000000900000002000000000000000000000000000000050000000a00000001000000000000000000000000000000050000000800000001000000000000000000000000000000050000000900000003000000000000000000000000000000040000000700000003000000000000000000000000000000060000000a00000001000000000000000000000000000000060000000a00000002000000000000000000000000000000060000000b00000003000000000000000000000000000000040000000900000002000000000000000000000000000000040000000c00000001000000000000000000000000000000050000000c0000000000000000000000837a050021881d008f40c09f450300000000000001a3c00005812a000000e780fe0200000000000000000100530d2764000003a1df001c86f30001c0ad45",
                        "got": "0x03000000000000000000000000000000040000000800000000000000000000000000000000000000040000000900000002000000000000000000000000000000050000000a00000001000000000000000000000000000000050000000800000001000000000000000000000000000000050000000900000003000000000000000000000000000000040000000700000003000000000000000000000000000000060000000a00000001000000000000000000000000000000060000000a00000002000000000000000000000000000000060000000b00000003000000000000000000000000000000040000000900000002000000000000000000000000000000040000000c00000001000000000000000000000000000000050000000c0000000000000000000000837a050021881d008f40c09f450300000000000001a3c00005812a000000e780fe0200000000000000000100530d2764000003a1df001c86f30001c0a345"
                    }
                }
            ]
        }
    }
}