{
  "info": {
    "name": "boka-fuzzing-target",
    "app_version": {
      "major": 0,
      "minor": 1,
      "patch": 0
    },
    "jam_version": {
      "major": 0,
      "minor": 7,
      "patch": 0
    }
  },
  "stats": {
    "steps": 100,
    "imported": 100,
    "import_max_step": 96,
    "import_min": 7.7941080000000005,
    "import_max": 35.840376,
    "import_mean": 14.156452060000001,
    "import_p50": 13.674,
    "import_p75": 15.172,
    "import_p90": 17.709,
    "import_p99": 29.971,
    "import_std_dev": 5.011440243025849
  }
}
