{
  "info": {
    "name": "boka-fuzzing-target",
    "app_version": {
      "major": 0,
      "minor": 1,
      "patch": 0
    },
    "jam_version": {
      "major": 0,
      "minor": 7,
      "patch": 0
    }
  },
  "stats": {
    "steps": 100,
    "imported": 100,
    "import_max_step": 60,
    "import_min": 8.694353999999999,
    "import_max": 133.925333,
    "import_mean": 45.495867329999975,
    "import_p50": 37.916,
    "import_p75": 58.236,
    "import_p90": 94.476,
    "import_p99": 119.274,
    "import_std_dev": 31.471491916652184
  }
}
