{
    "config": {
        "seed": "42",
        "max_steps": 4294967295,
        "safrole": false,
        "profile": {
            "full": null
        },
        "fuzzy_profile": {
            "full": null
        },
        "max_work_items": 3,
        "mutation_ratio": 0.0,
        "max_mutations": 0
    },
    "stats": {
        "steps": 1,
        "imported": 1,
        "import_max_step": 1,
        "import_min": 9.495849,
        "import_max": 9.495849,
        "import_mean": 9.495849,
        "import_p50": 9.495849,
        "import_p75": 0.0,
        "import_p90": 9.495849,
        "import_p99": 0.0,
        "import_std_dev": 0.0
    },
    "target": {
        "info": {
            "fuzz_version": 1,
            "fuzz_features": 2,
            "jam_version": {
                "major": 0,
                "minor": 7,
                "patch": 1
            },
            "app_version": {
                "major": 0,
                "minor": 3,
                "patch": 4
            },
            "app_name": "duna-target"
        },
        "stats": {
            "steps": 1,
            "imported": 1,
            "import_max_step": 1,
            "import_min": 77.834024,
            "import_max": 77.834024,
            "import_mean": 77.834024,
            "import_p50": 77.834024,
            "import_p75": 0.0,
            "import_p90": 77.834024,
            "import_p99": 0.0,
            "import_std_dev": 0.0
        }
    },
    "diff": {
        "state": {
            "roots": {
                "exp": "0x2f6783cd5c8aa4f36e2f80c1f93a2db68cb212d7f450d8cd7bda92845c972f67",
                "got": "0xdf14e58180df1e8b55cd04c60bf39722cbddcdef27e2b250b57928fc0a3b03fa"
            },
            "keyvals": [
                {
                    "key": "0x0d000000000000000000000000000000000000000000000000000000000000",
                    "diff": {
                        "exp": "0x00000000000000000000000000000000010000000100000000000000000000000000000000000000000000000100000000000000000000000000000000000000000000000100000000000000000000000000000000000000000000000100000000000000000000000000000000000000010000000100000001000000000000000000000000000000010000000100000003000000000000000000000000000000010000000a00000002000000000000000000000000000000080000000b00000000000000000000000000000000000000010000000800000002000000000000000000000000000000030000000b00000002000000000000000100000030390200070000000900000003000000000000000000000000000000080000000a000000bd7f0600000000000000000008814400835b9b5204000000000000019b52000881440001bafa56bc3c47000000000000000001c2322bfed3d2bd000000000000000002c03edf013732cf000000000000000001c0d5f2",
                        "got": "0x00000000000000000000000000000000010000000100000000000000000000000000000000000000000000000100000000000000000000000000000000000000000000000100000000000000000000000000000000000000000000000100000000000000000000000000000000000000010000000100000001000000000000000000000000000000010000000100000003000000000000000000000000000000010000000a00000002000000000000000000000000000000080000000b00000000000000000000000000000000000000010000000800000002000000000000000000000000000000030000000b00000002000000000000000100000030390200070000000900000003000000000000000000000000000000080000000a000000bd7f0600000000000000000000814408835b9b5204000000000000019b52000081440801bafa56bc3c47000000000000000001c2322bfed3d2bd000000000000000002c03edf013732cf000000000000000001c0d5f2"
                    }
                }
            ]
        }
    }
}