{
    "config": {
        "seed": "42",
        "profile": {
            "Empty": null
        },
        "safrole": false,
        "max_work_items": 1,
        "max_service_keys": 10,
        "mutation_ratio": 0.1,
        "max_mutations": 0,
        "max_steps": 10000
    },
    "stats": {
        "steps": 1,
        "imported": 1,
        "import_max_step": 1,
        "import_min": 7.215194,
        "import_max": 7.215194,
        "import_mean": 7.215194,
        "import_p50": 7.215194,
        "import_p75": 0.0,
        "import_p90": 7.215194,
        "import_p99": 0.0,
        "import_std_dev": 0.0
    },
    "target": {
        "info": {
            "name": "tessera-node-target",
            "app_version": {
                "major": 1,
                "minor": 0,
                "patch": 0
            },
            "jam_version": {
                "major": 2,
                "minor": 0,
                "patch": 0
            }
        },
        "stats": {
            "steps": 1,
            "imported": 1,
            "import_max_step": 1,
            "import_min": 643.29918,
            "import_max": 643.29918,
            "import_mean": 643.29918,
            "import_p50": 643.29918,
            "import_p75": 0.0,
            "import_p90": 643.29918,
            "import_p99": 0.0,
            "import_std_dev": 0.0
        }
    },
    "diff": {
        "roots": {
            "exp": "0x758193d80689efb5d220cf9ae61f5680ee1b194b1f370f304f1ff0d2ac6c59d8",
            "got": "0x02a5eb70c06c28ab96e03997d4b45bcc31a4f57bb9ee6f1111caed9bdf519559"
        },
        "keyvals": [
            {
                "key": "0x0d000000000000000000000000000000000000000000000000000000000000",
                "diff": {
                    "exp": "0x02000000000000000000000000000000040000000a00000003000000000000000000000000000000030000000700000002000000000000000000000000000000040000000a00000003000000000000000000000000000000040000000a00000001000000000000000000000000000000030000000a00000000000000000000000000000000000000020000000b00000002000000000000000000000000000000030000000c00000001000000000000000000000000000000030000000c00000000000000000000000000000000000000070000000a00000004000000000000000000000000000000070000000b00000004000000000000000000000000000000030000000a00000001000000000000000000000000000000070000000a000000000400000000000080ed050000000080ed88e9024ee9488e00000188e90000000000000000622ae7be000000000000000001c0f68c0000",
                    "got": "0x02000000000000000000000000000000040000000a00000003000000000000000000000000000000030000000700000002000000000000000000000000000000040000000a00000003000000000000000000000000000000040000000a00000001000000000000000000000000000000030000000a00000000000000000000000000000000000000020000000b00000002000000000000000000000000000000030000000c00000001000000000000000000000000000000030000000c00000000000000000000000000000000000000070000000a00000004000000000000000000000000000000070000000b00000004000000000000000000000000000000030000000a00000001000000000000000000000000000000070000000a000000000400000000000080ed050000000080ed88e9024ee9488e00000188e90000000000000000622ae7be000000000000000001c0f48c0000"
                }
            },
            {
                "key": "0x2577a7fddbf06b226f624b410cf246d8ecc525935a5267aaf79d40cff42f42",
                "diff": {
                    "exp": "0x",
                    "got": "0x00"
                }
            },
            {
                "key": "0x62b32a31e709be278a58e32dd933a59cb85e6b0f6a58d5d6ca7c596f75c166",
                "diff": {
                    "exp": "0x",
                    "got": "0x00000000"
                }
            },
            {
                "key": "0x93775bfdaef094226f624b410cf246d8ecc525935a5267aaf79d40cff42f42",
                "diff": {
                    "exp": "0x",
                    "got": "0x00"
                }
            },
            {
                "key": "0xfa7aa6f9db326bf3056743ef892fa7f34429709da91c9a51b2eb7faed8b12c",
                "diff": {
                    "exp": "0x",
                    "got": "0x00000000"
                }
            },
            {
                "key": "0xfb77a6fddbf06b226f624b410cf246d8ecc525935a5267aaf79d40cff42f42",
                "diff": {
                    "exp": "0x",
                    "got": "0x00"
                }
            },
            {
                "key": "0xff2500a700db006b0000000000000000000000000000000000000000000000",
                "diff": {
                    "exp": "0x",
                    "got": "0xc66e2745966b4e123809c843f0461394ce8c00df7db6e167614676a569fae4c6563702000000000010270000000000001027000000000000b330010000000000000000000000000002000000040000000000000000000000"
                }
            },
            {
                "key": "0xff62002a00e700be0000000000000000000000000000000000000000000000",
                "diff": {
                    "exp": "0xc66e2745966b4e123809c843f0461394ce8c00df7db6e167614676a569fae4c6692f020000000000102700000000000010270000000000007e33010000000000000000000000000009000000050000005200000000000000",
                    "got": "0xc66e2745966b4e123809c843f0461394ce8c00df7db6e167614676a569fae4c6692f020000000000102700000000000010270000000000004632010000000000000000000000000008000000050000005200000000000000"
                }
            },
            {
                "key": "0xff93005b00ae00940000000000000000000000000000000000000000000000",
                "diff": {
                    "exp": "0x",
                    "got": "0xc66e2745966b4e123809c843f0461394ce8c00df7db6e167614676a569fae4c6644702000000000010270000000000001027000000000000b330010000000000000000000000000002000000060000000000000000000000"
                }
            },
            {
                "key": "0xfffb00a600db006b0000000000000000000000000000000000000000000000",
                "diff": {
                    "exp": "0x",
                    "got": "0xc66e2745966b4e123809c843f0461394ce8c00df7db6e167614676a569fae4c6b0ab01000000000010270000000000001027000000000000b330010000000000000000000000000002000000040000000000000000000000"
                }
            }
        ]
    }
}
