{
    "config": {
        "seed": "42",
        "profile": {
            "empty": null
        },
        "safrole": false,
        "max_work_items": 1,
        "max_service_keys": 10,
        "mutation_ratio": 0.1,
        "max_mutations": 0,
        "max_steps": 10000
    },
    "stats": {
        "steps": 1,
        "imported": 1,
        "import_max_step": 1,
        "import_min": 14.414833999999999,
        "import_max": 14.414833999999999,
        "import_mean": 14.414833999999999,
        "import_p50": 14.414833999999999,
        "import_p75": 0.0,
        "import_p90": 14.414833999999999,
        "import_p99": 0.0,
        "import_std_dev": 0.0
    },
    "target": {
        "info": {
            "fuzz_version": 1,
            "fuzz_features": 2,
            "jam_version": {
                "major": 0,
                "minor": 7,
                "patch": 0
            },
            "app_version": {
                "major": 0,
                "minor": 2,
                "patch": 35
            },
            "app_name": "JavaJAM"
        },
        "stats": {
            "steps": 1,
            "imported": 1,
            "import_max_step": 1,
            "import_min": 9.451537,
            "import_max": 9.451537,
            "import_mean": 9.451537,
            "import_p50": 9.451537,
            "import_p75": 0.0,
            "import_p90": 9.451537,
            "import_p99": 0.0,
            "import_std_dev": 0.0
        }
    },
    "state_diff": {
        "roots": {
            "exp": "0x7e2744ab7947a5b0c2ee2238d9a38026b83dd5f0500fb4c06a2a1300b558fe34",
            "got": "0x386653beec999a51985610ec4a7d70a7bd31bbf2d8a13f606dffc4b85491aed2"
        },
        "keyvals": [
            {
                "key": "0x0d000000000000000000000000000000000000000000000000000000000000",
                "diff": {
                    "exp": "0x02000000000000000000000000000000020000000400000002000000000000000000000000000000030000000600000001000000000000000000000000000000030000000700000000000000000000000000000000000000040000000500000001000000000000000000000000000000030000000500000001000000000000000000000000000000030000000600000001000000000000000000000000000000040000000900000003000000000000000000000000000000040000000800000002000000000000000000000000000000040000000a00000003000000000000000000000000000000030000000900000000000000000000000000000000000000030000000a000000030000000000000000000000000000000300000009000000810f050000000081a8b889810f0600000000816f88f20500000000000001b8890000000000000000783bbe650000000000000000000001b3a524a7db6b000000000000000001c0d365000024e9488e00000188f20000000000000000925bae94000000000000000001c0d2650000",
                    "got": "0x02000000000000000000000000000000020000000400000002000000000000000000000000000000030000000600000001000000000000000000000000000000030000000700000000000000000000000000000000000000040000000500000001000000000000000000000000000000030000000500000001000000000000000000000000000000030000000600000001000000000000000000000000000000040000000900000003000000000000000000000000000000040000000800000002000000000000000000000000000000040000000a00000003000000000000000000000000000000030000000900000000000000000000000000000000000000030000000a000000030000000000000000000000000000000300000009000000810f050000000081a8b889810f0600000000816f88f20500000000000001b8890000000000000000783bbe650000000000000000000002b3a524a7db6b000000000000000001c0d365000024e9488e00000188f20000000000000000925bae94000000000000000001c0d2650000"
                }
            },
            {
                "key": "0x78663be3be4c652422b3b7984e6961c6789c2c7242d8374714705c9161d2a7",
                "diff": {
                    "exp": "0x925bae94b1a8000000000000676966742c20613d2c20623d72656164206f6620203c3d207065656b706f6b65646174612028307802000000000000000000000000000000020000000000000000000000000000000000000000000000200000e00000000002000000000000000000000000000000000008000000000000000000000000000100000000000000",
                    "got": "0x24a7db6b5624000000000000676966742c20613d2c20623d72656164206f6620203c3d207065656b706f6b65646174612028307802000000000000000000000000000000020000000000000000000000000000000000000000000000200000e00000000002000000000000000000000000000000000008000000000000000000000000000100000000000000"
                }
            }
        ]
    },
    "import_diff": null
}
