{
    "config": {
        "seed": "42",
        "max_steps": 4294967295,
        "safrole": false,
        "profile": {
            "full": null
        },
        "fuzzy_profile": {
            "full": null
        },
        "max_work_items": 3,
        "mutation_ratio": 0.0,
        "max_mutations": 0
    },
    "stats": {
        "steps": 6,
        "imported": 2,
        "import_max_step": 6,
        "import_min": 6.582616000000001,
        "import_max": 6.668781,
        "import_mean": 6.6256985,
        "import_p50": 6.668,
        "import_p75": 6.668,
        "import_p90": 6.668,
        "import_p99": 6.668,
        "import_std_dev": 0.06092785580093843
    },
    "target": {
        "info": {
            "fuzz_version": 1,
            "fuzz_features": 2,
            "jam_version": {
                "major": 0,
                "minor": 7,
                "patch": 0
            },
            "app_version": {
                "major": 1,
                "minor": 0,
                "patch": 0
            },
            "app_name": "tessera-target"
        },
        "stats": {
            "steps": 6,
            "imported": 2,
            "import_max_step": 4,
            "import_min": 183.199584,
            "import_max": 194.815546,
            "import_mean": 189.007565,
            "import_p50": 194.815,
            "import_p75": 194.815,
            "import_p90": 194.815,
            "import_p99": 194.815,
            "import_std_dev": 8.213725500205268
        }
    },
    "error": {
        "state_diff": {
            "roots": {
                "exp": "0x8479d445b3911b63a6de635124b6223752822b15e8bddbf028b86e280f3ad299",
                "got": "0x41a0d1bc5fe1bb2ea34cc57de4b086e378fc6087c90a5cc2e19e07ee2b7d4105"
            },
            "keyvals": [
                {
                    "key": "0x0001007100a000ab5cbd7e82c9744baf137918fe8d08741476a397e9dc2884",
                    "diff": {
                        "exp": "0x76105485ee9caaba40ea7bb06b229c7eeb6771b132de89eb03db16e1d85d02ce",
                        "got": "0x1ee1a861cff37e2092c87259b45e9aaa6aa4611d542be5f42c1ef9965e877a17"
                    }
                },
                {
                    "key": "0x001800f200a90000d2b80d44942af44f898f1932658b99d60de10617029e99",
                    "diff": {
                        "exp": "0x00",
                        "got": "0x"
                    }
                },
                {
                    "key": "0x008000bb00ac00aaeab56b95112bfa7b22136098df31de8b9811ab36ee54ea",
                    "diff": {
                        "exp": "0x00",
                        "got": "0x"
                    }
                },
                {
                    "key": "0x009900a700ce007cab35c22bc1fb1bb90fbc88901adca9d07958df40c49d08",
                    "diff": {
                        "exp": "0x",
                        "got": "0x"
                    }
                },
                {
                    "key": "0x00a700f600fd005e374544c46fd5afa5b89ad4271347c110ab02b8b09d5e88",
                    "diff": {
                        "exp": "0x00",
                        "got": "0x"
                    }
                },
                {
                    "key": "0x00b1005200fa0082e7157239fb30532626caaeed22b08dda0c8cb7c2a7e541",
                    "diff": {
                        "exp": "0x00",
                        "got": "0x"
                    }
                },
                {
                    "key": "0x00c100cf0037000c0d873616125bdbf27ed815ad4e9401a7a22394b70d4233",
                    "diff": {
                        "exp": "0x00",
                        "got": "0x"
                    }
                },
                {
                    "key": "0x0d000000000000000000000000000000000000000000000000000000000000",
                    "diff": {
                        "exp": "0x010000000000000000000000000000000100000002000000000000000000000000000000000000000300000003000000010000000000000000000000000000000300000002000000020000000000000005000000b202000001000000030000000000000000000000000000000000000003000000030000000100000000000000000000000000000001000000030000000000000000000000000000000000000000000000000000000000000000000000000000000000000000000000000000000000000000000000000000000000000000000000000000000000000000000000000000000000000000000000000000000000000000000000000000000000000000000000000000000000000000000000000000000000000000000000000000008c6306000a829800856dbfc300030000000000000100000000000002bfc3000a82980005c06edc",
                        "got": "0x010000000000000000000000000000000100000002000000000000000000000000000000000000000300000003000000010000000000000000000000000000000300000002000000020000000000000005000000b202000001000000030000000000000000000000000000000000000003000000030000000100000000000000000000000000000001000000030000000000000000000000000000000000000000000000000000000000000000000000000000000000000000000000000000000000000000000000000000000000000000000000000000000000000000000000000000000000000000000000000000000000000000000000000000000000000000000000000000000000000000000000000000000000000000000000000000008c6306000a829800856dbfc300030000000000000100000000000002bfc3000a82980005c0ff45"
                    }
                },
                {
                    "key": "0xff000000000000000000000000000000000000000000000000000000000000",
                    "diff": {
                        "exp": "0x00d1b097b4410b3a63446d7c57d093972a9744fcd2d74f4a5e2ec163610e6d6327ffffffffffffffff0a000000000000000a000000000000003522020000000000ffffffffffffffff19000000000000000500000000000000",
                        "got": "0x00d1b097b4410b3a63446d7c57d093972a9744fcd2d74f4a5e2ec163610e6d6327ffffffffffffffff0a000000000000000a00000000000000c61c020000000000ffffffffffffffff0f000000000000000500000000000000"
                    }
                }
            ]
        }
    }
}