{
    "config": {
        "seed": "1767872928_5186",
        "max_steps": 1000000,
        "safrole": false,
        "profile": {
            "fuzzy": null
        },
        "fuzzy_profile": {
            "rand": null
        },
        "max_work_items": 5,
        "mutation_ratio": 0.1,
        "max_mutations": 5
    },
    "stats": {
        "steps": 4493,
        "imported": 1469,
        "import_max_step": 282,
        "import_min": 1.272247,
        "import_max": 4042.471592,
        "import_mean": 16.23468950170187,
        "import_p50": 5.082,
        "import_p75": 7.992,
        "import_p90": 11.459,
        "import_p99": 168.405,
        "import_std_dev": 134.29068091952232
    },
    "target": {
        "info": {
            "fuzz_version": 1,
            "fuzz_features": 2,
            "jam_version": {
                "major": 0,
                "minor": 7,
                "patch": 2
            },
            "app_version": {
                "major": 0,
                "minor": 3,
                "patch": 8
            },
            "app_name": "vinwolf-target"
        },
        "stats": {
            "steps": 4493,
            "imported": 1469,
            "import_max_step": 1792,
            "import_min": 2.0162,
            "import_max": 865.165647,
            "import_mean": 40.853868547991766,
            "import_p50": 26.095,
            "import_p75": 36.734,
            "import_p90": 48.161,
            "import_p99": 602.775,
            "import_std_dev": 93.07750380245541
        }
    },
    "error": {
        "state_diff": {
            "roots": {
                "exp": "0xfe9c37cb3aeb1b1a108604f3ba6e12d96c86434b152084daa55d14e78ba1dc4a",
                "got": "0x27f9c2618a206fabf843f7c3af6673ac79bab5b86e1ab3237aac416c8db26218"
            },
            "keyvals": [
                {
                    "key": "0x04000000000000000000000000000000000000000000000000000000000000",
                    "diff": {
                        "exp": "0xdee6d555b82024f1ccf8a1e37e60fa60fd40b1958c4bb3006af78647950e1b91ad93247bd01307550ec7acd757ce6fb805fcf73db364063265b30a949e90d93300000000000000000000000000000000000000000000000000000000000000000000000000000000000000000000000000000000000000000000000000000000000000000000000000000000000000000000000000000000000000000000000000000000000000000000000000000000000000000000000000000000000000000000000000000000000000000000000000000000000000000000ffff7f000001419c0000000000000000000000000000000000000000000000000000000000000000000000000000000000000000000000000000000000000000000000000000000000000000000000000000000000000000000000000000000000000000000000000000000000000000000000000000ff71c6c03ff88adb5ed52c9681de1629a54e702fc14729f6b50d2f0a76f185b34418fb8c85bb3985394a8c2756d3643457ce614546202a2f50b093d762499ace00000000000000000000000000000000000000000000000000000000000000000000000000000000000000000000000000000000000000000000000000000000000000000000000000000000000000000000000000000000000000000000000000000000000000000000000000000000000000000000000000000000000000000000000000000000000000000000000000000000000000000000ffff7f000001409c00000000000000000000000000000000000000000000000000000000000000000000000000000000000000000000000000000000000000000000000000000000000000000000000000000000000000000000000000000000000000000000000000000000000000000000000000009326edb21e5541717fde24ec085000b28709847b8aab1ac51f84e94b37ca1b66cab2b9ff25c2410fbe9b8a717abb298c716a03983c98ceb4def2087500b8e34100000000000000000000000000000000000000000000000000000000000000000000000000000000000000000000000000000000000000000000000000000000000000000000000000000000000000000000000000000000000000000000000000000000000000000000000000000000000000000000000000000000000000000000000000000000000000000000000000000000000000000000ffff7f000001429c0000000000000000000000000000000000000000000000000000000000000000000000000000000000000000000000000000000000000000000000000000000000000000000000000000000000000000000000000000000000000000000000000000000000000000000000000000151e5c8fe2b9d8a606966a79edd2f9e5db47e83947ce368ccba53bf6ba20a40b8b8c5d436f92ecf605421e873a99ec528761eb52a88a2f9a057b3b3003e6f32a00000000000000000000000000000000000000000000000000000000000000000000000000000000000000000000000000000000000000000000000000000000000000000000000000000000000000000000000000000000000000000000000000000000000000000000000000000000000000000000000000000000000000000000000000000000000000000000000000000000000000000000ffff7f000001449c00000000000000000000000000000000000000000000000000000000000000000000000000000000000000000000000000000000000000000000000000000000000000000000000000000000000000000000000000000000000000000000000000000000000000000000000000000746846d17469fb2f95ef365efcab9f4e22fa1feb53111c995376be8019981ccf30aa5444688b3cab47697b37d5cac5707bb3289e986b19b17db437206931a8d00000000000000000000000000000000000000000000000000000000000000000000000000000000000000000000000000000000000000000000000000000000000000000000000000000000000000000000000000000000000000000000000000000000000000000000000000000000000000000000000000000000000000000000000000000000000000000000000000000000000000000000ffff7f000001439c00000000000000000000000000000000000000000000000000000000000000000000000000000000000000000000000000000000000000000000000000000000000000000000000000000000000000000000000000000000000000000000000000000000000000000000000000002105650944fcd101621fd5bb3124c9fd191d114b7ad936c1d79d734f9f21392eab0084d01534b31c1dd87c81645fd762482a90027754041ca1b56133d0466c0600000000000000000000000000000000000000000000000000000000000000000000000000000000000000000000000000000000000000000000000000000000000000000000000000000000000000000000000000000000000000000000000000000000000000000000000000000000000000000000000000000000000000000000000000000000000000000000000000000000000000000000ffff7f000001459c0000000000000000000000000000000000000000000000000000000000000000000000000000000000000000000000000000000000000000000000000000000000000000000000000000000000000000000000000000000000000000000000000000000000000000000000000000a527b8646ffb1084f2a4eb96da6c2c38c7b80583e9f68eaa9d8ec1c74f30aebb361f786db7da03c319f0bd13d7c17213936b03f29f73e3d44810ffb090bcd1383d575257390c64d6dd8fcb0a6dc8b769b31856aeb8652cd52a0566ab3cae4c3492e630ae2b14e758ab0960e372172203f4c9a41777dadd529971d7ab9d23ab29fe0e9c85ec450505dde7f5ac038274cf019326edb21e5541717fde24ec085000b28709847b8aab1ac51f84e94b37ca1b662105650944fcd101621fd5bb3124c9fd191d114b7ad936c1d79d734f9f21392e9326edb21e5541717fde24ec085000b28709847b8aab1ac51f84e94b37ca1b660746846d17469fb2f95ef365efcab9f4e22fa1feb53111c995376be8019981cc0746846d17469fb2f95ef365efcab9f4e22fa1feb53111c995376be8019981cc9326edb21e5541717fde24ec085000b28709847b8aab1ac51f84e94b37ca1b662105650944fcd101621fd5bb3124c9fd191d114b7ad936c1d79d734f9f21392e9326edb21e5541717fde24ec085000b28709847b8aab1ac51f84e94b37ca1b660746846d17469fb2f95ef365efcab9f4e22fa1feb53111c995376be8019981ccdee6d555b82024f1ccf8a1e37e60fa60fd40b1958c4bb3006af78647950e1b91151e5c8fe2b9d8a606966a79edd2f9e5db47e83947ce368ccba53bf6ba20a40b2105650944fcd101621fd5bb3124c9fd191d114b7ad936c1d79d734f9f21392e00",