{
    "config": {
        "seed": "42",
        "max_steps": 4294967295,
        "safrole": false,
        "profile": {
            "full": null
        },
        "fuzzy_profile": {
            "full": null
        },
        "max_work_items": 3,
        "max_service_keys": 10,
        "mutation_ratio": 0.0,
        "max_mutations": 0
    },
    "stats": {
        "steps": 1,
        "imported": 1,
        "import_max_step": 1,
        "import_min": 24.605532999999998,
        "import_max": 24.605532999999998,
        "import_mean": 24.605532999999998,
        "import_p50": 24.605532999999998,
        "import_p75": 0.0,
        "import_p90": 24.605532999999998,
        "import_p99": 0.0,
        "import_std_dev": 0.0
    },
    "target": {
        "info": {
            "fuzz_version": 1,
            "fuzz_features": 2,
            "jam_version": {
                "major": 0,
                "minor": 7,
                "patch": 1
            },
            "app_version": {
                "major": 0,
                "minor": 0,
                "patch": 14
            },
            "app_name": "spacejam"
        },
        "stats": {
            "steps": 1,
            "imported": 1,
            "import_max_step": 1,
            "import_min": 48.432973,
            "import_max": 48.432973,
            "import_mean": 48.432973,
            "import_p50": 48.432973,
            "import_p75": 0.0,
            "import_p90": 48.432973,
            "import_p99": 0.0,
            "import_std_dev": 0.0
        }
    },
    "diff": {
        "state": {
            "roots": {
                "exp": "0xdd471fffa5bf084103721dc38bd47483fc58a720076e614b0dec7c298c255673",
                "got": "0x8f6625f2097459e23812d352ceb3acc441d27fde04342180ac00ec7f69c8a620"
            },
            "keyvals": [
                {
                    "key": "0x0c000000000000000000000000000000000000000000000000000000000000",
                    "diff": {
                        "exp": "0x000000000000000000000000000000000000000000",
                        "got": "0x000000000000000000000000ace5f5ee0000000000"
                    }
                },
                {
                    "key": "0x0d000000000000000000000000000000000000000000000000000000000000",
                    "diff": {
                        "exp": "0x010000000000000000000000000000000300000007000000000000000000000000000000000000000400000005000000010000000000000000000000000000000400000006000000030000000000000000000000000000000300000006000000010000000000000000000000000000000300000006000000020000000000000000000000000000000400000006000000000000000000000000000000000000000000000000000000000000000000000000000000000000000000000000000000000000000000000000000000000000000000000000000000000000000000000000000000000000000000000000000000000000000000000000000000000000000000000000000000000000000000000000000000000000000000000000000000bae006000000000000b3f10500000000bc21ca651e010000000000000fca651e000000001bdbbf42",
                        "got": "0x010000000000000000000000000000000300000007000000000000000000000000000000000000000400000005000000010000000000000000000000000000000400000006000000030000000000000000000000000000000300000006000000010000000000000000000000000000000300000006000000020000000000000000000000000000000400000006000000000000000000000000000000000000000000000000000000000000000000000000000000000000000000000000000000000000000000000000000000000000000000000000000000000000000000000000000000000000000000000000000000000000000000000000000000000000000000000000000000000000000000000000000000000000000000000000000000bae006000000000000b3f10500000000bc21ca651e010000000000000fca651e000000001bd78674"
                    }
                }
            ]
        }
    }
}