{
    "config": {
        "seed": "42",
        "max_steps": 4294967295,
        "safrole": false,
        "profile": {
            "full": null
        },
        "fuzzy_profile": {
            "full": null
        },
        "max_work_items": 3,
        "max_service_keys": 10,
        "mutation_ratio": 0.0,
        "max_mutations": 0
    },
    "stats": {
        "steps": 1,
        "imported": 1,
        "import_max_step": 1,
        "import_min": 5.537787,
        "import_max": 5.537787,
        "import_mean": 5.537787,
        "import_p50": 5.537787,
        "import_p75": 0.0,
        "import_p90": 5.537787,
        "import_p99": 0.0,
        "import_std_dev": 0.0
    },
    "target": {
        "info": {
            "fuzz_version": 1,
            "fuzz_features": 2,
            "jam_version": {
                "major": 0,
                "minor": 7,
                "patch": 1
            },
            "app_version": {
                "major": 0,
                "minor": 2,
                "patch": 0
            },
            "app_name": "@typeberry/jam"
        },
        "stats": {
            "steps": 1,
            "imported": 1,
            "import_max_step": 1,
            "import_min": 103.836814,
            "import_max": 103.836814,
            "import_mean": 103.836814,
            "import_p50": 103.836814,
            "import_p75": 0.0,
            "import_p90": 103.836814,
            "import_p99": 0.0,
            "import_std_dev": 0.0
        }
    },
    "diff": {
        "state": {
            "roots": {
                "exp": "0x9eee6213c29dfb0d8747055c794ef295a37a6f157991ce2053029c7f923e2499",
                "got": "0xa23b19c259b14735a16ed73e7e69a4f28c6d96312bc3a8f794a3324ca5d6514c"
            },
            "keyvals": [
                {
                    "key": "0x00450019006a0051135ef0225518c5ddc999419ffbf52cf2d4213d55af782e",
                    "diff": {
                        "exp": "0x01000000",
                        "got": "0x"
                    }
                },
                {
                    "key": "0x00f00078008e0099cd2569e9ccf2045b86062b3e1b16723b5cd83807dab284",
                    "diff": {
                        "exp": "0x00000000ca62000000000000726566696c6c0000000000000000000000000000000000000000000000000000000000000000000000000000000000000000000000000000000000000000000000000000000000000000000000000000000000000000000000000000000000000000000000000000000000000000000000000000000000000000000000000000",
                        "got": "0x"
                    }
                },
                {
                    "key": "0x0d000000000000000000000000000000000000000000000000000000000000",
                    "diff": {
                        "exp": "0x010000000000000000000000000000000200000004000000010000000000000000000000000000000200000002000000010000000000000000000000000000000000000004000000010000000000000000000000000000000000000002000000000000000000000000000000000000000200000003000000000000000000000000000000000000000000000004000000020000000000000002000000f2be0400050000000a00000000000000000000000000000000000000030000000a00000001000000000000000000000000000000030000000a000000040000000000000000000000000000000300000009000000020000000000000001000000795f02000500000008000000020000000000000000000000000000000500000008000000817b050000000081a8b26100000000000000000100000000000001b2610000000001c19e13",
                        "got": "0x010000000000000000000000000000000200000004000000010000000000000000000000000000000200000002000000010000000000000000000000000000000000000004000000010000000000000000000000000000000000000002000000000000000000000000000000000000000200000003000000000000000000000000000000000000000000000004000000020000000000000002000000f2be0400050000000a00000000000000000000000000000000000000030000000a00000001000000000000000000000000000000030000000a000000040000000000000000000000000000000300000009000000020000000000000001000000795f02000500000008000000020000000000000000000000000000000500000008000000817b050000000081a8b26100000000000000000100000000000001b2610000000001c056ed"
                    }
                },
                {
                    "key": "0xff000000000000000000000000000000000000000000000000000000000000",
                    "diff": {
                        "exp": "0x0069076f38642f87e2037a88d4a583b03703c744af1f02bd0bbd7df93ce1ef8f6c7ce5e9ffffffffff0a000000000000000a00000000000000151a020000000000ffffffffffffffff08000000000000000f00000000000000",
                        "got": "0x0069076f38642f87e2037a88d4a583b03703c744af1f02bd0bbd7df93ce1ef8f6cb282e9ffffffffff0a000000000000000a000000000000002a19020000000000ffffffffffffffff06000000000000000f00000000000000"
                    }
                }
            ]
        }
    }
}