{
    "config": {
        "seed": "42",
        "max_steps": 4294967295,
        "safrole": false,
        "profile": {
            "full": null
        },
        "fuzzy_profile": {
            "full": null
        },
        "max_work_items": 3,
        "mutation_ratio": 0.0,
        "max_mutations": 0
    },
    "stats": {
        "steps": 2,
        "imported": 1,
        "import_max_step": 2,
        "import_min": 8.337952,
        "import_max": 8.337952,
        "import_mean": 8.337952,
        "import_p50": 8.337952,
        "import_p75": 0.0,
        "import_p90": 8.337952,
        "import_p99": 0.0,
        "import_std_dev": 0.0
    },
    "target": {
        "info": {
            "fuzz_version": 1,
            "fuzz_features": 2,
            "jam_version": {
                "major": 0,
                "minor": 7,
                "patch": 2
            },
            "app_version": {
                "major": 0,
                "minor": 3,
                "patch": 5
            },
            "app_name": "duna-target"
        },
        "stats": {
            "steps": 2,
            "imported": 1,
            "import_max_step": 2,
            "import_min": 177.125203,
            "import_max": 177.125203,
            "import_mean": 177.125203,
            "import_p50": 177.125203,
            "import_p75": 0.0,
            "import_p90": 177.125203,
            "import_p99": 0.0,
            "import_std_dev": 0.0
        }
    },
    "error": {
        "state_diff": {
            "roots": {
                "exp": "0x263ff8f89fe99c51fef6002cf61b16da7af672472446672545f926ea56610e88",
                "got": "0x0cb56f2257c94377627088aa9a05a33c272d274f096e61b48d4034bc26e1de41"
            },
            "keyvals": [
                {
                    "key": "0x06d7a945ceb754fec13e507a95e86ec03add50794acc76edd9370aca5ecbf2",
                    "diff": {
                        "exp": "0xf8e6904de0225ac6",
                        "got": "0xcbcf3efa167fc640"
                    }
                },
                {
                    "key": "0x0d000000000000000000000000000000000000000000000000000000000000",
                    "diff": {
                        "exp": "0x00000000000000000000000000000000010000000100000000000000000000000000000000000000010000000100000000000000000000000000000000000000010000000100000000000000000000000000000000000000010000000100000000000000000000000000000000000000010000000100000001000000000000000000000000000000010000000100000001000000000000000000000000000000030000000a00000002000000000000000000000000000000030000000900000001000000000000000000000000000000040000000a00000002000000000000000000000000000000050000000900000004000000000000000000000000000000050000000900000002000000000000000000000000000000040000000a0000000000000c83720086ae96868b3706000b83c70086df96de056049e1440000018b590001520001c208a88a49e1440000018b85000a837500000006a9ce540000018b59000882840001c0094d73b095650000018b2d000480ee0000003e8c8fde000000000000000002c0b858",
                        "got": "0x00000000000000000000000000000000010000000100000000000000000000000000000000000000010000000100000000000000000000000000000000000000010000000100000000000000000000000000000000000000010000000100000000000000000000000000000000000000010000000100000001000000000000000000000000000000010000000100000001000000000000000000000000000000030000000a00000002000000000000000000000000000000030000000900000001000000000000000000000000000000040000000a00000002000000000000000000000000000000050000000900000004000000000000000000000000000000050000000900000002000000000000000000000000000000040000000a0000000000000c83720086ae96868b3706000b83c70086df96de056049e1440000018b590001520001c208a88a49e1440000018b85000a837500000006a9ce540000018b59000882840001c0ae5473b095650000018b2d000480ee0000003e8c8fde000000000000000002c0b858"
                    }
                }
            ]
        }
    }
}