{
    "config": {
        "seed": "42",
        "max_steps": 4294967295,
        "safrole": false,
        "profile": {
            "full": null
        },
        "fuzzy_profile": {
            "full": null
        },
        "max_work_items": 3,
        "mutation_ratio": 0.0,
        "max_mutations": 0
    },
    "stats": {
        "steps": 5,
        "imported": 1,
        "import_max_step": 5,
        "import_min": 61.901281000000004,
        "import_max": 61.901281000000004,
        "import_mean": 61.901281000000004,
        "import_p50": 61.901281000000004,
        "import_p75": 0.0,
        "import_p90": 61.901281000000004,
        "import_p99": 0.0,
        "import_std_dev": 0.0
    },
    "target": {
        "info": {
            "fuzz_version": 1,
            "fuzz_features": 2,
            "jam_version": {
                "major": 0,
                "minor": 7,
                "patch": 2
            },
            "app_version": {
                "major": 0,
                "minor": 3,
                "patch": 5
            },
            "app_name": "duna-target"
        },
        "stats": {
            "steps": 5,
            "imported": 1,
            "import_max_step": 5,
            "import_min": 254.59385099999997,
            "import_max": 254.59385099999997,
            "import_mean": 254.59385099999997,
            "import_p50": 254.59385099999997,
            "import_p75": 0.0,
            "import_p90": 254.59385099999997,
            "import_p99": 0.0,
            "import_std_dev": 0.0
        }
    },
    "error": {
        "state_diff": {
            "roots": {
                "exp": "0x27f3b179b2a652ebd16f264e27805c3db1474534ee2c5bbc1ab5d15aa3d77319",
                "got": "0xf1188372e210ed8abeb58c057fedc9e7867705e116f7dcd503a8e891cd21454a"
            },
            "keyvals": [
                {
                    "key": "0x83d761450db727fec13e507a95e86ec03add50794acc76edd9370aca5ecbf2",
                    "diff": {
                        "exp": "0xb7a8be03cc7e5312",
                        "got": "0xdc5762407dc3c5b8"
                    }
                }
            ]
        }
    }
}