{
    "config": {
        "seed": "42",
        "profile": {
            "empty": null
        },
        "safrole": false,
        "max_work_items": 1,
        "max_service_keys": 10,
        "mutation_ratio": 0.1,
        "max_mutations": 0,
        "max_steps": 10000
    },
    "stats": {
        "steps": 1,
        "imported": 1,
        "import_max_step": 1,
        "import_min": 9.112365,
        "import_max": 9.112365,
        "import_mean": 9.112365,
        "import_p50": 9.112365,
        "import_p75": 0.0,
        "import_p90": 9.112365,
        "import_p99": 0.0,
        "import_std_dev": 0.0
    },
    "target": {
        "info": {
            "fuzz_version": 1,
            "fuzz_features": 2,
            "jam_version": {
                "major": 0,
                "minor": 7,
                "patch": 0
            },
            "app_version": {
                "major": 0,
                "minor": 1,
                "patch": 0
            },
            "app_name": "jamzilla"
        },
        "stats": {
            "steps": 1,
            "imported": 1,
            "import_max_step": 1,
            "import_min": 11.601709,
            "import_max": 11.601709,
            "import_mean": 11.601709,
            "import_p50": 11.601709,
            "import_p75": 0.0,
            "import_p90": 11.601709,
            "import_p99": 0.0,
            "import_std_dev": 0.0
        }
    },
    "state_diff": {
        "roots": {
            "exp": "0x84b35458a3d7a7827c640c8190337c78de3d6675a8a3b886ee3c79feb75648ee",
            "got": "0x0ebf72a7f2cf95deea442521b988ce276e40803f2c3c77017397b2c1f2afac54"
        },
        "keyvals": [
            {
                "key": "0xff78003b00be00650000000000000000000000000000000000000000000000",
                "diff": {
                    "exp": "0x5e619be5ca9078d2718bf57c7c4d8f8297eb897592390a4922b342e77707b0f9a9a202000000000010270000000000001027000000000000f066010000000000000000000000000003000000110000000000000000000000",
                    "got": "0x5e619be5ca9078d2718bf57c7c4d8f8297eb897592390a4922b342e77707b0f9a9a2020000000000102700000000000010270000000000004066010000000000000000000000000002000000110000000000000000000000"
                }
            }
        ]
    },
    "import_diff": null
}
