{
    "config": {
        "seed": "42",
        "profile": {
            "empty": null
        },
        "safrole": false,
        "max_work_items": 1,
        "max_service_keys": 10,
        "mutation_ratio": 0.1,
        "max_mutations": 0,
        "max_steps": 10000
    },
    "stats": {
        "steps": 1,
        "imported": 1,
        "import_max_step": 1,
        "import_min": 18.309951,
        "import_max": 18.309951,
        "import_mean": 18.309951,
        "import_p50": 18.309951,
        "import_p75": 0.0,
        "import_p90": 18.309951,
        "import_p99": 0.0,
        "import_std_dev": 0.0
    },
    "target": {
        "info": {
            "fuzz_version": 1,
            "fuzz_features": 2,
            "jam_version": {
                "major": 0,
                "minor": 2,
                "patch": 11
            },
            "app_version": {
                "major": 0,
                "minor": 7,
                "patch": 0
            },
            "app_name": "jam-duna-target"
        },
        "stats": {
            "steps": 1,
            "imported": 1,
            "import_max_step": 1,
            "import_min": 8.104981,
            "import_max": 8.104981,
            "import_mean": 8.104981,
            "import_p50": 8.104981,
            "import_p75": 0.0,
            "import_p90": 8.104981,
            "import_p99": 0.0,
            "import_std_dev": 0.0
        }
    },
    "state_diff": {
        "roots": {
            "exp": "0x91870dda88c650c13937d457ed724d3a4a4101fca2b775a0a0db9ef334008df1",
            "got": "0x4420b6575ea4e06031c296abbb11491a358395891a38aa1fd0de906ee8bdbca9"
        },
        "keyvals": [
            {
                "key": "0x9c3cc8ad618464782f063b00b211287f061ddecc58bc658d538809fbae8387",
                "diff": {
                    "exp": "0x6602310000000000",
                    "got": "0x9fb3300000000000"
                }
            }
        ]
    },
    "import_diff": null
}
