{
    "config": {
        "seed": "1766243861_5589",
        "max_steps": 1000000,
        "safrole": false,
        "profile": {
            "full": null
        },
        "fuzzy_profile": {
            "rand": null
        },
        "max_work_items": 5,
        "mutation_ratio": 0.1,
        "max_mutations": 5
    },
    "stats": {
        "steps": 208,
        "imported": 66,
        "import_max_step": 168,
        "import_min": 1.346341,
        "import_max": 70.92269700000001,
        "import_mean": 5.529269106060606,
        "import_p50": 4.141,
        "import_p75": 5.656,
        "import_p90": 6.978,
        "import_p99": 40.308,
        "import_std_dev": 9.53312439942898
    },
    "target": {
        "info": {
            "fuzz_version": 1,
            "fuzz_features": 2,
            "jam_version": {
                "major": 0,
                "minor": 7,
                "patch": 2
            },
            "app_version": {
                "major": 0,
                "minor": 5,
                "patch": 0
            },
            "app_name": "@typeberry/jam"
        },
        "stats": {
            "steps": 208,
            "imported": 66,
            "import_max_step": 168,
            "import_min": 10.99885,
            "import_max": 332.719761,
            "import_mean": 36.14287448484848,
            "import_p50": 26.668,
            "import_p75": 37.217,
            "import_p90": 42.587,
            "import_p99": 318.628,
            "import_std_dev": 53.03607021677978
        }
    },
    "error": {
        "state_diff": {
            "roots": {
                "exp": "0x1765e5c0dffbffc7cf6fa389ff1f66f19f68315ff61671c08acedfb03f405c55",
                "got": "0xe1a51069897d7bbc775a73b2885a8e829e495f7109cada56e8b593715b1eea0e"
            },
            "keyvals": [
                {
                    "key": "0x0d000000000000000000000000000000000000000000000000000000000000",
                    "diff": {
                        "exp": "0x00000000000000000000000000000000010000000100000000000000000000000000000000000000010000000100000001000000000000000000000000000000000000000100000000000000000000000000000000000000000000000100000000000000000000000000000000000000000000000100000000000000000000000000000000000000010000000100000000000000000000000000000000000000080000000b00000004000000000000000100000078000000050000000c00000000000000000000000000000000000000080000000c00000002000000000000000000000000000000040000000c0000000400000000000000010000003d390200080000000c0000000200000000000000010000003d390200050000000c00000000040000000000008dee06001986e5008cbec0534b0300000000000002b49d000c82ae0001c0686617565e260000018b71000983210003c037486d413dbf0000018b45000481160001aed3",
                        "got": "0x00000000000000000000000000000000010000000100000000000000000000000000000000000000000000000100000001000000000000000000000000000000010000000100000000000000000000000000000000000000000000000100000000000000000000000000000000000000010000000100000000000000000000000000000000000000000000000100000000000000000000000000000000000000080000000b00000004000000000000000100000078000000050000000c00000000000000000000000000000000000000080000000c00000002000000000000000000000000000000040000000c0000000400000000000000010000003d390200080000000c0000000200000000000000010000003d390200050000000c00000000040000000000008dee06001986e5008cbec0534b0300000000000002b49d000c82ae0001c0686617565e260000018b71000983210003c037486d413dbf0000018b45000481160001aed3"
                    }
                }
            ]
        }
    }
}