{
    "config": {
        "seed": "42",
        "profile": {
            "empty": null
        },
        "safrole": false,
        "max_work_items": 1,
        "max_service_keys": 10,
        "mutation_ratio": 0.1,
        "max_mutations": 0,
        "max_steps": 10000
    },
    "stats": {
        "steps": 1,
        "imported": 1,
        "import_max_step": 1,
        "import_min": 13.169148,
        "import_max": 13.169148,
        "import_mean": 13.169148,
        "import_p50": 13.169148,
        "import_p75": 0.0,
        "import_p90": 13.169148,
        "import_p99": 0.0,
        "import_std_dev": 0.0
    },
    "target": {
        "info": {
            "fuzz_version": 1,
            "fuzz_features": 0,
            "jam_version": {
                "major": 0,
                "minor": 7,
                "patch": 0
            },
            "app_version": {
                "major": 0,
                "minor": 1,
                "patch": 12
            },
            "app_name": "FastRoll"
        },
        "stats": {
            "steps": 1,
            "imported": 1,
            "import_max_step": 1,
            "import_min": 17.091002,
            "import_max": 17.091002,
            "import_mean": 17.091002,
            "import_p50": 17.091002,
            "import_p75": 0.0,
            "import_p90": 17.091002,
            "import_p99": 0.0,
            "import_std_dev": 0.0
        }
    },
    "state_diff": {
        "roots": {
            "exp": "0x96afd90be97b679db9dec7d325a0b1290273d8aa34ccab4a07325556638db0db",
            "got": "0xb72e85c1fda5bfdc74c8acb9ecad53f1012fcf4f30f3850cf280876536cdb279"
        },
        "keyvals": [
            {
                "key": "0x0d000000000000000000000000000000000000000000000000000000000000",
                "diff": {
                    "exp": "0x00000000000000000000000000000000010000000300000001000000000000000000000000000000020000000300000000000000000000000000000000000000010000000200000000000000000000000000000000000000020000000300000000000000000000000000000000000000020000000300000002000000000000000000000000000000010000000300000003000000000000000000000000000000060000000a00000003000000000000000000000000000000060000000a00000001000000000000000000000000000000040000000900000002000000000000000000000000000000060000000b00000002000000000000000100000034660100040000000b00000001000000000000000100000034660100040000000a0000008133050000000088c78d8281330500000000000004d78fd621000000000000000001c025690000c8bdc7380000000000000000000002b3a4bcf1f6410000018d820000000000000000dc8c0ed5000000000000000001c035690000",
                    "got": "0x00000000000000000000000000000000010000000300000001000000000000000000000000000000020000000300000000000000000000000000000000000000010000000200000000000000000000000000000000000000020000000300000000000000000000000000000000000000020000000300000002000000000000000000000000000000010000000300000003000000000000000000000000000000060000000a00000003000000000000000000000000000000060000000a00000001000000000000000000000000000000040000000900000002000000000000000000000000000000060000000b00000002000000000000000100000034660100040000000b00000001000000000000000100000034660100040000000a0000008133050000000088c78d8281330500000000000004d78fd621000000000000000001c025690000c8bdc738000000000000000000000290e3bcf1f6410000018d820000000000000000dc8c0ed5000000000000000001c035690000"
                }
            },
            {
                "key": "0xc866bde3c74c382422b3b7984e6961c6789c2c7242d8374714705c9161d2a7",
                "diff": {
                    "exp": "0xdc8c0ed5df91000000000000676966742c20613d2c20623d72656164206f6620203c3d207065656b706f6b65646174612028307802000000000000000000000000000000020000000000000000000000000000000000000000000000200000e00000000002000000000000000000000000000000000008000000000000000000000000000100000000000000",
                    "got": "0x0a48ced3e2ed010000000000676966742c20613d2c20623d72656164206f6620203c3d207065656b706f6b65646174612028307802000000000000000000000000000000020000000000000000000000000000000000000000000000200000e00000000002000000000000000000000000000000000008000000000000000000000000000100000000000000"
                }
            }
        ]
    },
    "import_diff": null
}
