{
    "config": {
        "seed": "42",
        "profile": {
            "empty": null
        },
        "safrole": false,
        "max_work_items": 1,
        "max_service_keys": 10,
        "mutation_ratio": 0.1,
        "max_mutations": 0,
        "max_steps": 10000
    },
    "stats": {
        "steps": 1,
        "imported": 1,
        "import_max_step": 1,
        "import_min": 9.108979,
        "import_max": 9.108979,
        "import_mean": 9.108979,
        "import_p50": 9.108979,
        "import_p75": 0.0,
        "import_p90": 9.108979,
        "import_p99": 0.0,
        "import_std_dev": 0.0
    },
    "target": {
        "info": {
            "fuzz_version": 1,
            "fuzz_features": 2,
            "jam_version": {
                "major": 0,
                "minor": 7,
                "patch": 0
            },
            "app_version": {
                "major": 0,
                "minor": 1,
                "patch": 0
            },
            "app_name": "jamzig-target"
        },
        "stats": {
            "steps": 1,
            "imported": 1,
            "import_max_step": 1,
            "import_min": 8.478207999999999,
            "import_max": 8.478207999999999,
            "import_mean": 8.478207999999999,
            "import_p50": 8.478207999999999,
            "import_p75": 0.0,
            "import_p90": 8.478207999999999,
            "import_p99": 0.0,
            "import_std_dev": 0.0
        }
    },
    "state_diff": {
        "roots": {
            "exp": "0x84b35458a3d7a7827c640c8190337c78de3d6675a8a3b886ee3c79feb75648ee",
            "got": "0xe9ced3cd84cb6fdf098845965247628ed1ba524e379a82fa3acae27e0d2c6d2c"
        },
        "keyvals": [
            {
                "key": "0x0d000000000000000000000000000000000000000000000000000000000000",
                "diff": {
                    "exp": "0x00000000000000000000000000000000000000000200000000000000000000000000000000000000000000000200000000000000000000000000000000000000000000000200000002000000000000000000000000000000010000000200000000000000000000000000000000000000010000000200000000000000000000000000000000000000010000000200000002000000000000000000000000000000060000000a00000001000000000000000000000000000000060000000c000000020000000000000003000000cd310400060000000b00000003000000000000000000000000000000040000000c00000003000000000000000000000000000000040000000b000000010000000000000002000000decb0200040000000b0000000003000000000000810f0600000000000002783bbe6500000000000000000000019da64ee9488e000000000000000001c06e640000",
                    "got": "0x00000000000000000000000000000000000000000200000000000000000000000000000000000000000000000200000000000000000000000000000000000000000000000200000002000000000000000000000000000000010000000200000000000000000000000000000000000000010000000200000000000000000000000000000000000000010000000200000002000000000000000000000000000000060000000a00000001000000000000000000000000000000060000000c000000020000000000000003000000cd310400060000000b00000003000000000000000000000000000000040000000c00000003000000000000000000000000000000040000000b000000010000000000000002000000decb0200040000000b0000000003000000000000810f0600000000000002783bbe6500000000000000000000019d2d4ee9488e000000000000000001c06e640000"
                }
            },
            {
                "key": "0xff78003b00be00650000000000000000000000000000000000000000000000",
                "diff": {
                    "exp": "0x5e619be5ca9078d2718bf57c7c4d8f8297eb897592390a4922b342e77707b0f9a9a202000000000010270000000000001027000000000000f066010000000000000000000000000003000000110000000000000000000000",
                    "got": "0x5e619be5ca9078d2718bf57c7c4d8f8297eb897592390a4922b342e77707b0f9a9a202000000000010270000000000001027000000000000f066010000000000000000000000000003000000110000001900000000000000"
                }
            }
        ]
    },
    "import_diff": null
}
