{
    "config": {
        "seed": "42",
        "profile": {
            "empty": null
        },
        "safrole": false,
        "max_work_items": 1,
        "max_service_keys": 10,
        "mutation_ratio": 0.1,
        "max_mutations": 0,
        "max_steps": 10000
    },
    "stats": {
        "steps": 1,
        "imported": 1,
        "import_max_step": 1,
        "import_min": 8.42753,
        "import_max": 8.42753,
        "import_mean": 8.42753,
        "import_p50": 8.42753,
        "import_p75": 0.0,
        "import_p90": 8.42753,
        "import_p99": 0.0,
        "import_std_dev": 0.0
    },
    "target": {
        "info": {
            "fuzz_version": 1,
            "fuzz_features": 0,
            "jam_version": {
                "major": 0,
                "minor": 7,
                "patch": 0
            },
            "app_version": {
                "major": 0,
                "minor": 1,
                "patch": 12
            },
            "app_name": "FastRoll"
        },
        "stats": {
            "steps": 1,
            "imported": 1,
            "import_max_step": 1,
            "import_min": 14.397754,
            "import_max": 14.397754,
            "import_mean": 14.397754,
            "import_p50": 14.397754,
            "import_p75": 0.0,
            "import_p90": 14.397754,
            "import_p99": 0.0,
            "import_std_dev": 0.0
        }
    },
    "state_diff": {
        "roots": {
            "exp": "0xc48fa1bf0329d3acb173fb0fd10eb4c6bb34f9d083dbf78eef278ab886c8dc7a",
            "got": "0xd99078a719e563cebe2c75a5f56a90e052c48a9c3c90ed99c56d60827368c4be"
        },
        "keyvals": [
            {
                "key": "0x0d000000000000000000000000000000000000000000000000000000000000",
                "diff": {
                    "exp": "0x0100000000000000000000000000000004000000070000000100000000000000000000000000000003000000080000000100000000000000010000003466010003000000080000000200000000000000030000009c3204000400000008000000010000000000000000000000000000000200000008000000020000000000000000000000000000000300000007000000020000000000000000000000000000000300000008000000000000000000000000000000000000000300000006000000010000000000000000000000000000000300000008000000040000000000000001000000346601000300000006000000020000000000000000000000000000000300000009000000020000000000000000000000000000000300000009000000814306000000000000000300000000000002c06d7957000000000000000001c0196400009b4560de00000000000000000000019d8a",
                    "got": "0x0100000000000000000000000000000004000000070000000100000000000000000000000000000003000000080000000100000000000000010000003466010003000000080000000200000000000000030000009c3204000400000008000000010000000000000000000000000000000200000008000000020000000000000000000000000000000300000007000000020000000000000000000000000000000300000008000000000000000000000000000000000000000300000006000000010000000000000000000000000000000300000008000000040000000000000001000000346601000300000006000000020000000000000000000000000000000300000009000000020000000000000000000000000000000300000009000000814306000000000000000300000000000002c06d7957000000000000000001c0196400009b4560de00000000000000000000018e70"
                }
            },
            {
                "key": "0x9b6645e3604cde2422b3b7984e6961c6789c2c7242d8374714705c9161d2a7",
                "diff": {
                    "exp": "0xc06d79579912000000000000676966742c20613d2c20623d72656164206f6620203c3d207065656b706f6b65646174612028307802000000000000000000000000000000020000000000000000000000000000000000000000000000200000e00000000002000000000000000000000000000000000008000000000000000000000000000100000000000000",
                    "got": "0x"
                }
            },
            {
                "key": "0xff9b0045006000de0000000000000000000000000000000000000000000000",
                "diff": {
                    "exp": "0x6c322032f9ffb452de811d2db63f5b654aefeeff6195f50f19c2c8598d0b8ae5d1a90200000000001027000000000000102700000000000035670100000000000000000000000000030000000e0000000000000000000000",
                    "got": "0x6c322032f9ffb452de811d2db63f5b654aefeeff6195f50f19c2c8598d0b8ae5d1a90200000000001027000000000000102700000000000085660100000000000000000000000000020000000e0000000000000000000000"
                }
            }
        ]
    },
    "import_diff": null
}
