{
    "config": {
        "seed": "42",
        "profile": {
            "Empty": null
        },
        "safrole": false,
        "max_work_items": 1,
        "max_service_keys": 10,
        "mutation_ratio": 0.1,
        "max_mutations": 0,
        "max_steps": 10000
    },
    "stats": {
        "steps": 1,
        "imported": 1,
        "import_max_step": 1,
        "import_min": 9.680236,
        "import_max": 9.680236,
        "import_mean": 9.680236,
        "import_p50": 9.680236,
        "import_p75": 0.0,
        "import_p90": 9.680236,
        "import_p99": 0.0,
        "import_std_dev": 0.0
    },
    "target": {
        "info": {
            "name": "boka-fuzzing-target",
            "app_version": {
                "major": 0,
                "minor": 1,
                "patch": 0
            },
            "jam_version": {
                "major": 0,
                "minor": 7,
                "patch": 0
            }
        },
        "stats": {
            "steps": 1,
            "imported": 1,
            "import_max_step": 1,
            "import_min": 35.149350000000005,
            "import_max": 35.149350000000005,
            "import_mean": 35.149350000000005,
            "import_p50": 35.149350000000005,
            "import_p75": 0.0,
            "import_p90": 35.149350000000005,
            "import_p99": 0.0,
            "import_std_dev": 0.0
        }
    },
    "diff": {
        "roots": {
            "exp": "0xcf4c7334700220ef584c16f5679670f143923233578fcee42046ed4e7242dac8",
            "got": "0xbc55b91c4bbfabc7f9d6b7a1b7c51517a3d577f7fef6a8a0deed27815beee1c1"
        },
        "keyvals": [
            {
                "key": "0x2e3cdcad4a8412782f063b00b211287f061ddecc58bc658d538809fbae8387",
                "diff": {
                    "exp": "0xac60980000000000",
                    "got": "0x4519980000000000"
                }
            }
        ]
    }
}
