{
    "config": {
        "seed": "42",
        "profile": {
            "empty": null
        },
        "safrole": false,
        "max_work_items": 1,
        "max_service_keys": 10,
        "mutation_ratio": 0.1,
        "max_mutations": 0,
        "max_steps": 10000
    },
    "stats": {
        "steps": 1,
        "imported": 1,
        "import_max_step": 1,
        "import_min": 14.76905,
        "import_max": 14.76905,
        "import_mean": 14.76905,
        "import_p50": 14.76905,
        "import_p75": 0.0,
        "import_p90": 14.76905,
        "import_p99": 0.0,
        "import_std_dev": 0.0
    },
    "target": {
        "info": {
            "fuzz_version": 1,
            "fuzz_features": 2,
            "jam_version": {
                "major": 0,
                "minor": 7,
                "patch": 0
            },
            "app_version": {
                "major": 0,
                "minor": 0,
                "patch": 1
            },
            "app_name": "strawberry"
        },
        "stats": {
            "steps": 1,
            "imported": 1,
            "import_max_step": 1,
            "import_min": 48.650898999999995,
            "import_max": 48.650898999999995,
            "import_mean": 48.650898999999995,
            "import_p50": 48.650898999999995,
            "import_p75": 0.0,
            "import_p90": 48.650898999999995,
            "import_p99": 0.0,
            "import_std_dev": 0.0
        }
    },
    "state_diff": {
        "roots": {
            "exp": "0xee0e1c762a776a2443b02c6ae584673a48343c860b6c00fbb7fdb58e784f0604",
            "got": "0xc27ea108de0e95075921daece3bf23de0c804e8dcfc93b8848078afedd3c7e71"
        },
        "keyvals": [
            {
                "key": "0x03000000000000000000000000000000000000000000000000000000000000",
                "diff": {
                    "exp": "0x08ee19cf64f2c2c07ee4f495813962491fbc93df5962f08e09eb4808be487660eef5c6b4910f9782a43876069a93518c2a20b29d7528dad6033c922c5aaf1e06977209e601a05e05967b54dffefa816c78e92acd1a26cfe25366e0d772741d5b440153c72615cbb7de62c97a4c331e335b1bc3609d768f759dcb3a27448a04daeb150000000000000000000000000000000000000000000000000000000000000000eebd9b6cc71b304e892ae2edbae41da5cd57953d60125c9bfdf62afff331cabce3bedd69f056bb4f3cc908d71e37a5f5040b5d57301e0777724a4a793104565ff7b2ff78f032c51798876beb90dc37b451c603c64073c1cba83ce52e9ec794a50260caebd7754de42adaf709df2888755b932e8e3a554523a857369d84fef2b6310000000000000000000000000000000000000000000000000000000000000000cf966b3331a7f3d9835473fd5495c6801ac4a9349e465a438f31c61ea56dbe24000000000000000000000000000000000000000000000000000000000000000087ba669165dd92152968d90b2fbbcbe5ecd5875ab5f9af865d30f74a55071d04b67c1e213eafa248c89add93f6de6384c2392567f528f21f47d982b4f901f4aaf64e1fba758460403bebdab9b21eea22821bc741029a291db2ad52487153355c01899fb3ccc74be98c08a7d05952ac4b72d047c077e6001e66e76e3ef5d2feba7d0000000000000000000000000000000000000000000000000000000000000000ff34a03c7157a8f71063236ff9c703881518fc795f35ed10909d39c026988fb9caed6f911d1ec65c8b90c99e152b270b15aaa914e302ade343fc4fbac210d50f8a82cc3f9665f9e7a8ef30b5bf420bde2634eed3e5f6b1ccab921bab7bdfc31201ea3e40fc218b2091e431eea86ca75a74ea0653a40fd2a2b1f6c1923385b8032d00000000000000000000000000000000000000000000000000000000000000000769013b2bdefde53fabb24ab86688f85b297ce44a371ce4ea633ef2d9f169aa9daa283aa021ccf1ed0139b01cee9b7f9f96d1c38d9a02a165df3baa0606549097d4464157bdc998f730b26891a05890d1871d490711b8ae1cf7c6d6e4c2fbf00164daf3e5915518907c0b2b61901061b9186ee0602e9a75836a0f8ab4719a2d69000000000000000000000000000000000000000000000000000000000000000055e35bf2ab2d2d2dc610c7e1c0575321f435259d0b7de0aa3ad008d0e482ae0b520faacb92f7d008218cd84780a44f37dd886920280bdf044857f8aa5500e5e0b0e770cb3bbdf7ea2c7c0799e1e82ba5dd93cd9337a9a4d6433206047c904b52015f7c26d8a30e41119aed851766cd708bb3e00dadb27d5737dc993a16107ac82200000000000000000000000000000000000000000000000000000000000000009907a694d5ffac13f788349d87770722aafa80accd1e61ce7ed5b92645a2cb39baf06cbd9949fdb1050fbedd7dee80da0e250bba0e8a09e83b3ea3788a5f024b1cdcd5050e8a17e3ba2e4a9899f764f2a99e84b51becafa56d6ad2f85fc60f4a00d39f674ccf6982ab6bfa394cbabca9a4bfce083748b9750be2c535673995c15885ada78c8de11676f1dc6a88b7757842b4c944f31f8d70a7671af587f9a7475e0000000000000000000000000000000000000000000000000000000000000000012caaa9d5ae3c249d799ae00d32ee259995ede5fca0492b42428df724b23d2b2d0000000000000000000000000000000000000000000000000000000000000000060101ea7daad0b5108c7e9560f88275fd330cf716b561dab547f284be855749622e00017d21bf5f5dc952958b6f0d06abde33b9923f20e7356acaac31aa4458d2c777fb01ad095e2f07cf15b928e691ee44a79722d26788268bed55b8f45c2220a27e170900013a716c75356c708b2b74caf6d6d23b2929ede18976c15cb1ba079ce749ac5ebc",
                    "got": "0x08ee19cf64f2c2c07ee4f495813962491fbc93df5962f08e09eb4808be487660eef5c6b4910f9782a43876069a93518c2a20b29d7528dad6033c922c5aaf1e06977209e601a05e05967b54dffefa816c78e92acd1a26cfe25366e0d772741d5b440153c72615cbb7de62c97a4c331e335b1bc3609d768f759dcb3a27448a04daeb150000000000000000000000000000000000000000000000000000000000000000eebd9b6cc71b304e892ae2edbae41da5cd57953d60125c9bfdf62afff331cabce3bedd69f056bb4f3cc908d71e37a5f5040b5d57301e0777724a4a793104565ff7b2ff78f032c51798876beb90dc37b451c603c64073c1cba83ce52e9ec794a50260caebd7754de42adaf709df2888755b932e8e3a554523a857369d84fef2b6310000000000000000000000000000000000000000000000000000000000000000cf966b3331a7f3d9835473fd5495c6801ac4a9349e465a438f31c61ea56dbe24000000000000000000000000000000000000000000000000000000000000000087ba669165dd92152968d90b2fbbcbe5ecd5875ab5f9af865d30f74a55071d04b67c1e213eafa248c89add93f6de6384c2392567f528f21f47d982b4f901f4aaf64e1fba758460403bebdab9b21eea22821bc741029a291db2ad52487153355c01899fb3ccc74be98c08a7d05952ac4b72d047c077e6001e66e76e3ef5d2feba7d0000000000000000000000000000000000000000000000000000000000000000ff34a03c7157a8f71063236ff9c703881518fc795f35ed10909d39c026988fb9caed6f911d1ec65c8b90c99e152b270b15aaa914e302ade343fc4fbac210d50f8a82cc3f9665f9e7a8ef30b5bf420bde2634eed3e5f6b1ccab921bab7bdfc31201ea3e40fc218b2091e431eea86ca75a74ea0653a40fd2a2b1f6c1923385b8032d00000000000000000000000000000000000000000000000000000000000000000769013b2bdefde53fabb24ab86688f85b297ce44a371ce4ea633ef2d9f169aa9daa283aa021ccf1ed0139b01cee9b7f9f96d1c38d9a02a165df3baa0606549097d4464157bdc998f730b26891a05890d1871d490711b8ae1cf7c6d6e4c2fbf00164daf3e5915518907c0b2b61901061b9186ee0602e9a75836a0f8ab4719a2d69000000000000000000000000000000000000000000000000000000000000000055e35bf2ab2d2d2dc610c7e1c0575321f435259d0b7de0aa3ad008d0e482ae0b520faacb92f7d008218cd84780a44f37dd886920280bdf044857f8aa5500e5e0b0e770cb3bbdf7ea2c7c0799e1e82ba5dd93cd9337a9a4d6433206047c904b52015f7c26d8a30e41119aed851766cd708bb3e00dadb27d5737dc993a16107ac82200000000000000000000000000000000000000000000000000000000000000009907a694d5ffac13f788349d87770722aafa80accd1e61ce7ed5b92645a2cb39baf06cbd9949fdb1050fbedd7dee80da0e250bba0e8a09e83b3ea3788a5f024b1cdcd5050e8a17e3ba2e4a9899f764f2a99e84b51becafa56d6ad2f85fc60f4a00d39f674ccf6982ab6bfa394cbabca9a4bfce083748b9750be2c535673995c158a5a1407efd021f9c302dd6487d5c239dca1e830a0a395e0cfba318106b008d140000000000000000000000000000000000000000000000000000000000000000012caaa9d5ae3c249d799ae00d32ee259995ede5fca0492b42428df724b23d2b2d000000000000000000000000000000000000000000000000000000000000000006010e1e6e336d0338b8ab6d7de241a79635a21103dc580e285a3fb4bb72966e17b200017d21bf5f5dc952958b6f0d06abde33b9923f20e7356acaac31aa4458d2c777fb01ad095e2f07cf15b928e691ee44a79722d26788268bed55b8f45c2220a27e170900013a716c75356c708b2b74caf6d6d23b2929ede18976c15cb1ba079ce749ac5ebc"
                }
            },
            {
                "key": "0x0d000000000000000000000000000000000000000000000000000000000000",