{
    "config": {
        "seed": "42",
        "profile": {
            "empty": null
        },
        "safrole": false,
        "max_work_items": 1,
        "max_service_keys": 10,
        "mutation_ratio": 0.1,
        "max_mutations": 0,
        "max_steps": 10000
    },
    "stats": {
        "steps": 1,
        "imported": 1,
        "import_max_step": 1,
        "import_min": 9.453026999999999,
        "import_max": 9.453026999999999,
        "import_mean": 9.453026999999999,
        "import_p50": 9.453026999999999,
        "import_p75": 0.0,
        "import_p90": 9.453026999999999,
        "import_p99": 0.0,
        "import_std_dev": 0.0
    },
    "target": {
        "info": {
            "fuzz_version": 1,
            "fuzz_features": 2,
            "jam_version": {
                "major": 0,
                "minor": 7,
                "patch": 0
            },
            "app_version": {
                "major": 0,
                "minor": 7,
                "patch": 0
            },
            "app_name": "jampy"
        },
        "stats": {
            "steps": 1,
            "imported": 1,
            "import_max_step": 1,
            "import_min": 176.47194199999998,
            "import_max": 176.47194199999998,
            "import_mean": 176.47194199999998,
            "import_p50": 176.47194199999998,
            "import_p75": 0.0,
            "import_p90": 176.47194199999998,
            "import_p99": 0.0,
            "import_std_dev": 0.0
        }
    },
    "state_diff": {
        "roots": {
            "exp": "0x6dffbde9d9c02b158498f57696d059b65bd86590a27b6c9830d251cd4d376f03",
            "got": "0xcc408095e98a9d72e83ae53e663f47dbfdf8002f4bbff35a2e38801a8f8aa1c8"
        },
        "keyvals": [
            {
                "key": "0x0d000000000000000000000000000000000000000000000000000000000000",
                "diff": {
                    "exp": "0x000000000000000000000000000000000100000001000000000000000000000000000000000000000100000001000000000000000000000000000000000000000000000000000000000000000000000000000000000000000000000001000000010000000000000001000000c9460100000000000100000000000000000000000000000000000000010000000100000002000000000000000000000000000000050000000a00000000000000000000000000000000000000070000000800000001000000000000000000000000000000050000000a000000040000000000000004000000241b0500070000000900000002000000000000000000000000000000070000000a0000000200000000000000000000000000000005000000090000000000000000000000812d0500000000810d88e90371555302000000000000000001c0aa570000bbbf914f00000188e900000000000000000376eb8e01c1c94600000000000000000000",
                    "got": "0x000000000000000000000000000000000100000001000000000000000000000000000000000000000100000001000000000000000000000000000000000000000000000000000000000000000000000000000000000000000000000001000000010000000000000001000000c9460100000000000100000000000000000000000000000000000000010000000100000002000000000000000000000000000000050000000a00000000000000000000000000000000000000070000000800000001000000000000000000000000000000050000000a000000040000000000000004000000241b0500070000000900000002000000000000000000000000000000070000000a0000000200000000000000000000000000000005000000090000000000000000000000812d0500000000810d88e90371555302000000000000000001c098550000bbbf914f00000188e900000000000000000376eb8e01c1c94600000000000000000000"
                }
            },
            {
                "key": "0x71fb55e0535b022ca8ef0817d0017dd82acddc1feb98d9ba4ba30fe3972cf1",
                "diff": {
                    "exp": "0xffffffffffffffff6130010000000000",
                    "got": "0xffffffffffffffff0000000000000000"
                }
            }
        ]
    },
    "import_diff": null
}
