{
    "config": {
        "seed": "42",
        "profile": {
            "fuzzy": null
        },
        "safrole": false,
        "max_work_items": 1,
        "max_service_keys": 10,
        "mutation_ratio": 0.1,
        "max_mutations": 0,
        "max_steps": 10000
    },
    "stats": {
        "steps": 1,
        "imported": 1,
        "import_max_step": 1,
        "import_min": 7.889774,
        "import_max": 7.889774,
        "import_mean": 7.889774,
        "import_p50": 7.889774,
        "import_p75": 0.0,
        "import_p90": 7.889774,
        "import_p99": 0.0,
        "import_std_dev": 0.0
    },
    "target": {
        "info": {
            "fuzz_version": 1,
            "fuzz_features": 2,
            "jam_version": {
                "major": 0,
                "minor": 7,
                "patch": 1
            },
            "app_version": {
                "major": 0,
                "minor": 1,
                "patch": 18
            },
            "app_name": "FastRoll"
        },
        "stats": {
            "steps": 1,
            "imported": 1,
            "import_max_step": 1,
            "import_min": 7.529992999999999,
            "import_max": 7.529992999999999,
            "import_mean": 7.529992999999999,
            "import_p50": 7.529992999999999,
            "import_p75": 0.0,
            "import_p90": 7.529992999999999,
            "import_p99": 0.0,
            "import_std_dev": 0.0
        }
    },
    "state_diff": {
        "roots": {
            "exp": "0xe7ce07744d568bc11c2a1c588a6a5759def79873fa45763168afc824530995b0",
            "got": "0x1a90ee44536b0fabfb879ff1fd29eeca10311a14848343f9191f08ea55ced5f4"
        },
        "keyvals": [
            {
                "key": "0x00450019006a0051135ef0225518c5ddc999419ffbf52cf2d4213d55af782e",
                "diff": {
                    "exp": "0x01000000",
                    "got": "0x"
                }
            },
            {
                "key": "0x00c0001d0056003b9dfa998fdc18531738e679fe8cf0cb42c3f5f40de9fe04",
                "diff": {
                    "exp": "0x00000000ca62000000000000726566696c6c0000000000000000000000000000000000000000000000000000000000000000000000000000000000000000000000000000000000000000000000000000000000000000000000000000000000000000000000000000000000000000000000000000000000000000000000000000000000000000000000000000",
                    "got": "0x"
                }
            },
            {
                "key": "0x00f00078008e0099cd2569e9ccf2045b86062b3e1b16723b5cd83807dab284",
                "diff": {
                    "exp": "0x00000000ca62000000000000726566696c6c0000000000000000000000000000000000000000000000000000000000000000000000000000000000000000000000000000000000000000000000000000000000000000000000000000000000000000000000000000000000000000000000000000000000000000000000000000000000000000000000000000",
                    "got": "0x"
                }
            },
            {
                "key": "0x03000000000000000000000000000000000000000000000000000000000000",
                "diff": {
                    "exp": "0x085ddf84209a0eb2299abdb1aa2e94738371d477d00b6ba4a1b79a88ffbb27585021ddb9a356815c3fac1026b6dec5df3124afbadb485c9ba5a3e3398a04b7ba858c6a3e6a866c9e1ad2592c29ee03f360b7c75e5074f38f144d72a490e987546702c89fb263e01496f1677fa9e4aac232d46e3478e9b29ac62bb59d2966137a578c0000000000000000000000000000000000000000000000000000000000000000f838fe8da038b301b5b9d219398c266cff5e93eda22ea3905dda181d9b07a49600000000000000000000000000000000000000000000000000000000000000009adc7097d0475449963ecacacb2c1bf8f0335afefd597a638382b285909831c51978bdc2f9989334b4d216e72a14297dd9b06c8feaf1f80cde76cf1057786a2b914eed06feafcca1a5c5a2d56369a654495de210ca919351f1b3f60c72e10ea6007b23159d9f4315ae753c33c0e897187839f5e215b64cc21d70b0c288f9a320d7581f10ddd774befd80936ba02cd8521c6f16e1478e4a25c4d34421470f8f91c37124f89b8d06efece53c210e76fb5baebdbcb15a93e947941245be7695d32905001a30effe56caa2aa97bb4795077b3c0d50cf59adf2d5400ca4a85ac3029503f35a117dd584d15a66927d679dcc9cc7e4d5d4e01bd9bd157a54a162223f9adb55b0e657693cc3ddd2d6ba58fd5cbf40c366d8733bbcbf4834d1c726b4b0b44046011169726719493c6b3b65c164be9f07deb876aab5b4daeeb5e07a2ba78283e02d000000000000000000000000000000000000000000000000000000000000000065bdac395983e1fb512c4f3a2fa721d7320c0b799db5c0795247e259a687801e3d7911474624f7cd755f286622e1bceb2e2cb3f92e4589fd6c7e35ea5405480415812cef7c30f3cba3491bc3bd6b4e67da21b948720bdf76841778ab28d9102800f06b27fe75a564c2d9a050812bdaf0e62ac71df8865f78cbff487701e5bceca9e053d40b67ce0e062975285c16b9dcc8356cb1a4668acfaa280dd5d13da7764752984583345e5ba39bf2cdb88bf7f93f3b4baf6da95d650c81d8248cd00cb325018d7ec50567df7e3b5ec5372da42f5d37458397721c34b273b6abc4ac35d59e990000000000000000000000000000000000000000000000000000000000000000808dd5c9468c49fe0c75ef898e23c599955b7fb7809ff8af22a2544fa683fb6ea6b3a3f595755cac8153dcb48a1b147e364e4552aaf1dd0d07f9e8e3174319ddca4527b43b24b4b21a77fb8246a87cf54e630d1faf810099065824cfbdfc1de100d878988e7d16f84ca57e709307fa233d596172570483f16071c012760f4b8335fc9aef7f64cd6e11a8a60fa3af44f817c33b12b4c623daccd4611710c671ec230000000000000000000000000000000000000000000000000000000000000000012d05a36ca98e9cbe5f49bd360ea87c01597a646f30c9f42d60ef16527f7be33e00000000000000000000000000000000000000000000000000000000000000000401000000000000000000000000000000000000000000000000000000000000000001ad3228b676f7d3cd4284a5443f17f1962b36e491b30a40b2405849e597ba5fb501b4c11951957c6f8f642c4af61cd6b24640fec6dc7fc607ee8206a99e92410d300121ddb9a356815c3fac1026b6dec5df3124afbadb485c9ba5a3e3398a04b7ba85",