{
    "config": {
        "seed": "42",
        "max_steps": 4294967295,
        "safrole": false,
        "profile": {
            "full": null
        },
        "fuzzy_profile": {
            "full": null
        },
        "max_work_items": 3,
        "mutation_ratio": 0.0,
        "max_mutations": 0
    },
    "stats": {
        "steps": 1,
        "imported": 1,
        "import_max_step": 1,
        "import_min": 15.308062000000001,
        "import_max": 15.308062000000001,
        "import_mean": 15.308062000000001,
        "import_p50": 15.308062000000001,
        "import_p75": 0.0,
        "import_p90": 15.308062000000001,
        "import_p99": 0.0,
        "import_std_dev": 0.0
    },
    "target": {
        "info": {
            "fuzz_version": 1,
            "fuzz_features": 2,
            "jam_version": {
                "major": 0,
                "minor": 7,
                "patch": 2
            },
            "app_version": {
                "major": 0,
                "minor": 3,
                "patch": 1
            },
            "app_name": "new_jamneration"
        },
        "stats": {
            "steps": 1,
            "imported": 1,
            "import_max_step": 1,
            "import_min": 826.948848,
            "import_max": 826.948848,
            "import_mean": 826.948848,
            "import_p50": 826.948848,
            "import_p75": 0.0,
            "import_p90": 826.948848,
            "import_p99": 0.0,
            "import_std_dev": 0.0
        }
    },
    "error": {
        "state_diff": {
            "roots": {
                "exp": "0x69d45690b1782956b993c3379fdc83f19192c1f55941a6db09c7e27297fc9220",
                "got": "0x745c91dbe27c8df2cf1c48ca2c54db9af126a9cfe850bdc31607b41382c4d4ef"
            },
            "keyvals": [
                {
                    "key": "0x170510ddad61eb4dd6321ae6575a203ebeef61a41b17d99e6244ccb2e42e50",
                    "diff": {
                        "exp": "0x",
                        "got": "0x00"
                    }
                }
            ]
        }
    }
}