{
    "config": {
        "seed": "42",
        "profile": {
            "Empty": null
        },
        "safrole": false,
        "max_work_items": 1,
        "max_service_keys": 10,
        "mutation_ratio": 0.1,
        "max_mutations": 0,
        "max_steps": 10000
    },
    "stats": {
        "steps": 0,
        "imported": 0,
        "import_max_step": 0,
        "import_min": 0.0,
        "import_max": 0.0,
        "import_mean": 0.0,
        "import_p50": 0.0,
        "import_p75": 0.0,
        "import_p90": 0.0,
        "import_p99": 0.0,
        "import_std_dev": 0.0
    },
    "target": {
        "info": {
            "name": "spacejam",
            "app_version": {
                "major": 0,
                "minor": 0,
                "patch": 10
            },
            "jam_version": {
                "major": 0,
                "minor": 7,
                "patch": 0
            }
        },
        "stats": {
            "steps": 1,
            "imported": 1,
            "import_max_step": 1,
            "import_min": 1.8449060000000002,
            "import_max": 1.8449060000000002,
            "import_mean": 1.8449060000000002,
            "import_p50": 1.8449060000000002,
            "import_p75": 0.0,
            "import_p90": 1.8449060000000002,
            "import_p99": 0.0,
            "import_std_dev": 0.0
        }
    },
    "diff": {
        "roots": {
            "exp": "0x6c754135104102a7a1575f2cc5c0887304074985e2c752fae482d18578a5a2ea",
            "got": "0x7760f7437fe51f9d0914e0911dd999a2237da90821c13c7ac878d993d8676be7"
        },
        "keyvals": [
            {
                "key": "0x00550019006e0091ec5510f8a5d319127182a2ba3b2ea2941c6374f43338f7",
                "diff": {
                    "exp": "0x",
                    "got": "0xf50aea30ac869c03c00a6eeb3b5fee1f8fdd5593739943ffda198e54d91273b2a66528bcbeac70e92d1b6a06b082e970988caa6cbf117edc95d8c3c738195d50453dcdc94257b93ed0eb1850ab4a9e6faa80"
                }
            },
            {
                "key": "0x009d00fa0029006e67055bb7f4bfb163166054b335dc473b11f8caf717014d",
                "diff": {
                    "exp": "0x",
                    "got": "0x010e000000"
                }
            },
            {
                "key": "0x03000000000000000000000000000000000000000000000000000000000000",
                "diff": {
                    "exp": "0x0863a62eef458fa0c3010a83f3eadf62854c4beb1dad70c57879dd006b367fdebefee77aea940e38601cb828d2878308e32529f8382cf85f7a29b75f1c826985bc586e19d80c4c0f1727858227461122f6f507e60bbd199a22714cd48ce4860e2b0009747e36d01bef893ff3cf373934addf4d3a900a284283a4e32c4a55064a27da2fc9a372a65e2341f5e92ca21944a87986a3ff07b5c5cbabd6f36187ff1436f38edf26884d1047000d656ce8393f62f448869f8155c938680a0c2dd979eb2e880029802a045d4f7b325111347ecf520a0b2024323b6fdde5719b4c7f35f2f95df121ddb9a356815c3fac1026b6dec5df3124afbadb485c9ba5a3e3398a04b7ba8504f70384c65bdd5f62f17026b3e7148710c1b08318037f181fe77dc9b4a78e64003ef3488939ef5ce61fe0aef1a49f8d58d28764c323815f8a4b4dc5366b0ffb441978bdc2f9989334b4d216e72a14297dd9b06c8feaf1f80cde76cf1057786a2bf2b7e9acdf8ecf12987bf393a074234f50eeb1ecfb8182a5a6145896744bc6fc002960122b16ae209669b10674ae1460cfecefb51d87eda37f8900bd86ba62a24c581f10ddd774befd80936ba02cd8521c6f16e1478e4a25c4d34421470f8f91c3e234a52339cf5b97447ef1bcab36b1882a1f01b2c84acf02caeb1365e5dfdac8001ae3dc8deaff43e892f81dc091d44aa3a95339b4d99db63aa0fe19acb3833f965a117dd584d15a66927d679dcc9cc7e4d5d4e01bd9bd157a54a162223f9adb558df5c1c2fe0f4827689d4a2d21eabc088000319468d0cf031f36b9a080bf065000e133a90f758a73454afd07aa98cff98f9e8593b6fdb097a98477ddfef56353053d7911474624f7cd755f286622e1bceb2e2cb3f92e4589fd6c7e35ea54054804809365c96a5a233c25ced4d9558394b957ceeb2f90bdb6cb9cdb3847d2d50ccc00bd90c9261905267e5a564e49b8089ef3fa23bb2d10679c0982ecd10c470f8398e053d40b67ce0e062975285c16b9dcc8356cb1a4668acfaa280dd5d13da77647000000000000000000000000000000000000000000000000000000000000000000040100000000000000000000000000000000000000000000000000000000000000000001b4c11951957c6f8f642c4af61cd6b24640fec6dc7fc607ee8206a99e92410d300121ddb9a356815c3fac1026b6dec5df3124afbadb485c9ba5a3e3398a04b7ba85",
                    "got": "0x0809747e36d01bef893ff3cf373934addf4d3a900a284283a4e32c4a55064a27da2fc9a372a65e2341f5e92ca21944a87986a3ff07b5c5cbabd6f36187ff1436f38edf26884d1047000d656ce8393f62f448869f8155c938680a0c2dd979eb2e880029802a045d4f7b325111347ecf520a0b2024323b6fdde5719b4c7f35f2f95df121ddb9a356815c3fac1026b6dec5df3124afbadb485c9ba5a3e3398a04b7ba8504f70384c65bdd5f62f17026b3e7148710c1b08318037f181fe77dc9b4a78e64003ef3488939ef5ce61fe0aef1a49f8d58d28764c323815f8a4b4dc5366b0ffb441978bdc2f9989334b4d216e72a14297dd9b06c8feaf1f80cde76cf1057786a2bf2b7e9acdf8ecf12987bf393a074234f50eeb1ecfb8182a5a6145896744bc6fc002960122b16ae209669b10674ae1460cfecefb51d87eda37f8900bd86ba62a24c581f10ddd774befd80936ba02cd8521c6f16e1478e4a25c4d34421470f8f91c3e234a52339cf5b97447ef1bcab36b1882a1f01b2c84acf02caeb1365e5dfdac8001ae3dc8deaff43e892f81dc091d44aa3a95339b4d99db63aa0fe19acb3833f965a117dd584d15a66927d679dcc9cc7e4d5d4e01bd9bd157a54a162223f9adb558df5c1c2fe0f4827689d4a2d21eabc088000319468d0cf031f36b9a080bf065000e133a90f758a73454afd07aa98cff98f9e8593b6fdb097a98477ddfef56353053d7911474624f7cd755f286622e1bceb2e2cb3f92e4589fd6c7e35ea54054804809365c96a5a233c25ced4d9558394b957ceeb2f90bdb6cb9cdb3847d2d50ccc00bd90c9261905267e5a564e49b8089ef3fa23bb2d10679c0982ecd10c470f8398e053d40b67ce0e062975285c16b9dcc8356cb1a4668acfaa280dd5d13da776476c754135104102a7a1575f2cc5c0887304074985e2c752fae482d18578a5a2ea00609433cdb9a6ba25f3ca3ff22585f161158dff4cc11ac7b901ef72f0f0980f12a6b3a3f595755cac8153dcb48a1b147e364e4552aaf1dd0d07f9e8e3174319dd000000000000000000000000000000000000000000000000000000000000000000040001ad3228b676f7d3cd4284a5443f17f1962b36e491b30a40b2405849e597ba5fb501b4c11951957c6f8f642c4af61cd6b24640fec6dc7fc607ee8206a99e92410d300121ddb9a356815c3fac1026b6dec5df3124afbadb485c9ba5a3e3398a04b7ba85"
                }
            },
            {
                "key": "0x06000000000000000000000000000000000000000000000000000000000000",
                "diff": {
                    "exp": "0x0db823fbd3e804f3002a3ad5b1286927b25b359535ecaf39ba8eae9500bb478ebb32d3537229c0ea96a7e777409ab35ccc4065ce7a1cd65216fc5a1331298ce6bd961b44fb0ca15f78b4f5de1a15da3bfd9f81ea8f5306959030bafd33067675c59faf90e798a908fab883ecdd94bc725dc7b85850432740fdff9b1eb0ba16dd",
                    "got": "0xcae10a43a58422420ddf4ae5c4409766f378896b888fe727af47deb0ad9dd303bb32d3537229c0ea96a7e777409ab35ccc4065ce7a1cd65216fc5a1331298ce6bd961b44fb0ca15f78b4f5de1a15da3bfd9f81ea8f5306959030bafd33067675c59faf90e798a908fab883ecdd94bc725dc7b85850432740fdff9b1eb0ba16dd"
                }
            },
            {
                "key": "0x0b000000000000000000000000000000000000000000000000000000000000",
                "diff": {
                    "exp": "0x0d000000",
                    "got": "0x0e000000"
                }
            },
            {
                "key": "0x0d000000000000000000000000000000000000000000000000000000000000",
                "diff": {
                    "exp": "0x0000000000000000000000000000000000000000000000000100000000000000000000000000000000000000000000000100000000000000000000000000000000000000000000000000000000000000000000000000000000000000000000000000000000000000000000000000000000000000000000000000000000000000000000000000000000000000000000000200000000000000000000000000000000000000000000000000000000000000000000000000000000000000000000000100000000000000000000000000000000000000000000000400000000000000000000000000000000000000000000000200000000000000000000000000000000000000000000000200000000000000000000000000000000000000000000000000000000000000000000000000000000",