{
    "config": {
        "seed": "42",
        "max_steps": 4294967295,
        "safrole": false,
        "profile": {
            "full": null
        },
        "fuzzy_profile": {
            "full": null
        },
        "max_work_items": 3,
        "mutation_ratio": 0.0,
        "max_mutations": 0
    },
    "stats": {
        "steps": 2,
        "imported": 2,
        "import_max_step": 2,
        "import_min": 2.006888,
        "import_max": 2.0089919999999997,
        "import_mean": 2.0079399999999996,
        "import_p50": 2.008,
        "import_p75": 2.008,
        "import_p90": 2.008,
        "import_p99": 2.008,
        "import_std_dev": 0.0014877526676164137
    },
    "target": {
        "info": {
            "fuzz_version": 1,
            "fuzz_features": 2,
            "jam_version": {
                "major": 0,
                "minor": 7,
                "patch": 2
            },
            "app_version": {
                "major": 0,
                "minor": 1,
                "patch": 0
            },
            "app_name": "pbnj-fuzzer-target"
        },
        "stats": {
            "steps": 2,
            "imported": 2,
            "import_max_step": 1,
            "import_min": 304.882255,
            "import_max": 1053.8430270000001,
            "import_mean": 679.362641,
            "import_p50": 1053.843,
            "import_p75": 1053.843,
            "import_p90": 1053.843,
            "import_p99": 1053.843,
            "import_std_dev": 529.5952407239118
        }
    },
    "error": {
        "state_diff": {
            "roots": {
                "exp": "0x9ecea1de8c33cd8690254d1485e7cb1432398eec129c7fb11011d586e7db3863",
                "got": "0x546abb67861f29ec9ae9adce74501c9fb2e7fffef75ef2e5ede153732d06520c"
            },
            "keyvals": [
                {
                    "key": "0x03000000000000000000000000000000000000000000000000000000000000",
                    "diff": {
                        "exp": "0x08150f3ddba2f3c001adfa16e502b84c07def70d5a71f6721ffe4d58349c63792598804173bd520d5a1172ecca51687164fdaa56ea86c0af9718aa7e6cbc8ec8d1628a80a93dd2cc2c13e351ff3c8ea4820992764dea66089bfc3022e140c09d7001b32b7d16e82cecd74fc9da20bf79b0e556bec6436a87b91f2fb3a6e161105f2f00000000000000000000000000000000000000000000000000000000000000004ec30a02f8080fd7f35a416dbd6af15f902dd870961742c10e259579878b03a02691af31c965fb4fa5fa573c3c5ed4ed01565e05c17a40d14e11df30b52ce689c8b7a2c0895fc7faa78a6fa2813651d6513e29ea1ed000179cfc1cd21db4c6d10269a72f4302684a6fca2ba9b3cd418c6bb2ece5e81c4b847d1a1c9d9d5d58c20600000000000000000000000000000000000000000000000000000000000000006f728bdf28f03b31d11f6a8ee539b6195100be7374370be0105bfd7a8dd00b6400000000000000000000000000000000000000000000000000000000000000004f140aea35b9eb6d8f9f56d688d18885c2f3ba6a26e5abcc5669effd36960b6f479783e5e5fa9971f06d071ca21e502d2930e7e172361eb9df3ad354df46f116027947a5d135eb5f477cfabd0682f3477d9cb7070441dbd0e9cb5fd92bd1b5b6027ae884b7170196afff9b95c3ebdf68506a03285b362a3aef56deaf87d5b2706b0000000000000000000000000000000000000000000000000000000000000000e39568ba47a22d84a069cd08704626890851cf85e7c6b2e14f40923f7523a3d40000000000000000000000000000000000000000000000000000000000000000f64a1149f2d63d7390aeb08d3ce791c0330e6b4815fbfd2c6d0eaff4441b043c2339ea4d4ad3940a6b2f569c55245b9da75d5cd827ad7e375eb224373e6fdbc91b764d524e490ddba6080627491f54b99a7bd8a53341f5b989ef82efebf452fa00123e48bf26689fb3c2b1ee129a95cd3d7c92a39d7651727efca4251f176eb8999afdcabdb27f8988995334101b18d95d6b77229dd75cadad7d27e24c3d4cd5fa02c7febb9908de21207cfb683d952cc52d312eceddf2e0ac751e04f12f7201b0017d28f3623f2c8c963f3c6d3175d1ce8fd2bcd81712c28eb5f1a375f1721c6e7f00000000000000000000000000000000000000000000000000000000000000005651e81bb4204c385619cb31e8acd1cd5478b5685195d529c1bc7295f1568d5b4288f4d84f88386418c8948f502023ebdef71ac972f829d24d17d13bca63fbee7eb67861c0a8769fd1019f6ac7346f858ba5b388cefb9e6469bb28c947167b5000038e02834845f2a7efdacedf30bbede24e5eaeacb1a66c176d64cc4dcd66b037e52657213c262d0c3035506a7fda3f9ef22d27c5c5168661f3c01ee81424d13426f96d9b3e770fa3933a086fa573e897f68a6966a2415743fe7797e6409c3221007c2b8ee43e026852e26c86f1d089a5f687ca784b11973f02bc7254b84fa72e12b3d36b867c2b1d23b5008d73115aa982a5c64f5f0e1fb5a4bac82b124a963e4a0000000000000000000000000000000000000000000000000000000000000000000a000001b4c11951957c6f8f642c4af61cd6b24640fec6dc7fc607ee8206a99e92410d3000000107fb5d02d678410c41b4047d352c8d88a5488f5872f9fee494f0c378c128333100000001d06d5fc000db5f73cfe4c2b144dc1c4dcad6970caed76a2c5605e999dbb35940",
                        "got": "0x08150f3ddba2f3c001adfa16e502b84c07def70d5a71f6721ffe4d58349c63792598804173bd520d5a1172ecca51687164fdaa56ea86c0af9718aa7e6cbc8ec8d1628a80a93dd2cc2c13e351ff3c8ea4820992764dea66089bfc3022e140c09d7001b32b7d16e82cecd74fc9da20bf79b0e556bec6436a87b91f2fb3a6e161105f2f00000000000000000000000000000000000000000000000000000000000000004ec30a02f8080fd7f35a416dbd6af15f902dd870961742c10e259579878b03a02691af31c965fb4fa5fa573c3c5ed4ed01565e05c17a40d14e11df30b52ce689c8b7a2c0895fc7faa78a6fa2813651d6513e29ea1ed000179cfc1cd21db4c6d10269a72f4302684a6fca2ba9b3cd418c6bb2ece5e81c4b847d1a1c9d9d5d58c20600000000000000000000000000000000000000000000000000000000000000006f728bdf28f03b31d11f6a8ee539b6195100be7374370be0105bfd7a8dd00b6400000000000000000000000000000000000000000000000000000000000000004f140aea35b9eb6d8f9f56d688d18885c2f3ba6a26e5abcc5669effd36960b6f479783e5e5fa9971f06d071ca21e502d2930e7e172361eb9df3ad354df46f116027947a5d135eb5f477cfabd0682f3477d9cb7070441dbd0e9cb5fd92bd1b5b6027ae884b7170196afff9b95c3ebdf68506a03285b362a3aef56deaf87d5b2706b0000000000000000000000000000000000000000000000000000000000000000e39568ba47a22d84a069cd08704626890851cf85e7c6b2e14f40923f7523a3d40000000000000000000000000000000000000000000000000000000000000000f64a1149f2d63d7390aeb08d3ce791c0330e6b4815fbfd2c6d0eaff4441b043c2339ea4d4ad3940a6b2f569c55245b9da75d5cd827ad7e375eb224373e6fdbc91b764d524e490ddba6080627491f54b99a7bd8a53341f5b989ef82efebf452fa00123e48bf26689fb3c2b1ee129a95cd3d7c92a39d7651727efca4251f176eb8999afdcabdb27f8988995334101b18d95d6b77229dd75cadad7d27e24c3d4cd5fa02c7febb9908de21207cfb683d952cc52d312eceddf2e0ac751e04f12f7201b0017d28f3623f2c8c963f3c6d3175d1ce8fd2bcd81712c28eb5f1a375f1721c6e7f00000000000000000000000000000000000000000000000000000000000000005651e81bb4204c385619cb31e8acd1cd5478b5685195d529c1bc7295f1568d5b4288f4d84f88386418c8948f502023ebdef71ac972f829d24d17d13bca63fbee7eb67861c0a8769fd1019f6ac7346f858ba5b388cefb9e6469bb28c947167b5000038e02834845f2a7efdacedf30bbede24e5eaeacb1a66c176d64cc4dcd66b037e52657213c262d0c3035506a7fda3f9ef22d27c5c5168661f3c01ee81424d13426f96d9b3e770fa3933a086fa573e897f68a6966a2415743fe7797e6409c3221000d9e50428718028b1f0e39d5ef16b754605c085367044b32af9ee81b39cce9e6b3d36b867c2b1d23b5008d73115aa982a5c64f5f0e1fb5a4bac82b124a963e4a0000000000000000000000000000000000000000000000000000000000000000000a000001b4c11951957c6f8f642c4af61cd6b24640fec6dc7fc607ee8206a99e92410d3000000107fb5d02d678410c41b4047d352c8d88a5488f5872f9fee494f0c378c128333100000001d06d5fc000db5f73cfe4c2b144dc1c4dcad6970caed76a2c5605e999dbb35940"
                    }
                },
                {
                    "key": "0x0b000000000000000000000000000000000000000000000000000000000000",
                    "diff": {
                        "exp": "0xffffffff",
                        "got": "0x70080000"
                    }
                },
                {
                    "key": "0xc02ca7ffcd303044aa84f31be60f9d7ed87eaef9dbb83ab9b4db18c1148396",
                    "diff": {
                        "exp": "0x01ffffffff",
                        "got": "0x0170080000"
                    }
                }
            ]
        }
    }
}