{
    "config": {
        "seed": "1767827127_1243",
        "max_steps": 2000000,
        "safrole": false,
        "profile": {
            "fuzzy": null
        },
        "fuzzy_profile": {
            "rand": null
        },
        "max_work_items": 5,
        "mutation_ratio": 0.1,
        "max_mutations": 5
    },
    "stats": {
        "steps": 404399,
        "imported": 134466,
        "import_max_step": 5473,
        "import_min": 1.200062,
        "import_max": 1728.715092,
        "import_mean": 7.765454731679281,
        "import_p50": 18.075,
        "import_p75": 101.434,
        "import_p90": 113.036,
        "import_p99": 168.555,
        "import_std_dev": 19.79451576835121
    },
    "target": {
        "info": {
            "fuzz_version": 1,
            "fuzz_features": 2,
            "jam_version": {
                "major": 0,
                "minor": 7,
                "patch": 2
            },
            "app_version": {
                "major": 0,
                "minor": 3,
                "patch": 22
            },
            "app_name": "JavaJAM"
        },
        "stats": {
            "steps": 404399,
            "imported": 134466,
            "import_max_step": 165246,
            "import_min": 1.48613,
            "import_max": 228.88324500000002,
            "import_mean": 11.81507225779748,
            "import_p50": 37.001,
            "import_p75": 50.102,
            "import_p90": 60.741,
            "import_p99": 104.613,
            "import_std_dev": 10.422450997143194
        }
    },
    "error": {
        "state_diff": {
            "roots": {
                "exp": "0xa5ab60b5fdaa9c68cc4da97341e049395b34fcdefccbca19d12b37785d52b36f",
                "got": "0xc1daef62e80a041bf9ba085932545d57fa9bf14c3d0e9bcc4338e1e6f621f480"
            },
            "keyvals": [
                {
                    "key": "0x6bd7e8450bb77cfec13e507a95e86ec03add50794acc76edd9370aca5ecbf2",
                    "diff": {
                        "exp": "0x608cde747bce1bf6",
                        "got": "0x08f0014e110de764"
                    }
                }
            ]
        }
    }
}