{
    "config": {
        "seed": "42",
        "max_steps": 4294967295,
        "safrole": false,
        "profile": {
            "full": null
        },
        "fuzzy_profile": {
            "full": null
        },
        "max_work_items": 3,
        "mutation_ratio": 0.0,
        "max_mutations": 0
    },
    "stats": {
        "steps": 2,
        "imported": 1,
        "import_max_step": 2,
        "import_min": 4.387264999999999,
        "import_max": 4.387264999999999,
        "import_mean": 4.387264999999999,
        "import_p50": 4.387264999999999,
        "import_p75": 0.0,
        "import_p90": 4.387264999999999,
        "import_p99": 0.0,
        "import_std_dev": 0.0
    },
    "target": {
        "info": {
            "fuzz_version": 1,
            "fuzz_features": 2,
            "jam_version": {
                "major": 0,
                "minor": 7,
                "patch": 2
            },
            "app_version": {
                "major": 0,
                "minor": 1,
                "patch": 0
            },
            "app_name": "jamzig-target"
        },
        "stats": {
            "steps": 2,
            "imported": 1,
            "import_max_step": 2,
            "import_min": 4.637843,
            "import_max": 4.637843,
            "import_mean": 4.637843,
            "import_p50": 4.637843,
            "import_p75": 0.0,
            "import_p90": 4.637843,
            "import_p99": 0.0,
            "import_std_dev": 0.0
        }
    },
    "error": {
        "state_diff": {
            "roots": {
                "exp": "0x4a6d2f0a4362bea7e4e4b531e25604ac5c4fd5de7fe5f5fe04fdcfec21c3cc50",
                "got": "0xdf768c92cb4bc37c754ffde9c173e843392f1d168e7145cd8d2d108a113a5a0a"
            },
            "keyvals": [
                {
                    "key": "0x0d000000000000000000000000000000000000000000000000000000000000",
                    "diff": {
                        "exp": "0x0100000000000000000000000000000004000000040000000000000000000000000000000000000004000000040000000100000000000000000000000000000001000000030000000200000000000000000000000000000001000000030000000000000000000000000000000000000001000000030000000100000000000000000000000000000004000000030000000000000000000000000000000000000000000000000000000000000000000000000000000000000000000000000000000000000000000000000000000000000000000000000000000000000000000000000000000000000000000000000000000000000000000000000000000000000000000000000000000000000000000000000000000000000000000000000000000000000581ca0083759b4587da06000981ed0085a8c086540100000000000003c0cb6f000e83b70003c0828f",
                        "got": "0x0100000000000000000000000000000004000000040000000000000000000000000000000000000004000000040000000100000000000000000000000000000001000000030000000200000000000000000000000000000001000000030000000000000000000000000000000000000001000000030000000100000000000000000000000000000004000000030000000000000000000000000000000000000000000000000000000000000000000000000000000000000000000000000000000000000000000000000000000000000000000000000000000000000000000000000000000000000000000000000000000000000000000000000000000000000000000000000000000000000000000000000000000000000000000000000000000000000581ca0083759b4587da06000981ed0085a8c086540100000000000003c0cb6f000e83b70003c0dc5f"
                    }
                }
            ]
        }
    }
}