{
    "config": {
        "seed": "42",
        "max_steps": 4294967295,
        "safrole": false,
        "profile": {
            "full": null
        },
        "fuzzy_profile": {
            "full": null
        },
        "max_work_items": 3,
        "max_service_keys": 10,
        "mutation_ratio": 0.0,
        "max_mutations": 0
    },
    "stats": {
        "steps": 2,
        "imported": 1,
        "import_max_step": 2,
        "import_min": 8.494314,
        "import_max": 8.494314,
        "import_mean": 8.494314,
        "import_p50": 8.494314,
        "import_p75": 0.0,
        "import_p90": 8.494314,
        "import_p99": 0.0,
        "import_std_dev": 0.0
    },
    "target": {
        "info": {
            "fuzz_version": 1,
            "fuzz_features": 2,
            "jam_version": {
                "major": 0,
                "minor": 7,
                "patch": 1
            },
            "app_version": {
                "major": 0,
                "minor": 1,
                "patch": 29
            },
            "app_name": "PyJAMaz"
        },
        "stats": {
            "steps": 2,
            "imported": 1,
            "import_max_step": 2,
            "import_min": 956.147197,
            "import_max": 956.147197,
            "import_mean": 956.147197,
            "import_p50": 956.147197,
            "import_p75": 0.0,
            "import_p90": 956.147197,
            "import_p99": 0.0,
            "import_std_dev": 0.0
        }
    },
    "diff": {
        "state": {
            "roots": {
                "exp": "0x34423706fc167e1798e49f99eebb702bb791f27802cff97811aa202687025737",
                "got": "0x1e3b57c7a5065a0b1ec378991dfb000796bdf3290fe04822cebd77929ac47de5"
            },
            "keyvals": [
                {
                    "key": "0x004400b500a400aaa0d7f8eab5ca1cca4a0472988422febc68a6b6a944cabf",
                    "diff": {
                        "exp": "0xabd318b4",
                        "got": "0x"
                    }
                },
                {
                    "key": "0x00450019006a0051135ef0225518c5ddc999419ffbf52cf2d4213d55af782e",
                    "diff": {
                        "exp": "0x01000000",
                        "got": "0x"
                    }
                },
                {
                    "key": "0x00c0001d0056003b9dfa998fdc18531738e679fe8cf0cb42c3f5f40de9fe04",
                    "diff": {
                        "exp": "0x000000005d7b000000000000726566696c6c0000000000000000000000000000000000000000000000000000000000000000000000000000000000000000000000000000000000000000000000000000000000000000000000000000000000000000000000000000000000000000000000000000000000000000000000000000000000000000000000000000",
                        "got": "0x"
                    }
                },
                {
                    "key": "0x00f00078008e0099cd2569e9ccf2045b86062b3e1b16723b5cd83807dab284",
                    "diff": {
                        "exp": "0x000000005d7b000000000000726566696c6c0000000000000000000000000000000000000000000000000000000000000000000000000000000000000000000000000000000000000000000000000000000000000000000000000000000000000000000000000000000000000000000000000000000000000000000000000000000000000000000000000000",
                        "got": "0x"
                    }
                },
                {
                    "key": "0x03000000000000000000000000000000000000000000000000000000000000",
                    "diff": {
                        "exp": "0x032bf11dc5e1c7b9bbaafc2c8533017abc12daeb0baf22c92509ad50f7875e571600000000000000000000000000000000000000000000000000000000000000003261d3de132628ccb33ad26ef78a5961d0cf9c5e92394be2880f76f124597919004d1b48c6cc0ec7629d7e0c093733142eb078d323128eff3e543a9e5e6ec5aa72000000000000000000000000000000000000000000000000000000000000000032f8bf7db24006587dca33ce61f1f1c9d80839e9ef2ef5ee7ade53ac8422fedb01f5f4302316ac340132140289bb50ffba9d9c316ce6deceb184b1d86d6eb6d9de0000000000000000000000000000000000000000000000000000000000000000b1779b3c3eab1846922dbf9c3d3449c70dcb97851b58476675750ffe10c11ad9ad3228b676f7d3cd4284a5443f17f1962b36e491b30a40b2405849e597ba5fb500000000000000000000000000000000000000000000000000000000000000000155bc02e40402c8d23d8cb221112e05e776d838a094651ee5d5c68436a91bbe8c0000000000000000000000000000000000000000000000000000000000000000020001ad3228b676f7d3cd4284a5443f17f1962b36e491b30a40b2405849e597ba5fb5",
                        "got": "0x022bf11dc5e1c7b9bbaafc2c8533017abc12daeb0baf22c92509ad50f7875e571600000000000000000000000000000000000000000000000000000000000000003261d3de132628ccb33ad26ef78a5961d0cf9c5e92394be2880f76f124597919004d1b48c6cc0ec7629d7e0c093733142eb078d323128eff3e543a9e5e6ec5aa720000000000000000000000000000000000000000000000000000000000000000000000000000000000000000000000000000000000000000000000000000000001f5f4302316ac340132140289bb50ffba9d9c316ce6deceb184b1d86d6eb6d9de000000000000000000000000000000000000000000000000000000000000000001010000000000000000000000000000000000000000000000000000000000000000"
                    }
                },
                {
                    "key": "0x06000000000000000000000000000000000000000000000000000000000000",
                    "diff": {
                        "exp": "0xfcc6e735fdb01bcd1705f8ef000a82d7cf1cfc38354853668bf5d4c213447057504e96139ef67184a6d0d9f882166a3a843eb5f50ffdd7c723bbb331119be626ec88b842681a66d0e836b2a65687ab9c4c2862b475cd5e8be77dda36a4d752bd405c80c1f6a2d5a0f8dbc56996f04230221100d9500244648f02a795d7850eac",
                        "got": "0x384830c78da9c38846050006507dedae19aaaa7005fdd8e590ebb3bf9f3730f1504e96139ef67184a6d0d9f882166a3a843eb5f50ffdd7c723bbb331119be626ec88b842681a66d0e836b2a65687ab9c4c2862b475cd5e8be77dda36a4d752bd405c80c1f6a2d5a0f8dbc56996f04230221100d9500244648f02a795d7850eac"
                    }
                },
                {
                    "key": "0x0a000000000000000000000000000000000000000000000000000000000000",