{
    "config": {
        "seed": "42",
        "profile": {
            "empty": null
        },
        "safrole": false,
        "max_work_items": 1,
        "max_service_keys": 10,
        "mutation_ratio": 0.1,
        "max_mutations": 0,
        "max_steps": 10000
    },
    "stats": {
        "steps": 1,
        "imported": 1,
        "import_max_step": 1,
        "import_min": 9.747263,
        "import_max": 9.747263,
        "import_mean": 9.747263,
        "import_p50": 9.747263,
        "import_p75": 0.0,
        "import_p90": 9.747263,
        "import_p99": 0.0,
        "import_std_dev": 0.0
    },
    "target": {
        "info": {
            "fuzz_version": 1,
            "fuzz_features": 2,
            "jam_version": {
                "major": 0,
                "minor": 7,
                "patch": 0
            },
            "app_version": {
                "major": 0,
                "minor": 1,
                "patch": 0
            },
            "app_name": "jamzilla"
        },
        "stats": {
            "steps": 1,
            "imported": 1,
            "import_max_step": 1,
            "import_min": 9.982413000000001,
            "import_max": 9.982413000000001,
            "import_mean": 9.982413000000001,
            "import_p50": 9.982413000000001,
            "import_p75": 0.0,
            "import_p90": 9.982413000000001,
            "import_p99": 0.0,
            "import_std_dev": 0.0
        }
    },
    "state_diff": {
        "roots": {
            "exp": "0xc48fa1bf0329d3acb173fb0fd10eb4c6bb34f9d083dbf78eef278ab886c8dc7a",
            "got": "0xde755972969bdf275002be4de9ff4305527acb1bcb3f6ba3e90123b674a90a51"
        },
        "keyvals": [
            {
                "key": "0xff9b0045006000de0000000000000000000000000000000000000000000000",
                "diff": {
                    "exp": "0x6c322032f9ffb452de811d2db63f5b654aefeeff6195f50f19c2c8598d0b8ae5d1a90200000000001027000000000000102700000000000035670100000000000000000000000000030000000e0000000000000000000000",
                    "got": "0x6c322032f9ffb452de811d2db63f5b654aefeeff6195f50f19c2c8598d0b8ae5d1a90200000000001027000000000000102700000000000085660100000000000000000000000000020000000e0000000000000000000000"
                }
            }
        ]
    },
    "import_diff": null
}
