{
  "info": {
    "name": "tsjam-0.7.0-tiny-6f54dbba",
    "app_version": {
      "major": 0,
      "minor": 7,
      "patch": 0
    },
    "jam_version": {
      "major": 0,
      "minor": 7,
      "patch": 0
    }
  },
  "stats": {
    "steps": 100,
    "imported": 100,
    "import_max_step": 12,
    "import_min": 4.997604,
    "import_max": 59.454930000000004,
    "import_mean": 10.213620060000007,
    "import_p50": 5.901,
    "import_p75": 6.622,
    "import_p90": 9.299,
    "import_p99": 56.02,
    "import_std_dev": 13.628553159944252
  }
}
