{
  "info": {
    "name": "tsjam-0.7.0-tiny-06207f41",
    "app_version": {
      "major": 0,
      "minor": 7,
      "patch": 0
    },
    "jam_version": {
      "major": 0,
      "minor": 7,
      "patch": 0
    }
  },
  "stats": {
    "steps": 100,
    "imported": 100,
    "import_max_step": 12,
    "import_min": 4.848236,
    "import_max": 58.171911,
    "import_mean": 10.209000719999999,
    "import_p50": 5.944,
    "import_p75": 6.756,
    "import_p90": 10.198,
    "import_p99": 55.388,
    "import_std_dev": 13.430801634670635
  }
}
