{
  "info": {
    "name": "tsjam-0.7.0-tiny-06207f41",
    "app_version": {
      "major": 0,
      "minor": 7,
      "patch": 0
    },
    "jam_version": {
      "major": 0,
      "minor": 7,
      "patch": 0
    }
  },
  "stats": {
    "steps": 100,
    "imported": 100,
    "import_max_step": 12,
    "import_min": 4.943955,
    "import_max": 58.854717,
    "import_mean": 10.548529090000002,
    "import_p50": 6.174,
    "import_p75": 7.198,
    "import_p90": 10.008,
    "import_p99": 56.712,
    "import_std_dev": 13.709577841986066
  }
}
