{
  "info": {
    "name": "tsjam-0.7.0-tiny-06207f41",
    "app_version": {
      "major": 0,
      "minor": 7,
      "patch": 0
    },
    "jam_version": {
      "major": 0,
      "minor": 7,
      "patch": 0
    }
  },
  "stats": {
    "steps": 100,
    "imported": 100,
    "import_max_step": 72,
    "import_min": 4.916572,
    "import_max": 57.277031,
    "import_mean": 20.971694110000005,
    "import_p50": 16.598,
    "import_p75": 26.481,
    "import_p90": 36.409,
    "import_p99": 56.576,
    "import_std_dev": 15.009732918262953
  }
}
