{
  "info": {
    "name": "tsjam-0.7.0-tiny-06207f41",
    "app_version": {
      "major": 0,
      "minor": 7,
      "patch": 0
    },
    "jam_version": {
      "major": 0,
      "minor": 7,
      "patch": 0
    }
  },
  "stats": {
    "steps": 100,
    "imported": 100,
    "import_max_step": 12,
    "import_min": 4.919903,
    "import_max": 56.057457,
    "import_mean": 20.576288939999998,
    "import_p50": 16.273,
    "import_p75": 25.975,
    "import_p90": 35.5,
    "import_p99": 55.707,
    "import_std_dev": 14.72120747194841
  }
}
