{
  "info": {
    "name": "tsjam-0.7.0-tiny-06207f41",
    "app_version": {
      "major": 0,
      "minor": 7,
      "patch": 0
    },
    "jam_version": {
      "major": 0,
      "minor": 7,
      "patch": 0
    }
  },
  "stats": {
    "steps": 100,
    "imported": 100,
    "import_max_step": 60,
    "import_min": 6.3834089999999994,
    "import_max": 311.61343200000005,
    "import_mean": 79.20502112000003,
    "import_p50": 62.332,
    "import_p75": 99.707,
    "import_p90": 200.486,
    "import_p99": 252.242,
    "import_std_dev": 77.8310081265529
  }
}
