{
    "config": {
        "seed": "42",
        "max_steps": 4294967295,
        "safrole": false,
        "profile": {
            "full": null
        },
        "fuzzy_profile": {
            "full": null
        },
        "max_work_items": 3,
        "mutation_ratio": 0.0,
        "max_mutations": 0
    },
    "stats": {
        "steps": 8,
        "imported": 1,
        "import_max_step": 8,
        "import_min": 6.098112,
        "import_max": 6.098112,
        "import_mean": 6.098112,
        "import_p50": 6.098112,
        "import_p75": 0.0,
        "import_p90": 6.098112,
        "import_p99": 0.0,
        "import_std_dev": 0.0
    },
    "target": {
        "info": {
            "fuzz_version": 1,
            "fuzz_features": 2,
            "jam_version": {
                "major": 0,
                "minor": 7,
                "patch": 2
            },
            "app_version": {
                "major": 0,
                "minor": 7,
                "patch": 2
            },
            "app_name": "jampy"
        },
        "stats": {
            "steps": 8,
            "imported": 1,
            "import_max_step": 8,
            "import_min": 483.043745,
            "import_max": 483.043745,
            "import_mean": 483.043745,
            "import_p50": 483.043745,
            "import_p75": 0.0,
            "import_p90": 483.043745,
            "import_p99": 0.0,
            "import_std_dev": 0.0
        }
    },
    "error": {
        "state_diff": {
            "roots": {
                "exp": "0x7d32d1aed1033827aeb85a5eb0fbfeb4f7652cbedd9f397c403f457cdc19848e",
                "got": "0xc7a08b95756411927705902c6dface6c27865217e2ef1e2a428eff3d93bef20f"
            },
            "keyvals": [
                {
                    "key": "0x0d000000000000000000000000000000000000000000000000000000000000",
                    "diff": {
                        "exp": "0x0200000000000000000000000000000004000000060000000000000000000000000000000000000002000000070000000000000000000000000000000000000004000000060000000100000000000000000000000000000004000000060000000100000000000000000000000000000002000000060000000300000000000000010000003d390200020000000700000003000000000000000000000000000000040000000b00000003000000000000000000000000000000050000000b00000000000000000000000000000000000000040000000800000001000000000000000000000000000000030000000a00000003000000000000000000000000000000020000000b0000000200000000000000010000003d390200030000000b0000008e0e0600000000000000000000000000000400000000000000000000000001c04e455d528380000000000000000002c09c8af3d8018e000000000000000001c04e4526edc6d200000000000000000100",
                        "got": "0x0200000000000000000000000000000004000000060000000000000000000000000000000000000002000000070000000000000000000000000000000000000004000000060000000100000000000000000000000000000004000000060000000100000000000000000000000000000002000000060000000300000000000000010000003d390200020000000700000003000000000000000000000000000000040000000b00000003000000000000000000000000000000050000000b00000000000000000000000000000000000000040000000800000001000000000000000000000000000000030000000a00000003000000000000000000000000000000020000000b0000000200000000000000010000003d390200030000000b0000008e0e0600000000000000000000000000000400000000000000000000000001c04e455d528380000000000000000002c09c8af3d8018e000000000000000001c027d026edc6d200000000000000000100"
                    }
                },
                {
                    "key": "0xf329d82c01d18e40bc50d602526f4b46e8aca90eb8c77c165b6497cae7625f",
                    "diff": {
                        "exp": "0x0b000000",
                        "got": "0x0c000000"
                    }
                },
                {
                    "key": "0xfff300d80001008e0000000000000000000000000000000000000000000000",
                    "diff": {
                        "exp": "0x00bb8648e2eb5cab1ebb8129eca29c8af2e5155fe1ac9400ab01852a1e0cc82b1e7c1e0500000000001027000000000000e925000000000000026702000000000000000000000000000a000000eb0200001303000000000000",
                        "got": "0x00bb8648e2eb5cab1ebb8129eca29c8af2e5155fe1ac9400ab01852a1e0cc82b1e45d10700000000001027000000000000e925000000000000026702000000000000000000000000000a000000eb0200001303000000000000"
                    }
                }
            ]
        }
    }
}