{
    "config": {
        "seed": "42",
        "profile": {
            "empty": null
        },
        "safrole": false,
        "max_work_items": 1,
        "max_service_keys": 10,
        "mutation_ratio": 0.1,
        "max_mutations": 0,
        "max_steps": 10000
    },
    "stats": {
        "steps": 1,
        "imported": 1,
        "import_max_step": 1,
        "import_min": 8.342749,
        "import_max": 8.342749,
        "import_mean": 8.342749,
        "import_p50": 8.342749,
        "import_p75": 0.0,
        "import_p90": 8.342749,
        "import_p99": 0.0,
        "import_std_dev": 0.0
    },
    "target": {
        "info": {
            "fuzz_version": 1,
            "fuzz_features": 2,
            "jam_version": {
                "major": 0,
                "minor": 7,
                "patch": 0
            },
            "app_version": {
                "major": 0,
                "minor": 7,
                "patch": 0
            },
            "app_name": "tsjam-0.7.0-tiny-f5cf7082"
        },
        "stats": {
            "steps": 1,
            "imported": 1,
            "import_max_step": 1,
            "import_min": 41.18631,
            "import_max": 41.18631,
            "import_mean": 41.18631,
            "import_p50": 41.18631,
            "import_p75": 0.0,
            "import_p90": 41.18631,
            "import_p99": 0.0,
            "import_std_dev": 0.0
        }
    },
    "state_diff": {
        "roots": {
            "exp": "0x5b394152fcf70037243ede5ecc3edd0923885be31f9007793f6c2c75d52fa91b",
            "got": "0xa34ab339da4649aff7957bb8bb413ce654bd7e76cc165bbe2ee1a97ace579105"
        },
        "keyvals": [
            {
                "key": "0x0c000000000000000000000000000000000000000000000000000000000000",
                "diff": {
                    "exp": "0x0000000000000000000000000d3ee18800",
                    "got": "0x0000000000000000000000000000000000"
                }
            }
        ]
    },
    "import_diff": null
}
