{
    "config": {
        "seed": "42",
        "profile": {
            "empty": null
        },
        "safrole": false,
        "max_work_items": 1,
        "max_service_keys": 10,
        "mutation_ratio": 0.1,
        "max_mutations": 0,
        "max_steps": 10000
    },
    "stats": {
        "steps": 1,
        "imported": 1,
        "import_max_step": 1,
        "import_min": 13.437028,
        "import_max": 13.437028,
        "import_mean": 13.437028,
        "import_p50": 13.437028,
        "import_p75": 0.0,
        "import_p90": 13.437028,
        "import_p99": 0.0,
        "import_std_dev": 0.0
    },
    "target": {
        "info": {
            "fuzz_version": 1,
            "fuzz_features": 2,
            "jam_version": {
                "major": 0,
                "minor": 7,
                "patch": 0
            },
            "app_version": {
                "major": 0,
                "minor": 0,
                "patch": 12
            },
            "app_name": "spacejam"
        },
        "stats": {
            "steps": 1,
            "imported": 1,
            "import_max_step": 1,
            "import_min": 18.326072,
            "import_max": 18.326072,
            "import_mean": 18.326072,
            "import_p50": 18.326072,
            "import_p75": 0.0,
            "import_p90": 18.326072,
            "import_p99": 0.0,
            "import_std_dev": 0.0
        }
    },
    "state_diff": {
        "roots": {
            "exp": "0xea4c3c24a3eefa2c582e031d1e76e613d9efeba214d34988dedaf03da950ca1c",
            "got": "0xbb0b0adef225e87edb92d446739a89d2b29c23d5c046d3f45d26ab2b9943cfde"
        },
        "keyvals": [
            {
                "key": "0x0d000000000000000000000000000000000000000000000000000000000000",
                "diff": {
                    "exp": "0x0200000000000000010000004b660100050000000a00000001000000000000000000000000000000060000000a00000002000000000000000000000000000000060000000a00000002000000000000000000000000000000050000000a00000003000000000000000000000000000000050000000b00000001000000000000000000000000000000050000000900000003000000000000000000000000000000050000000a00000001000000000000000000000000000000050000000b00000001000000000000000000000000000000050000000a00000003000000000000000000000000000000050000000a00000003000000000000000000000000000000050000000900000001000000000000000000000000000000050000000a000000817a060000000081d8b2ba810a0600000000817a923a0600000000000001a0540000000001bcba0000cea2bf2b000000000000000001c0fc480000f8a2bf2b00000189070000000001c098630000681b7c63000001893300000000000000008da397bb00000189330000000000000000a62e11d100000189330000000000000000",
                    "got": "0x0200000000000000010000004b660100050000000a00000001000000000000000000000000000000060000000a00000002000000000000000000000000000000060000000a00000002000000000000000000000000000000050000000a00000003000000000000000000000000000000050000000b00000001000000000000000000000000000000050000000900000003000000000000000000000000000000050000000a00000001000000000000000000000000000000050000000b00000001000000000000000000000000000000050000000a00000003000000000000000000000000000000050000000a00000003000000000000000000000000000000050000000900000001000000000000000000000000000000050000000a000000817a060000000081d8b2ba810a0600000000817a923a0600000000000001a0540000000001bcba0000cea2bf2b000000000000000001c0f3470000f8a2bf2b00000189070000000001c051620000681b7c63000001893300000000000000008da397bb00000189330000000000000000a62e11d100000189330000000000000000"
                }
            },
            {
                "key": "0xce6aa2aebfa32bb8c876e335de632eac1b2705f8a5476ffb5c0499d95bd432",
                "diff": {
                    "exp": "0xd761105e7f804f6b",
                    "got": "0x0b634cdc33809816"
                }
            },
            {
                "key": "0xf86aa2aebfa32bb8c876e335de632eac1b2705f8a5476ffb5c0499d95bd432",
                "diff": {
                    "exp": "0x083c8249f46f2346",
                    "got": "0x987a7b15116fa615"
                }
            },
            {
                "key": "0xfff800a200bf002b0000000000000000000000000000000000000000000000",
                "diff": {
                    "exp": "0xa0915744b3e657f5159df1a482195bef028bbcfd8b5b5bae134114378109f4dd7dab01000000000010270000000000001027000000000000916701000000000000000000000000000700000089030000be03000000000000",
                    "got": "0xa0915744b3e657f5159df1a482195bef028bbcfd8b5b5bae134114378109f4dd770d02000000000010270000000000001027000000000000916701000000000000000000000000000700000089030000be03000000000000"
                }
            }
        ]
    },
    "import_diff": null
}
