{
  "info": {
    "name": "jam-duna-target-0.7.0.5",
    "app_version": {
      "major": 0,
      "minor": 7,
      "patch": 0
    },
    "jam_version": {
      "major": 0,
      "minor": 7,
      "patch": 0
    }
  },
  "stats": {
    "steps": 100,
    "imported": 100,
    "import_max_step": 13,
    "import_min": 1.893381,
    "import_max": 110.31345400000001,
    "import_mean": 35.04836434000002,
    "import_p50": 56.987,
    "import_p75": 58.453,
    "import_p90": 60.318,
    "import_p99": 63.507,
    "import_std_dev": 29.077140556705327
  }
}
