{
  "info": {
    "name": "jam-duna-target-0.7.0.4",
    "app_version": {
      "major": 0,
      "minor": 7,
      "patch": 0
    },
    "jam_version": {
      "major": 0,
      "minor": 7,
      "patch": 0
    }
  },
  "stats": {
    "steps": 100,
    "imported": 100,
    "import_max_step": 13,
    "import_min": 1.8827399999999999,
    "import_max": 110.67985599999999,
    "import_mean": 34.91963296000001,
    "import_p50": 56.765,
    "import_p75": 58.121,
    "import_p90": 59.633,
    "import_p99": 69.983,
    "import_std_dev": 29.06077099601137
  }
}
