{
    "config": {
        "seed": "42",
        "max_steps": 4294967295,
        "safrole": false,
        "profile": {
            "full": null
        },
        "fuzzy_profile": {
            "full": null
        },
        "max_work_items": 3,
        "mutation_ratio": 0.0,
        "max_mutations": 0
    },
    "stats": {
        "steps": 1,
        "imported": 1,
        "import_max_step": 1,
        "import_min": 15.644670999999999,
        "import_max": 15.644670999999999,
        "import_mean": 15.644670999999999,
        "import_p50": 15.644670999999999,
        "import_p75": 0.0,
        "import_p90": 15.644670999999999,
        "import_p99": 0.0,
        "import_std_dev": 0.0
    },
    "target": {
        "info": {
            "fuzz_version": 1,
            "fuzz_features": 2,
            "jam_version": {
                "major": 0,
                "minor": 7,
                "patch": 2
            },
            "app_version": {
                "major": 0,
                "minor": 1,
                "patch": 0
            },
            "app_name": "jamzig-target"
        },
        "stats": {
            "steps": 1,
            "imported": 1,
            "import_max_step": 1,
            "import_min": 25.775994,
            "import_max": 25.775994,
            "import_mean": 25.775994,
            "import_p50": 25.775994,
            "import_p75": 0.0,
            "import_p90": 25.775994,
            "import_p99": 0.0,
            "import_std_dev": 0.0
        }
    },
    "error": {
        "state_diff": {
            "roots": {
                "exp": "0xa01b6a1c7fb0a55fbb74c8a425153868fdc24ad27d8d9656e661305bd28d7b07",
                "got": "0xe2a53b7f38642245a6a739f964c4bd8c3900e759f676762e1cb5afb3aee71ea2"
            },
            "keyvals": [
                {
                    "key": "0x03000000000000000000000000000000000000000000000000000000000000",
                    "diff": {
                        "exp": "0x0868c18a83d56cd89cbe837adb1e2f863df4e053244c68da0d57f8c0ab9b02d128e4359e4ad1fb6ee8451c5bff40d0e0fea0b0d55fe1349a5d6e351bb0ad597208f05c1fc954a5732c68aa0afdbf63d31e08a60247579ce840ac42536b0fc30aa60149f448dfa2ddc2aafa467de9577647f514bffa179d8820cece7f94f690165ec40000000000000000000000000000000000000000000000000000000000000000c049504e254be87b7aa087551acfbdf832890f8c0350cfb32a092b50f10d02c1a323b25dd2c26b8e3bf06a8b33896a7c231d586c14b484fda92986c63931a8753709c41f9bec6abd2326481dc5bf1c1541f7e11ff8cae3d5a53e77429c1cf5d3002b9296c43eaff4037379f3b7d3564c1c82e2aa5718f8b54eaa62d521a73926a72dbf634508c4de4c575672455abd0b770ce66b906984b8b6325fb44a4faa8579815c748ce96908922b6be575976523b76261d62c40881323dc4b092a30c36b95013bbb31df1c54690f5012f3d36a059d74f5c043fa1ee8fd307302fe32b58bc35c000000000000000000000000000000000000000000000000000000000000000044e9c46318bf7b8c273bce54ed54fe3e8fdaa2dcf5a9d1e4cdfe1e6d31b67d70c75d9b4723d6be4faa233057f1ab48dd09647f6eec3ade8025c0bd55fa510c0edf2912a9dca952a8d8311ade458fa1e6a5bf3900e43dd19844279465610b774301d2853963629f7d857247e4084e038ec43f9f116651824c331d16d50f11f2b4d50000000000000000000000000000000000000000000000000000000000000000358d177590473c075a7af56a9837dc00f4440063dc740455d0e580d5fc3f130787bd389ff185f974b1ca0747ac6fb51f4f3b05dcc7ba7b3f24215b34deba64b799cabb009cbfb06b87bd752cc93596a0275d2e76b4a140fec39f33d0308ca45b0115ff444faaec535eaac57248fb2591394f1c31d4a95c5c2ae48cdd5a8bcdaf7f00000000000000000000000000000000000000000000000000000000000000003933a5813659b3feebc679137bd5c589b8c809cdbdb7b31a781fcd01e108207e9f34a0e88c6c2b71d879eb4b61c30115ec5be6155e0342fc983f44cab464f4fbf42fbdfc0ebe1909395459aa7f61199e6d88001741606a328b7cc1076505b3690035c911e85bfe332e8c1456ee48ae07be9039870f3339fce0cec43aae8a60f27497a6b84d914ed98cc68a593ccfe12015d5353c3e418fa98eb19a15741e86b9682a8bd1a0998ec83f1653729d07151464e551acce1fd804e0db3fc43a137ebe56027a95db7b37d2a724cecdd7790f2e8b9f52e72f280d1b506daa39571a979b5232000000000000000000000000000000000000000000000000000000000000000099a96294b5660e2c0a49b4d884a457d4c8ad52e9ffff3e0407a7f0e2c084f84d0000000000000000000000000000000000000000000000000000000000000000f529f7dc9a4edc3cc51a5e186282049ea4e8e0d02db9c8dbf4c8f0917bcf039a69654dd877382e855a73d79c1ff69407bd82e09799491f8730b87dbc207a72e500000000000000000000000000000000000000000000000000000000000000000174b820083573289dbb937d31ea5580f483f6cb489506154864c0bdef67e21dbc000000000000000000000000000000000000000000000000000000000000000007000138f25f46f2fa71b56583eabcb8827fb517bdb589ced99bbd3129db2a522d65a400000001273265403f6b545535d814fff3cbc0b46c69b63efd745826058b65aa34e7d2a2017ae23f2ef05e898d4d61b233704eae83f77db069c90aa95e03d7512065f1e42e",
                        "got": "0x0868c18a83d56cd89cbe837adb1e2f863df4e053244c68da0d57f8c0ab9b02d128e4359e4ad1fb6ee8451c5bff40d0e0fea0b0d55fe1349a5d6e351bb0ad597208f05c1fc954a5732c68aa0afdbf63d31e08a60247579ce840ac42536b0fc30aa60149f448dfa2ddc2aafa467de9577647f514bffa179d8820cece7f94f690165ec40000000000000000000000000000000000000000000000000000000000000000c049504e254be87b7aa087551acfbdf832890f8c0350cfb32a092b50f10d02c1a323b25dd2c26b8e3bf06a8b33896a7c231d586c14b484fda92986c63931a8753709c41f9bec6abd2326481dc5bf1c1541f7e11ff8cae3d5a53e77429c1cf5d3002b9296c43eaff4037379f3b7d3564c1c82e2aa5718f8b54eaa62d521a73926a72dbf634508c4de4c575672455abd0b770ce66b906984b8b6325fb44a4faa8579815c748ce96908922b6be575976523b76261d62c40881323dc4b092a30c36b95013bbb31df1c54690f5012f3d36a059d74f5c043fa1ee8fd307302fe32b58bc35c000000000000000000000000000000000000000000000000000000000000000044e9c46318bf7b8c273bce54ed54fe3e8fdaa2dcf5a9d1e4cdfe1e6d31b67d70c75d9b4723d6be4faa233057f1ab48dd09647f6eec3ade8025c0bd55fa510c0edf2912a9dca952a8d8311ade458fa1e6a5bf3900e43dd19844279465610b774301d2853963629f7d857247e4084e038ec43f9f116651824c331d16d50f11f2b4d50000000000000000000000000000000000000000000000000000000000000000358d177590473c075a7af56a9837dc00f4440063dc740455d0e580d5fc3f130787bd389ff185f974b1ca0747ac6fb51f4f3b05dcc7ba7b3f24215b34deba64b799cabb009cbfb06b87bd752cc93596a0275d2e76b4a140fec39f33d0308ca45b0115ff444faaec535eaac57248fb2591394f1c31d4a95c5c2ae48cdd5a8bcdaf7f00000000000000000000000000000000000000000000000000000000000000003933a5813659b3feebc679137bd5c589b8c809cdbdb7b31a781fcd01e108207e9f34a0e88c6c2b71d879eb4b61c30115ec5be6155e0342fc983f44cab464f4fbf42fbdfc0ebe1909395459aa7f61199e6d88001741606a328b7cc1076505b3690035c911e85bfe332e8c1456ee48ae07be9039870f3339fce0cec43aae8a60f27497a6b84d914ed98cc68a593ccfe12015d5353c3e418fa98eb19a15741e86b9682a8bd1a0998ec83f1653729d07151464e551acce1fd804e0db3fc43a137ebe56027a95db7b37d2a724cecdd7790f2e8b9f52e72f280d1b506daa39571a979b5232000000000000000000000000000000000000000000000000000000000000000099a96294b5660e2c0a49b4d884a457d4c8ad52e9ffff3e0407a7f0e2c084f84d0000000000000000000000000000000000000000000000000000000000000000f529f7dc9a4edc3cc51a5e186282049ea4e8e0d02db9c8dbf4c8f0917bcf039abe3338776c3c560d2d4cabb53335b541bcfb1aff63b31d0f85e9afc50ad453e000000000000000000000000000000000000000000000000000000000000000000174b820083573289dbb937d31ea5580f483f6cb489506154864c0bdef67e21dbc0000000000000000000000000000000000000000000000000000000000000000070001fa2b9fbca5bf377024872d48dd4e48fab5786185c663263104ecac04c4ff955b00000001273265403f6b545535d814fff3cbc0b46c69b63efd745826058b65aa34e7d2a2017ae23f2ef05e898d4d61b233704eae83f77db069c90aa95e03d7512065f1e42e"
                    }
                },
                {
                    "key": "0x0d000000000000000000000000000000000000000000000000000000000000",