{
    "config": {
        "seed": "42",
        "profile": {
            "Empty": null
        },
        "safrole": false,
        "max_work_items": 1,
        "max_service_keys": 10,
        "mutation_ratio": 0.1,
        "max_mutations": 0,
        "max_steps": 10000
    },
    "stats": {
        "steps": 1,
        "imported": 1,
        "import_max_step": 1,
        "import_min": 14.225194,
        "import_max": 14.225194,
        "import_mean": 14.225194,
        "import_p50": 14.225194,
        "import_p75": 0.0,
        "import_p90": 14.225194,
        "import_p99": 0.0,
        "import_std_dev": 0.0
    },
    "target": {
        "info": {
            "name": "vinwolf-target",
            "app_version": {
                "major": 0,
                "minor": 2,
                "patch": 9
            },
            "jam_version": {
                "major": 0,
                "minor": 7,
                "patch": 0
            }
        },
        "stats": {
            "steps": 1,
            "imported": 1,
            "import_max_step": 1,
            "import_min": 8.871545,
            "import_max": 8.871545,
            "import_mean": 8.871545,
            "import_p50": 8.871545,
            "import_p75": 0.0,
            "import_p90": 8.871545,
            "import_p99": 0.0,
            "import_std_dev": 0.0
        }
    },
    "diff": {
        "roots": {
            "exp": "0x483e00438ad0f800a853e81ee537ae1ad22cbd4e994907dc7b5f10c158607086",
            "got": "0x048b2280085d3126d3b55065aab2358530c1aaae9a5b90ab66d06814bbd0e9f9"
        },
        "keyvals": [
            {
                "key": "0x0d000000000000000000000000000000000000000000000000000000000000",
                "diff": {
                    "exp": "0x010000000000000000000000000000000200000007000000000000000000000000000000000000000400000005000000010000000000000000000000000000000400000006000000030000000000000000000000000000000200000006000000010000000000000000000000000000000200000006000000020000000000000003000000e6bb0300040000000600000000000000000000000000000000000000000000000000000000000000000000000000000000000000000000000000000000000000000000000000000000000000000000000000000000000000000000000000000000000000000000000000000000000000000000000000000000000000000000000000000000000000000000000000000000000000000000000000000080ed060000000080ed88da81e8050000000080ed000400000000000000000000000002c099b40000faa6db6b000001000000000001c0a340000024e9488e000000000000000000000100622ae7be00000188da0000000000000000",
                    "got": "0x010000000000000000000000000000000200000007000000000000000000000000000000000000000400000005000000010000000000000000000000000000000400000006000000030000000000000000000000000000000200000006000000010000000000000000000000000000000200000006000000020000000000000003000000e6bb0300040000000600000000000000000000000000000000000000000000000000000000000000000000000000000000000000000000000000000000000000000000000000000000000000000000000000000000000000000000000000000000000000000000000000000000000000000000000000000000000000000000000000000000000000000000000000000000000000000000000000000080ed060000000080ed88da81e8050000000080ed000400000000000000000000000002c0be8b0000faa6db6b000001000000000001c0a340000024e9488e000000000000000000000100622ae7be00000188da0000000000000000"
                }
            }
        ]
    }
}
