{
    "config": {
        "seed": "42",
        "profile": {
            "fuzzy": null
        },
        "safrole": false,
        "max_work_items": 1,
        "max_service_keys": 10,
        "mutation_ratio": 0.1,
        "max_mutations": 0,
        "max_steps": 10000
    },
    "stats": {
        "steps": 1,
        "imported": 1,
        "import_max_step": 1,
        "import_min": 7.9531089999999995,
        "import_max": 7.9531089999999995,
        "import_mean": 7.9531089999999995,
        "import_p50": 7.9531089999999995,
        "import_p75": 0.0,
        "import_p90": 7.9531089999999995,
        "import_p99": 0.0,
        "import_std_dev": 0.0
    },
    "target": {
        "info": {
            "fuzz_version": 1,
            "fuzz_features": 2,
            "jam_version": {
                "major": 0,
                "minor": 7,
                "patch": 1
            },
            "app_version": {
                "major": 0,
                "minor": 7,
                "patch": 1
            },
            "app_name": "tsjam-0.7.1-tiny-a648e42d"
        },
        "stats": {
            "steps": 1,
            "imported": 1,
            "import_max_step": 1,
            "import_min": 47.151124,
            "import_max": 47.151124,
            "import_mean": 47.151124,
            "import_p50": 47.151124,
            "import_p75": 0.0,
            "import_p90": 47.151124,
            "import_p99": 0.0,
            "import_std_dev": 0.0
        }
    },
    "state_diff": {
        "roots": {
            "exp": "0x9eee6213c29dfb0d8747055c794ef295a37a6f157991ce2053029c7f923e2499",
            "got": "0x1f0574aae53539b475b89bf8bcfefc0aae583ddc85077fa8fa8728edd6f39409"
        },
        "keyvals": [
            {
                "key": "0xff000000000000000000000000000000000000000000000000000000000000",
                "diff": {
                    "exp": "0x0069076f38642f87e2037a88d4a583b03703c744af1f02bd0bbd7df93ce1ef8f6c7ce5e9ffffffffff0a000000000000000a00000000000000151a020000000000ffffffffffffffff08000000000000000f00000000000000",
                    "got": "0x0069076f38642f87e2037a88d4a583b03703c744af1f02bd0bbd7df93ce1ef8f6cb282e9ffffffffff0a000000000000000a00000000000000151a020000000000ffffffffffffffff08000000000000000f00000000000000"
                }
            }
        ]
    },
    "import_diff": null
}
