{
    "config": {
        "seed": "42",
        "profile": {
            "empty": null
        },
        "safrole": false,
        "max_work_items": 1,
        "max_service_keys": 10,
        "mutation_ratio": 0.1,
        "max_mutations": 0,
        "max_steps": 10000
    },
    "stats": {
        "steps": 1,
        "imported": 1,
        "import_max_step": 1,
        "import_min": 8.056937,
        "import_max": 8.056937,
        "import_mean": 8.056937,
        "import_p50": 8.056937,
        "import_p75": 0.0,
        "import_p90": 8.056937,
        "import_p99": 0.0,
        "import_std_dev": 0.0
    },
    "target": {
        "info": {
            "fuzz_version": 1,
            "fuzz_features": 2,
            "jam_version": {
                "major": 0,
                "minor": 7,
                "patch": 0
            },
            "app_version": {
                "major": 0,
                "minor": 1,
                "patch": 0
            },
            "app_name": "jamzig-target"
        },
        "stats": {
            "steps": 1,
            "imported": 1,
            "import_max_step": 1,
            "import_min": 7.0868459999999995,
            "import_max": 7.0868459999999995,
            "import_mean": 7.0868459999999995,
            "import_p50": 7.0868459999999995,
            "import_p75": 0.0,
            "import_p90": 7.0868459999999995,
            "import_p99": 0.0,
            "import_std_dev": 0.0
        }
    },
    "state_diff": {
        "roots": {
            "exp": "0x97d5f18d46ac1e030b8e08e5a3a368cee39f44ba3f0a48ed372d69e6b31864f6",
            "got": "0x1d373d50de5791a45d32aec0801e014f465d1f7bd07cb7fd6a011dd809faf082"
        },
        "keyvals": [
            {
                "key": "0x03000000000000000000000000000000000000000000000000000000000000",
                "diff": {
                    "exp": "0x08b14f9d2ff478ac5439613b054600ccd583ea6a5d0dc17c40d497d306693953db67b0ebc76de6f3ce2a680efa0c7b31c0fc7ca968116de0fda1947872fc915cca7c2e4750872516bfef5df1f3fb59cc984c5a4fab62d4875a1d2b7556d8883958015c225ff4bc62a9d985a3136d86cf7edf5159c27361b9bfe4d2a2926f5729fb4e0000000000000000000000000000000000000000000000000000000000000000133952097f9038dd2f570a57d9bf8e114be6c883cdd508b0193a38d9f7e51e7ca56e484dc635d044eadc43655061b159fc3b711a920c3b7fe6a587aa075db0588c6dcc316f0b1824655a6a947ecf69e985aa0c9f4b13aa17147946b9eed3a706027a84278b3d9d682a1c1a4a6367bc29f115b9a0c593e7e1cc52bbd2f995df43250000000000000000000000000000000000000000000000000000000000000000f739e42167a049fba283b0f270a0e69edce779432fb7a57588e99e430a045cba0000000000000000000000000000000000000000000000000000000000000000b04b9ac4d9a15a9be036d747bc8b9ccfbbcab1ac50e810ffad862c4082534d595acc39b257035e1ae03b3782d45b174c082e48b27bd4c94f92081733a6a2cc158abd3de54c55d85f5b2497864fde2eab7ad98904927bf910488967a65ea1bbf5017dec1b7292b6488326d7fd8962ed552a4735fc8c41985011fb984e80f59b059600000000000000000000000000000000000000000000000000000000000000007b47ce5e7fc60d21b6cca3437ef963466b85717febffd3c48d61ece3529b8e896a3dda45416e8ecb4fe97fc264af3fb8f339dd97b214c6a6672bab3cbdbda12378596802c23728f3614f7700bca44f487146f617dcf85add2d7149d02ee00f4101a714e876c3b8a79aafef745b9159ea212d1d2e4a8ff0e79e5a1c503388aeeca70000000000000000000000000000000000000000000000000000000000000000234f27850a59c445a5bbe7d20edd260dc3e6046da014bf476c0e682fa3e94ed7b13fd0f0cf034e02e30291bc936067278108e338b201d6d0edd04f3e1bbdef11f953301d7ca37c41ba74986e3384489ece2330bc6317292b7358f005865f11a601352eb90483933f9b2eedd62a8e346e87a21d4a17ca7077c30d5cabc2f5be417b00000000000000000000000000000000000000000000000000000000000000003b7856dcb4c0163c9ec406fcfa9c743eaaf9329004f451f2073326b89a024acebf8f8e828be9a5034131184caf1abbf0f97df1162901bc10f6995d258b0164dd9dbf36f1e96c178e114a735cc57af8d7567e47e94ac1c7bdf9f2fde204f7e624028bfaf459215b8190fe4b1e86d8f3993a41d5aa056b1da5858f73f124b297c1ab0000000000000000000000000000000000000000000000000000000000000000da79ce358bf6d36f48cd8368f250df1376f6ac2863d388bed488c5fcb1631015000000000000000000000000000000000000000000000000000000000000000018f09b9f07c5111b31073a8335704093d2fe68784998f22ec9cb217ef02bbd5b30286cf43cc79157b7c0991a42662b412003f04043af95273b91ec38a87600790ea595ff93c2b21c7d2e7ce9bc6273ec2319a8cb18e6a67296e879029b2252a201b56e0c8f58f93e8edfad114c47a46fb29f2dc0d1e68b48eab61927eef6ba8c6d00000000000000000000000000000000000000000000000000000000000000004f4c6b23783657d1190bfb2796f4d2fcb8543e8e0f27ea0918c8fca5ff01082acf69fed490c1303cdc75ab05a76969c966aaa28f9ec30973ba347ec2d5d34cf200000000000000000000000000000000000000000000000000000000000000000116bf6fb842818bef47f97fd5cc73e0c8f0d40f46404575b29330a6df9f4e2b4200000000000000000000000000000000000000000000000000000000000000000801000000000000000000000000000000000000000000000000000000000000000001ad3228b676f7d3cd4284a5443f17f1962b36e491b30a40b2405849e597ba5fb501b4c11951957c6f8f642c4af61cd6b24640fec6dc7fc607ee8206a99e92410d300121ddb9a356815c3fac1026b6dec5df3124afbadb485c9ba5a3e3398a04b7ba850001215b886a84bee43cdcdd9ace6bc632543101a74b34c4d0aca8087d8488b97a270118883cc892f38ab04a794a3afb2923d575d03116f21d73e1bc444613b0729c400178f32a9c8abe10c8765c2936d99266aef37efd618d4f8865c44c7620a50486d7",