{
    "config": {
        "seed": "42",
        "max_steps": 4294967295,
        "safrole": false,
        "profile": {
            "full": null
        },
        "fuzzy_profile": {
            "full": null
        },
        "max_work_items": 3,
        "mutation_ratio": 0.0,
        "max_mutations": 0
    },
    "stats": {
        "steps": 4,
        "imported": 1,
        "import_max_step": 4,
        "import_min": 14.087584,
        "import_max": 14.087584,
        "import_mean": 14.087584,
        "import_p50": 14.087584,
        "import_p75": 0.0,
        "import_p90": 14.087584,
        "import_p99": 0.0,
        "import_std_dev": 0.0
    },
    "target": {
        "info": {
            "fuzz_version": 1,
            "fuzz_features": 0,
            "jam_version": {
                "major": 0,
                "minor": 7,
                "patch": 2
            },
            "app_version": {
                "major": 0,
                "minor": 7,
                "patch": 2
            },
            "app_name": "pbnj-fuzzer-target"
        },
        "stats": {
            "steps": 4,
            "imported": 1,
            "import_max_step": 4,
            "import_min": 13104.492343,
            "import_max": 13104.492343,
            "import_mean": 13104.492343,
            "import_p50": 13104.492343,
            "import_p75": 0.0,
            "import_p90": 13104.492343,
            "import_p99": 0.0,
            "import_std_dev": 0.0
        }
    },
    "error": {
        "state_diff": {
            "roots": {
                "exp": "0x9b330c2c9a06cee69ebe6f8f0050bba849a5a7a47aa433da4d0ca08d5558ad76",
                "got": "0xbc25625e47cd6190e8403671ced8b0ac3f5a4f9dce96f973790e0acd09070e86"
            },
            "keyvals": [
                {
                    "key": "0x0e000000000000000000000000000000000000000000000000000000000000",
                    "diff": {
                        "exp": "0x0000000000000001bd92bec2dbc6e143894e1b667519836823bd5ea07467bf13758199b96e0e5a9144050000523ccd75685b209692970540a3f6755391074494dfbedf615a6bd6b5762609f30000000000000000000000000000000000000000000000000000000000000000000030983ad821cd0957396472410bfde21f5aae61ff826bc63b1cf9aacda778b38c4b82ae6b5bff18b91b82f952df3899d85de4da288b6cb978ae77ed746837ba6d03a9d3b71afc06de1f3725e9899ff0c049d83ed13cb6a16beea40812d3b58dc130983ad821cd0957396472410bfde21f5aae61ff826bc63b1cf9aacda778b38cdb0000000233de435c44cb021c75964372f08dbd8c7daa50ab426e6dddd751c76f92943448c7264e086da5066d5352c3c88f20ab9677f20821dc7d33b10d112db676e5229b012357426f2313559a271d6782dc00197b379f79cbe3c6a1e72f61f7b592c509f803000003a54f52e6bb8648e2eb5cab1ebb8129eca29c8af2e5155fe1ac9400ab01852a1e0cc82b1e1a4eb7382d2980c2be8abb38a38bfc6058515850bb40ce8b48e279ab72b342f3d5dc320000000000004701011100000000de5dc932de0b8b3d622bd9428c2bd942ddfc04569c1c92616dd91573d2063e74808a07c35baa02c685aa02c6afaa02c6a54f52e6d98cdbe7038ddbe7bfbc69708b6d000173008c2bd942bb8648e2eb5cab1ebb8129eca29c8af2e5155fe1ac9400ab01852a1e0cc82b1e18606eb5be6ac54a22cff7a37b63dc0ab23f8380a879a7dc8c235818ace0b211d5dc320000000000004701011100000000de5dc932de0b8b3d622bd9428c2bd942ddfc04569c1c92616dd91573d2063e74808a07c35baa02c685aa02c6afaa02c6a54f52e6d98cdbe7038ddbe72e4752e48b990004809400de0b8b3dbb8648e2eb5cab1ebb8129eca29c8af2e5155fe1ac9400ab01852a1e0cc82b1ea5988184cef3d0f2b889b5966dc899a7846a629ace1a9f0c7bd0ad34751ae4c4d5dc320000000000004701011100000000de5dc932de0b8b3d622bd9428c2bd942ddfc04569c1c92616dd91573d2063e74808a07c35baa02c685aa02c6afaa02c6a54f52e6d98cdbe7038ddbe76d16eb428b99000380b1000133de435c44cb021c75964372f08dbd8c7daa50ab426e6dddd751c76f9294344800000000",
                        "got": "0x000000000000000000000000"
                    }
                }
            ]
        }
    }
}