{
    "config": {
        "seed": "42",
        "profile": {
            "empty": null
        },
        "safrole": false,
        "max_work_items": 1,
        "max_service_keys": 10,
        "mutation_ratio": 0.1,
        "max_mutations": 0,
        "max_steps": 10000
    },
    "stats": {
        "steps": 1,
        "imported": 1,
        "import_max_step": 1,
        "import_min": 8.680926,
        "import_max": 8.680926,
        "import_mean": 8.680926,
        "import_p50": 8.680926,
        "import_p75": 0.0,
        "import_p90": 8.680926,
        "import_p99": 0.0,
        "import_std_dev": 0.0
    },
    "target": {
        "info": {
            "fuzz_version": 1,
            "fuzz_features": 0,
            "jam_version": {
                "major": 0,
                "minor": 7,
                "patch": 0
            },
            "app_version": {
                "major": 0,
                "minor": 0,
                "patch": 1
            },
            "app_name": "gossamer-jam"
        },
        "stats": {
            "steps": 1,
            "imported": 1,
            "import_max_step": 1,
            "import_min": 28.875255,
            "import_max": 28.875255,
            "import_mean": 28.875255,
            "import_p50": 28.875255,
            "import_p75": 0.0,
            "import_p90": 28.875255,
            "import_p99": 0.0,
            "import_std_dev": 0.0
        }
    },
    "state_diff": {
        "roots": {
            "exp": "0x5711000cfeae6374d13513c905b9a5e00649946b90d9e5da4b46d34b6354fee2",
            "got": "0x10018630339840762e6d514f51170a88f8cf7874ab5bb2a0fc7e31c52410b013"
        },
        "keyvals": [
            {
                "key": "0x03000000000000000000000000000000000000000000000000000000000000",
                "diff": {
                    "exp": "0x0845d3ecb962302031acf6667fe6f907ff50ac6e054e96b5773e44a188106d253b5a117dd584d15a66927d679dcc9cc7e4d5d4e01bd9bd157a54a162223f9adb55ddd98fafae03daca0ca4179f1346259e5666c27fe15e36dc610360dcad143b0d012ad1ec52aebd51ccfe8354553401208d2b864d6a9708146168e3d5f0ef7c2e1000000000000000000000000000000000000000000000000000000000000000005169335df100baca6f34a022d3587d0658d2eadb4c4aa3c12e1dfb3856128d2b3d7911474624f7cd755f286622e1bceb2e2cb3f92e4589fd6c7e35ea540548045e037ee3431bd7c1b3035261ded29d81abf2bb80b1282d6ef8c74e1b60ba77ef0092a065193851dc07d0bdb2922c06e8eb84b77a5ed9791a3b141ee4b52f578251e053d40b67ce0e062975285c16b9dcc8356cb1a4668acfaa280dd5d13da7764744db99e2fb56696202de623fa6f8ace8c2f10db472ff22980e6b3493abc020090128b632549c866cc4c5feeefd107eab79875f6f579efa64ed614014301686bb5d00000000000000000000000000000000000000000000000000000000000000008bdf7665e4eeaca14e9997ad6fdb4e1fda6ddeebac8902c5d3e37440eea297aaa6b3a3f595755cac8153dcb48a1b147e364e4552aaf1dd0d07f9e8e3174319dd496b7178991c2bb38afa9124f4a2c3669f96869845ab6110749cf46f7e4208d500ddee1c6a9cc7537915f19e780a8c9b3a154bad3b3ae2051b4bb26d9841cc6ba50863255548e83d48865662083030e43a3a6fe8c6e8141b92cd2ec4cec2d05a23ecf98d42f4fd6183d084732c09e798c62b281882a25dae65db03e8a48df658a002634b673a87ba7dce2e4a8e86f48d24aa3b4627121b3cbc852d827173822729930000000000000000000000000000000000000000000000000000000000000000a21f34deda2fd8233aded40ae93f918610b0007cffdcc4d89e32c542c2c0945f0000000000000000000000000000000000000000000000000000000000000000d0e7693cbcbe53c66aeb6e9fe8146dfb1fc10b121b3059cccd2b79f3a1b2eb3f9349833dde7faf6013750f4416da82d96154bab8aeef76e5ca2e39d54fae065b8073bb6c8fecec545ec347ff5c784aaa4c69efa7837fb5a40d655589ad8381f6001e215afd66e5af1beb9d54fe19eca381580055553b58edafa995b136ec73c54c8d7d3dc7ca7a3bd53643de6394df44481f2b2267dd0fe7f801a5dabf8fa299124f65900e7478204f5cf15995c555bbbe5604a91251f0e0ebcccb20662c4b9f12006f445933361f97dc4fd7a59c12ae31da68c71a106f070941c20f08d83d2df6279cd69bfae9aa474e2bcdba941e61d379ac525c0b8c06050b3d1b885dbc217d930000000000000000000000000000000000000000000000000000000000000000026919ef986efac1b951ec189e28e28f88a545cf4f09c50cbf1430b80458a482d30000000000000000000000000000000000000000000000000000000000000000d8c70b0205af1f90deaff22195727dc89840f5a03076d077c752b5709acf56fd00000000000000000000000000000000000000000000000000000000000000000500014f72e1ac702d7452f07fc7a4ddf159462d4509acb1c25f53380afe22849c1c880000019349833dde7faf6013750f4416da82d96154bab8aeef76e5ca2e39d54fae065b",
                    "got": "0x0845d3ecb962302031acf6667fe6f907ff50ac6e054e96b5773e44a188106d253b5a117dd584d15a66927d679dcc9cc7e4d5d4e01bd9bd157a54a162223f9adb55ddd98fafae03daca0ca4179f1346259e5666c27fe15e36dc610360dcad143b0d012ad1ec52aebd51ccfe8354553401208d2b864d6a9708146168e3d5f0ef7c2e1000000000000000000000000000000000000000000000000000000000000000005169335df100baca6f34a022d3587d0658d2eadb4c4aa3c12e1dfb3856128d2b3d7911474624f7cd755f286622e1bceb2e2cb3f92e4589fd6c7e35ea540548045e037ee3431bd7c1b3035261ded29d81abf2bb80b1282d6ef8c74e1b60ba77ef0092a065193851dc07d0bdb2922c06e8eb84b77a5ed9791a3b141ee4b52f578251e053d40b67ce0e062975285c16b9dcc8356cb1a4668acfaa280dd5d13da7764744db99e2fb56696202de623fa6f8ace8c2f10db472ff22980e6b3493abc020090128b632549c866cc4c5feeefd107eab79875f6f579efa64ed614014301686bb5d00000000000000000000000000000000000000000000000000000000000000008bdf7665e4eeaca14e9997ad6fdb4e1fda6ddeebac8902c5d3e37440eea297aaa6b3a3f595755cac8153dcb48a1b147e364e4552aaf1dd0d07f9e8e3174319dd496b7178991c2bb38afa9124f4a2c3669f96869845ab6110749cf46f7e4208d500ddee1c6a9cc7537915f19e780a8c9b3a154bad3b3ae2051b4bb26d9841cc6ba50863255548e83d48865662083030e43a3a6fe8c6e8141b92cd2ec4cec2d05a23ecf98d42f4fd6183d084732c09e798c62b281882a25dae65db03e8a48df658a002634b673a87ba7dce2e4a8e86f48d24aa3b4627121b3cbc852d827173822729930000000000000000000000000000000000000000000000000000000000000000a21f34deda2fd8233aded40ae93f918610b0007cffdcc4d89e32c542c2c0945f0000000000000000000000000000000000000000000000000000000000000000d0e7693cbcbe53c66aeb6e9fe8146dfb1fc10b121b3059cccd2b79f3a1b2eb3f9349833dde7faf6013750f4416da82d96154bab8aeef76e5ca2e39d54fae065b8073bb6c8fecec545ec347ff5c784aaa4c69efa7837fb5a40d655589ad8381f6001e215afd66e5af1beb9d54fe19eca381580055553b58edafa995b136ec73c54c8d7d3dc7ca7a3bd53643de6394df44481f2b2267dd0fe7f801a5dabf8fa299124f65900e7478204f5cf15995c555bbbe5604a91251f0e0ebcccb20662c4b9f12006f445933361f97dc4fd7a59c12ae31da68c71a106f070941c20f08d83d2df627a7d3bff79a21d0afccf88bd554433ae4841e0e7e8e96d7b20f2743a80ecd2beb0000000000000000000000000000000000000000000000000000000000000000026919ef986efac1b951ec189e28e28f88a545cf4f09c50cbf1430b80458a482d30000000000000000000000000000000000000000000000000000000000000000d8c70b0205af1f90deaff22195727dc89840f5a03076d077c752b5709acf56fd0000000000000000000000000000000000000000000000000000000000000000050001ad3228b676f7d3cd4284a5443f17f1962b36e491b30a40b2405849e597ba5fb50000019349833dde7faf6013750f4416da82d96154bab8aeef76e5ca2e39d54fae065b"
                }
            },
            {
                "key": "0x0d000000000000000000000000000000000000000000000000000000000000",
                "diff": {
                    "exp": "0x000000000000000000000000000000000200000007000000030000000000000000000000000000000200000005000000010000000000000000000000000000000200000005000000000000000000000000000000000000000300000006000000020000000000000000000000000000000300000005000000010000000000000000000000000000000300000003000000020000000000000004000000d0980500050000000a00000000000000000000000000000000000000060000000900000001000000000000000000000000000000050000000a00000004000000000000000200000068cc0200060000000a00000002000000000000000000000000000000050000000900000002000000000000000000000000000000060000000900000081070600000000810788e2000000000000810788e203f4c6469000000188e200000000000000002f1b96a200000000000000000000019da62cc2eef700000188e20000000001c05e650000",