{
    "config": {
        "seed": "42",
        "profile": {
            "empty": null
        },
        "safrole": false,
        "max_work_items": 1,
        "max_service_keys": 10,
        "mutation_ratio": 0.1,
        "max_mutations": 0,
        "max_steps": 10000
    },
    "stats": {
        "steps": 1,
        "imported": 1,
        "import_max_step": 1,
        "import_min": 13.447232999999999,
        "import_max": 13.447232999999999,
        "import_mean": 13.447232999999999,
        "import_p50": 13.447232999999999,
        "import_p75": 0.0,
        "import_p90": 13.447232999999999,
        "import_p99": 0.0,
        "import_std_dev": 0.0
    },
    "target": {
        "info": {
            "fuzz_version": 1,
            "fuzz_features": 2,
            "jam_version": {
                "major": 0,
                "minor": 7,
                "patch": 0
            },
            "app_version": {
                "major": 0,
                "minor": 2,
                "patch": 35
            },
            "app_name": "JavaJAM"
        },
        "stats": {
            "steps": 1,
            "imported": 1,
            "import_max_step": 1,
            "import_min": 13.192904,
            "import_max": 13.192904,
            "import_mean": 13.192904,
            "import_p50": 13.192904,
            "import_p75": 0.0,
            "import_p90": 13.192904,
            "import_p99": 0.0,
            "import_std_dev": 0.0
        }
    },
    "state_diff": {
        "roots": {
            "exp": "0xafbaaae8938ed609db816151b434b28e5425cea6c25da5d79869ecd851913ca2",
            "got": "0x81c0d571afddd66a63d3dd009b0a6d32e3c3447ab4f7802db0ba4b746f229d1b"
        },
        "keyvals": [
            {
                "key": "0x03000000000000000000000000000000000000000000000000000000000000",
                "diff": {
                    "exp": "0x082dcfa1b9ada031a9abc160334ce5e69d6071d564118a4d3a49d015da762e8d8ac1e6061425c86061127c8e659cf3964730fe34049f049794add3c43550c9321b2d2b75f8f622aea32c93339995b17aa5f491786202c0d74f4e1ffaad7fe2d3e400981577eac74202e417b1a3fbc2a65f4934e2aeb0b965a31f8748f15a12eb486b3e4ebe5bab88302177264017aa4762e18ed2440481bf6e2e429deaba8a0dff2b5d32e9628a05ddd8ce73122e185515e0ae70796c57cc93013b1fdc15f148f97e0175de65b9aca8d1d9be37208f80e8ae1d5e83fe966b03514d57d092825541886400000000000000000000000000000000000000000000000000000000000000005b75f41771990f1fb1b990fb74231966b8840becfae866d5854434236d78815ae2666ab95c0c7c12762ca9538ae6838306938d6a5d370d4f2be579e86ffc7aae3119200a452788e9f20655aeebf8881f40e989a4c6c80e2eaeacf288165a3d61013878de81469dfb131e782a50c535a4b77e86ebeafbaa1812c92a84f18294b9ec0000000000000000000000000000000000000000000000000000000000000000319b2b0c65a734a18e4bb322cef9d1f336b218944a4e4cbb2efdab8e0a56329f07bf36cb0410cf88fdfa61f0d8494bdec7ba76082bfa3048547b2d317ee67c21dd6452d3d24c82e8c4f922837efde5de52a6171c124d52296652687084a590590296ae60417824af8aab402104370cf7fdedb3e54c99171fb83eaca09fad3dfe7e00000000000000000000000000000000000000000000000000000000000000009becd3ff89da7d8ddf61bb1c3f15bfdc2f432a03e043acda0e1dc93bd1e310fd00000000000000000000000000000000000000000000000000000000000000002339584d9458133c47f33e76edcb1242ef13f2a97aa8f321183d4a0ab89276d2cab569ff4972077e0ab461975b6039b5a695e9a646d48fda0044b511c0c9f844fa26838f7d2f32376c9bdbf714b451430a98cd340e0e18fb0c0928a60c0de7eb01d9b04ea97d87f7c6a913b6e7c31ae8a2822049af821a877cdc55449492b2e2ab000000000000000000000000000000000000000000000000000000000000000007eaf1be689a36bc8269c263831ff491f71232e45ef74ca2a50f1ea1b1e3bbb1361019c4229624d935e614b9c7375cfac36a01e5fe91c59d7427b022047e7028ae3878dd04d9de342e6bd06d1e3e826a3dbaca5b0dec0b8c07e255a1fe1365ae024d9820c18b23e40cb3dd966a5ccffc47edd0b78027addbeb92958722ee9bb0a100000000000000000000000000000000000000000000000000000000000000009b3c885fcb916364b131498fd4ee6289a4706416db4c836d71e154cfde4b151f0000000000000000000000000000000000000000000000000000000000000000922b63c15b5c5af129f67d1b8786534b233eaf0cc98c69109daa22dc1286284702e1f46d522b1651e15b442a6b6c28af4b504ca842e54ee79fc6ee2479b957084dd701c926525c8050abf5a362b238f46153ea09b697d2182104a2ae94bbf700005a1083cf0833742bcbbf1b42f9685a16db93a97fb022116f8ef5a9f2718e1f5b478ae64f319f71296b3b48c21c366cb5556e530a89c2fc44d3b50daf08af804900000000000000000000000000000000000000000000000000000000000000000278ee9df60852d214fb9c43512616421e8da16def8714b470e34d74a6fac1655c0000000000000000000000000000000000000000000000000000000000000000d426f2c089b851737868e55a4f7566b3448cf98d19f68479559de47691f231aa0000000000000000000000000000000000000000000000000000000000000000050001e2ddd792cbfecd869d8bcad91cec9053b9522416e28be23d34191680c5b4656301b4c11951957c6f8f642c4af61cd6b24640fec6dc7fc607ee8206a99e92410d3000013e4ebe5bab88302177264017aa4762e18ed2440481bf6e2e429deaba8a0dff2b",
                    "got": "0x082dcfa1b9ada031a9abc160334ce5e69d6071d564118a4d3a49d015da762e8d8ac1e6061425c86061127c8e659cf3964730fe34049f049794add3c43550c9321b2d2b75f8f622aea32c93339995b17aa5f491786202c0d74f4e1ffaad7fe2d3e400981577eac74202e417b1a3fbc2a65f4934e2aeb0b965a31f8748f15a12eb486b3e4ebe5bab88302177264017aa4762e18ed2440481bf6e2e429deaba8a0dff2b5d32e9628a05ddd8ce73122e185515e0ae70796c57cc93013b1fdc15f148f97e0175de65b9aca8d1d9be37208f80e8ae1d5e83fe966b03514d57d092825541886400000000000000000000000000000000000000000000000000000000000000005b75f41771990f1fb1b990fb74231966b8840becfae866d5854434236d78815ae2666ab95c0c7c12762ca9538ae6838306938d6a5d370d4f2be579e86ffc7aae3119200a452788e9f20655aeebf8881f40e989a4c6c80e2eaeacf288165a3d61013878de81469dfb131e782a50c535a4b77e86ebeafbaa1812c92a84f18294b9ec0000000000000000000000000000000000000000000000000000000000000000319b2b0c65a734a18e4bb322cef9d1f336b218944a4e4cbb2efdab8e0a56329f07bf36cb0410cf88fdfa61f0d8494bdec7ba76082bfa3048547b2d317ee67c21dd6452d3d24c82e8c4f922837efde5de52a6171c124d52296652687084a590590296ae60417824af8aab402104370cf7fdedb3e54c99171fb83eaca09fad3dfe7e00000000000000000000000000000000000000000000000000000000000000009becd3ff89da7d8ddf61bb1c3f15bfdc2f432a03e043acda0e1dc93bd1e310fd00000000000000000000000000000000000000000000000000000000000000002339584d9458133c47f33e76edcb1242ef13f2a97aa8f321183d4a0ab89276d2cab569ff4972077e0ab461975b6039b5a695e9a646d48fda0044b511c0c9f844fa26838f7d2f32376c9bdbf714b451430a98cd340e0e18fb0c0928a60c0de7eb01d9b04ea97d87f7c6a913b6e7c31ae8a2822049af821a877cdc55449492b2e2ab000000000000000000000000000000000000000000000000000000000000000007eaf1be689a36bc8269c263831ff491f71232e45ef74ca2a50f1ea1b1e3bbb1361019c4229624d935e614b9c7375cfac36a01e5fe91c59d7427b022047e7028ae3878dd04d9de342e6bd06d1e3e826a3dbaca5b0dec0b8c07e255a1fe1365ae024d9820c18b23e40cb3dd966a5ccffc47edd0b78027addbeb92958722ee9bb0a100000000000000000000000000000000000000000000000000000000000000009b3c885fcb916364b131498fd4ee6289a4706416db4c836d71e154cfde4b151f0000000000000000000000000000000000000000000000000000000000000000922b63c15b5c5af129f67d1b8786534b233eaf0cc98c69109daa22dc1286284702e1f46d522b1651e15b442a6b6c28af4b504ca842e54ee79fc6ee2479b957084dd701c926525c8050abf5a362b238f46153ea09b697d2182104a2ae94bbf700005a1083cf0833742bcbbf1b42f9685a16db93a97fb022116f8ef5a9f2718e1f5beebb8f15df8cec3d3cf13caeac22f1b26f89f8d9f169d17f9898e2b2d734f38b00000000000000000000000000000000000000000000000000000000000000000278ee9df60852d214fb9c43512616421e8da16def8714b470e34d74a6fac1655c0000000000000000000000000000000000000000000000000000000000000000d426f2c089b851737868e55a4f7566b3448cf98d19f68479559de47691f231aa000000000000000000000000000000000000000000000000000000000000000005000180b09e5687f840c1f9f25e099be0e43f1f002b5aa6876a2c00c511991f1c86b101b4c11951957c6f8f642c4af61cd6b24640fec6dc7fc607ee8206a99e92410d3000013e4ebe5bab88302177264017aa4762e18ed2440481bf6e2e429deaba8a0dff2b"
                }
            },
            {
                "key": "0x0d000000000000000000000000000000000000000000000000000000000000",