{
    "config": {
        "seed": "1767896003_6570",
        "max_steps": 1000000,
        "safrole": false,
        "profile": {
            "fuzzy": null
        },
        "fuzzy_profile": {
            "rand": null
        },
        "max_work_items": 5,
        "mutation_ratio": 0.1,
        "max_mutations": 5
    },
    "stats": {
        "steps": 79,
        "imported": 26,
        "import_max_step": 51,
        "import_min": 1.574562,
        "import_max": 5966.202827,
        "import_mean": 311.1805668461538,
        "import_p50": 6.861,
        "import_p75": 50.36,
        "import_p90": 598.758,
        "import_p99": 5966.202,
        "import_std_dev": 1170.2310488998903
    },
    "target": {
        "info": {
            "fuzz_version": 1,
            "fuzz_features": 2,
            "jam_version": {
                "major": 0,
                "minor": 7,
                "patch": 2
            },
            "app_version": {
                "major": 0,
                "minor": 3,
                "patch": 1
            },
            "app_name": "new_jamneration"
        },
        "stats": {
            "steps": 79,
            "imported": 26,
            "import_max_step": 41,
            "import_min": 45.545606,
            "import_max": 1758.5145880000002,
            "import_mean": 548.7770860384616,
            "import_p50": 387.337,
            "import_p75": 922.38,
            "import_p90": 1215.069,
            "import_p99": 1758.514,
            "import_std_dev": 486.60749613408956
        }
    },
    "error": {
        "state_diff": {
            "roots": {
                "exp": "0x39d582e94d9997987ef9b53ceaacf136091ddefc1f5ca85d9ffc2b95c0139526",
                "got": "0x2a93cf35d5dfc4a2ed172ee29d9a793b36dffbcdaf42f8999a506b92f23b8636"
            },
            "keyvals": [
                {
                    "key": "0x0d000000000000000000000000000000000000000000000000000000000000",
                    "diff": {
                        "exp": "0x0200000000000000020000007a720400050000000a00000004000000000000000000000000000000060000000c000000020000000000000003000000b7ab0600060000000a00000001000000000000000000000000000000060000000c0000000200000000000000010000003d390200060000000a00000001000000000000000000000000000000050000000a0000000200000000000000010000003d3902000300000008000000000000000000000000000000000000000500000007000000010000000000000000000000000000000500000008000000040000000000000003000000b7ab060005000000080000000200000000000000010000003d3902000300000009000000020000000000000000000000000000000300000009000000c0046e06001384ec00b656c008a381e8050001170081578b5909000000000000019cff0001280002c1662841379639000000000000000001c242e68346a83f000001c0fe63000b83020001c2d919a1795a440000018b590001170000af55cb795a4401c23d390000000000000000a39d8667000000000000000001c035e7cd9d866700000296b20003809d0001bac0f79d8667000000000000000000b0f0b86bfdd70000018b5900048125000000",
                        "got": "0x0200000000000000020000007a720400050000000a00000004000000000000000000000000000000060000000c000000020000000000000003000000b7ab0600060000000a00000001000000000000000000000000000000060000000c0000000200000000000000010000003d390200060000000a00000001000000000000000000000000000000050000000a0000000200000000000000010000003d3902000300000008000000000000000000000000000000000000000500000007000000010000000000000000000000000000000500000008000000040000000000000003000000b7ab060005000000080000000200000000000000010000003d3902000300000009000000020000000000000000000000000000000300000009000000c0046e06001384ec00b656c008a381e8050001170081578b5909000000000000019cff0001280002c1662841379639000000000000000001c274f28346a83f000001c0fe63000b83020001c2d919a1795a440000018b590001170000af55cb795a4401c23d390000000000000000a39d8667000000000000000001c035e7cd9d866700000296b20003809d0001bac0f79d8667000000000000000000b0f0b86bfdd70000018b5900048125000000"
                    }
                },
                {
                    "key": "0x41d7374596b739fec13e507a95e86ec03add50794acc76edd9370aca5ecbf2",
                    "diff": {
                        "exp": "0x46f1ed5a1b39920d",
                        "got": "0x"
                    }
                },
                {
                    "key": "0xff410037009600390000000000000000000000000000000000000000000000",
                    "diff": {
                        "exp": "0x00bb8648e2eb5cab1ebb8129eca29c8af2e5155fe1ac9400ab01852a1e0cc82b1eec1d04000000000010270000000000001027000000000000f66602000000000000000000000000000a0000000d0000001700000000000000",
                        "got": "0x00bb8648e2eb5cab1ebb8129eca29c8af2e5155fe1ac9400ab01852a1e0cc82b1eec1d04000000000010270000000000001027000000000000cb660200000000000000000000000000090000000d0000001700000000000000"
                    }
                }
            ]
        }
    }
}