{
    "config": {
        "seed": "42",
        "max_steps": 4294967295,
        "safrole": false,
        "profile": {
            "full": null
        },
        "fuzzy_profile": {
            "full": null
        },
        "max_work_items": 3,
        "mutation_ratio": 0.0,
        "max_mutations": 0
    },
    "stats": {
        "steps": 1,
        "imported": 1,
        "import_max_step": 1,
        "import_min": 8.673655,
        "import_max": 8.673655,
        "import_mean": 8.673655,
        "import_p50": 8.673655,
        "import_p75": 0.0,
        "import_p90": 8.673655,
        "import_p99": 0.0,
        "import_std_dev": 0.0
    },
    "target": {
        "info": {
            "fuzz_version": 1,
            "fuzz_features": 2,
            "jam_version": {
                "major": 0,
                "minor": 7,
                "patch": 1
            },
            "app_version": {
                "major": 0,
                "minor": 0,
                "patch": 1
            },
            "app_name": "gossamer-jam"
        },
        "stats": {
            "steps": 1,
            "imported": 1,
            "import_max_step": 1,
            "import_min": 299.24456,
            "import_max": 299.24456,
            "import_mean": 299.24456,
            "import_p50": 299.24456,
            "import_p75": 0.0,
            "import_p90": 299.24456,
            "import_p99": 0.0,
            "import_std_dev": 0.0
        }
    },
    "diff": {
        "state": {
            "roots": {
                "exp": "0x054f9c102edbf590567d2848464c1326d183483c6f1b1615ed0962199f50f784",
                "got": "0x078013cbbce3221cc839ea1d97aaa517084bd48df637daefd7910c752fbcdde8"
            },
            "keyvals": [
                {
                    "key": "0x03000000000000000000000000000000000000000000000000000000000000",
                    "diff": {
                        "exp": "0x08a89ccbafb1b05fdf9012a2b79961a0cf194e561f41081b0aa9aaa2ba697067a8599617143670f977675dbae381232dfe97afc13e59df08779af17a9771d9c2b7ec6b5c6f29054e6d151dcfbf847714af7e82c01cf68cb93a038cd26450b7b8090133dcc2e6d9af7ecaf1d221c9f1caff1bfc75a6eb4dc532b2edcdc0c635de5ff0000000000000000000000000000000000000000000000000000000000000000015d87181bcc7f2cc5c93fb5f9cd064fea1f96f6fdad83f8a115c8291aee9c77c89a308d92023b1f4ea091a7724bbee40e250575502e27e3fff0b2e79ad63b7cc4f230218fc9270a1a6868decdb7524856fd9fa57c46ee43f94a9ec9091ac231c019ce32d25af06b468168eeaea3457506940574d65586c718162213a040ebda3ef0000000000000000000000000000000000000000000000000000000000000000b005df75afb9f39a5c24edebf85c3986bf037bd681dba6db8da565cee7dad207895ffbfc2aaec01b21c4cbf32eef80ce6776cfdbc37bc18abe65c21a44ab841d03d45a490adefeea386d6de5ee6d8e413edac8e76a8f2589d34e7ec946cd542c025404ffd56cb47c0ba834259487e727919b62c2886a57c59e7c490257707262f20000000000000000000000000000000000000000000000000000000000000000c3d198db1b31a7b07bfde9ee92189c8166766b5428e61160bcaf6e86edd808eb0000000000000000000000000000000000000000000000000000000000000000fe5a46bd6757de3d819c7c676d556d646d9ce202457b747067707dd8a311ea137466e9c65360b4aadafe2ccb7ade09cf719e6b818724a0ea1ac48ffd554fc000a87dbec4cb8c3eac73e1428b09c3bb50d002b0f64217554d3c92968bdee01f27007372ac4ce272414aad77b9f6466fffa6761737f999b5bbe5d220f76029b205763b77f4ef54864dd816921b8380e51ec6c885dc03f3f1450a62e12d37665a149e0543a58032580ee9d2a46ec1eebde24a63f74d37b82a20e7847b335a4a59a137016e8693ea7526b173223c5b35345024f5135ec767fb6589fdd4a328071927b0ac00000000000000000000000000000000000000000000000000000000000000000985867e71668eb36791f42d788f4d838d70311b3826b2de108ed292ceed32399af2cf040bcd6f173a4d8d5a86902bdff7563ba029a7c8a28e2db7d3bb6f1090c0317bf8eb32c7e8ac79b24aa9dcb8d2da206a82693115a8fc3f0f477b1f9ed80281c0b2aab6e988809387b82505391ab524fbdf2bb1e4afa0b037082b87f1bde10000000000000000000000000000000000000000000000000000000000000000cdbfd2ea2211a32bb6f2f3d7a121be5ae1923bde97dbc775fb6cfa32b5e9b41a0000000000000000000000000000000000000000000000000000000000000000a1a22637b4c7feaf92afc8e47dbd3387df8f316ecb137bd3c6ab44b200bbd5757161618b745443695ff2bdfbc4a4c606f81f2080b36e74b8c1a49c0ac75b5f897885dd3a5fcf3c6d37548641d397a90c17b82cc9751bdcff33fbb7e048c80e1900052d4149e934c9034fb18dec0db3afc5543699ece4b7bd7109b9f06e66607ee2c0a8c4918ccd099d19de259e2bf9e36a004a580562af1d29f1d2ba7cd5c8c30a000000000000000000000000000000000000000000000000000000000000000001923dda1fb4798b2770025b2831b6e056f43b688405ed9d9c9af0b2f922829ad800000000000000000000000000000000000000000000000000000000000000000801e99810277b70db8f866f818c6b2b0cd03e9fb6747ba59b6bb4f081c954089a6000000001533dd57207c737b625817d103f4bf4774f2e5b3a2f40f7b85fdb53b790d6bad6010ca208787141d1ef08334270b875116fce0ba25c22fb7e66d05a92cd311e196b010b902accd3ef2b544a84d2619c9a949e3ece8bb9e925f4b6c83e2d7307b1003101187228f664b37af2826463329c41cf7535174e95f4e706bf19100ffa78ab274b",
                        "got": "0x08a89ccbafb1b05fdf9012a2b79961a0cf194e561f41081b0aa9aaa2ba697067a8599617143670f977675dbae381232dfe97afc13e59df08779af17a9771d9c2b7ec6b5c6f29054e6d151dcfbf847714af7e82c01cf68cb93a038cd26450b7b8090133dcc2e6d9af7ecaf1d221c9f1caff1bfc75a6eb4dc532b2edcdc0c635de5ff0000000000000000000000000000000000000000000000000000000000000000015d87181bcc7f2cc5c93fb5f9cd064fea1f96f6fdad83f8a115c8291aee9c77c89a308d92023b1f4ea091a7724bbee40e250575502e27e3fff0b2e79ad63b7cc4f230218fc9270a1a6868decdb7524856fd9fa57c46ee43f94a9ec9091ac231c019ce32d25af06b468168eeaea3457506940574d65586c718162213a040ebda3ef0000000000000000000000000000000000000000000000000000000000000000b005df75afb9f39a5c24edebf85c3986bf037bd681dba6db8da565cee7dad207895ffbfc2aaec01b21c4cbf32eef80ce6776cfdbc37bc18abe65c21a44ab841d03d45a490adefeea386d6de5ee6d8e413edac8e76a8f2589d34e7ec946cd542c025404ffd56cb47c0ba834259487e727919b62c2886a57c59e7c490257707262f20000000000000000000000000000000000000000000000000000000000000000c3d198db1b31a7b07bfde9ee92189c8166766b5428e61160bcaf6e86edd808eb0000000000000000000000000000000000000000000000000000000000000000fe5a46bd6757de3d819c7c676d556d646d9ce202457b747067707dd8a311ea137466e9c65360b4aadafe2ccb7ade09cf719e6b818724a0ea1ac48ffd554fc000a87dbec4cb8c3eac73e1428b09c3bb50d002b0f64217554d3c92968bdee01f27007372ac4ce272414aad77b9f6466fffa6761737f999b5bbe5d220f76029b205763b77f4ef54864dd816921b8380e51ec6c885dc03f3f1450a62e12d37665a149e0543a58032580ee9d2a46ec1eebde24a63f74d37b82a20e7847b335a4a59a137016e8693ea7526b173223c5b35345024f5135ec767fb6589fdd4a328071927b0ac00000000000000000000000000000000000000000000000000000000000000000985867e71668eb36791f42d788f4d838d70311b3826b2de108ed292ceed32399af2cf040bcd6f173a4d8d5a86902bdff7563ba029a7c8a28e2db7d3bb6f1090c0317bf8eb32c7e8ac79b24aa9dcb8d2da206a82693115a8fc3f0f477b1f9ed80281c0b2aab6e988809387b82505391ab524fbdf2bb1e4afa0b037082b87f1bde10000000000000000000000000000000000000000000000000000000000000000cdbfd2ea2211a32bb6f2f3d7a121be5ae1923bde97dbc775fb6cfa32b5e9b41a0000000000000000000000000000000000000000000000000000000000000000a1a22637b4c7feaf92afc8e47dbd3387df8f316ecb137bd3c6ab44b200bbd5757161618b745443695ff2bdfbc4a4c606f81f2080b36e74b8c1a49c0ac75b5f897885dd3a5fcf3c6d37548641d397a90c17b82cc9751bdcff33fbb7e048c80e1900052d4149e934c9034fb18dec0db3afc5543699ece4b7bd7109b9f06e66607ee26e064ab0460ce147fe6035259dd8d78c300dd0379089eefcff35955881e81248000000000000000000000000000000000000000000000000000000000000000001923dda1fb4798b2770025b2831b6e056f43b688405ed9d9c9af0b2f922829ad8000000000000000000000000000000000000000000000000000000000000000008012088f7fda234721343793f926f268fadc262dfcf88e20758da947bfa0417292d00000001533dd57207c737b625817d103f4bf4774f2e5b3a2f40f7b85fdb53b790d6bad6010ca208787141d1ef08334270b875116fce0ba25c22fb7e66d05a92cd311e196b010b902accd3ef2b544a84d2619c9a949e3ece8bb9e925f4b6c83e2d7307b1003101187228f664b37af2826463329c41cf7535174e95f4e706bf19100ffa78ab274b"
                    }
                },
                {
                    "key": "0x0d000000000000000000000000000000000000000000000000000000000000",