{
    "config": {
        "seed": "42",
        "profile": {
            "empty": null
        },
        "safrole": false,
        "max_work_items": 1,
        "max_service_keys": 10,
        "mutation_ratio": 0.1,
        "max_mutations": 0,
        "max_steps": 10000
    },
    "stats": {
        "steps": 1,
        "imported": 1,
        "import_max_step": 1,
        "import_min": 18.670776,
        "import_max": 18.670776,
        "import_mean": 18.670776,
        "import_p50": 18.670776,
        "import_p75": 0.0,
        "import_p90": 18.670776,
        "import_p99": 0.0,
        "import_std_dev": 0.0
    },
    "target": {
        "info": {
            "fuzz_version": 1,
            "fuzz_features": 2,
            "jam_version": {
                "major": 0,
                "minor": 7,
                "patch": 0
            },
            "app_version": {
                "major": 0,
                "minor": 1,
                "patch": 0
            },
            "app_name": "jamzilla"
        },
        "stats": {
            "steps": 1,
            "imported": 1,
            "import_max_step": 1,
            "import_min": 40.538161,
            "import_max": 40.538161,
            "import_mean": 40.538161,
            "import_p50": 40.538161,
            "import_p75": 0.0,
            "import_p90": 40.538161,
            "import_p99": 0.0,
            "import_std_dev": 0.0
        }
    },
    "state_diff": {
        "roots": {
            "exp": "0xc97ca1e37a86315a5d72aad2ca17a2c896dee59441dfdc643eda90f00dfcc5e6",
            "got": "0xdb18b242870c55f051ee9b77bd5a4fe7392946e7e2421905457469c96792fbb7"
        },
        "keyvals": [
            {
                "key": "0xff34004800ce00d30000000000000000000000000000000000000000000000",
                "diff": {
                    "exp": "0x6c322032f9ffb452de811d2db63f5b654aefeeff6195f50f19c2c8598d0b8ae52052020000000000102700000000000010270000000000000e68010000000000000000000000000007000000050000001300000000000000",
                    "got": "0x6c322032f9ffb452de811d2db63f5b654aefeeff6195f50f19c2c8598d0b8ae52052020000000000102700000000000010270000000000005e67010000000000000000000000000006000000050000001300000000000000"
                }
            },
            {
                "key": "0xffdb00dd000e00140000000000000000000000000000000000000000000000",
                "diff": {
                    "exp": "0x6c322032f9ffb452de811d2db63f5b654aefeeff6195f50f19c2c8598d0b8ae5ecd4010000000000102700000000000010270000000000000e68010000000000000000000000000007000000040000000e00000000000000",
                    "got": "0x6c322032f9ffb452de811d2db63f5b654aefeeff6195f50f19c2c8598d0b8ae5ecd4010000000000102700000000000010270000000000005e67010000000000000000000000000006000000040000000e00000000000000"
                }
            }
        ]
    },
    "import_diff": null
}
