{
    "config": {
        "seed": "42",
        "profile": {
            "empty": null
        },
        "safrole": false,
        "max_work_items": 1,
        "max_service_keys": 10,
        "mutation_ratio": 0.1,
        "max_mutations": 0,
        "max_steps": 10000
    },
    "stats": {
        "steps": 1,
        "imported": 1,
        "import_max_step": 1,
        "import_min": 12.728394,
        "import_max": 12.728394,
        "import_mean": 12.728394,
        "import_p50": 12.728394,
        "import_p75": 0.0,
        "import_p90": 12.728394,
        "import_p99": 0.0,
        "import_std_dev": 0.0
    },
    "target": {
        "info": {
            "fuzz_version": 1,
            "fuzz_features": 2,
            "jam_version": {
                "major": 0,
                "minor": 7,
                "patch": 0
            },
            "app_version": {
                "major": 0,
                "minor": 0,
                "patch": 12
            },
            "app_name": "spacejam"
        },
        "stats": {
            "steps": 1,
            "imported": 1,
            "import_max_step": 1,
            "import_min": 6.307607,
            "import_max": 6.307607,
            "import_mean": 6.307607,
            "import_p50": 6.307607,
            "import_p75": 0.0,
            "import_p90": 6.307607,
            "import_p99": 0.0,
            "import_std_dev": 0.0
        }
    },
    "state_diff": {
        "roots": {
            "exp": "0x7e2744ab7947a5b0c2ee2238d9a38026b83dd5f0500fb4c06a2a1300b558fe34",
            "got": "0xb42486cefa372b293025a0c707e44a99884eb178d355a0ee5ce48726a2733a94"
        },
        "keyvals": [
            {
                "key": "0x0d000000000000000000000000000000000000000000000000000000000000",
                "diff": {
                    "exp": "0x02000000000000000000000000000000020000000400000002000000000000000000000000000000030000000600000001000000000000000000000000000000030000000700000000000000000000000000000000000000040000000500000001000000000000000000000000000000030000000500000001000000000000000000000000000000030000000600000001000000000000000000000000000000040000000900000003000000000000000000000000000000040000000800000002000000000000000000000000000000040000000a00000003000000000000000000000000000000030000000900000000000000000000000000000000000000030000000a000000030000000000000000000000000000000300000009000000810f050000000081a8b889810f0600000000816f88f20500000000000001b8890000000000000000783bbe650000000000000000000001b3a524a7db6b000000000000000001c0d365000024e9488e00000188f20000000000000000925bae94000000000000000001c0d2650000",
                    "got": "0x02000000000000000000000000000000020000000400000002000000000000000000000000000000030000000600000001000000000000000000000000000000030000000700000000000000000000000000000000000000040000000500000001000000000000000000000000000000030000000500000001000000000000000000000000000000030000000600000001000000000000000000000000000000040000000900000003000000000000000000000000000000040000000800000002000000000000000000000000000000040000000a00000003000000000000000000000000000000030000000900000000000000000000000000000000000000030000000a000000030000000000000000000000000000000300000009000000810f050000000081a8b889810f0600000000816f88f20400000000000001b889000000000000000024a7db6b000000000000000001bd3d000024e9488e00000188f20000000000000000925bae94000000000000000001bd3d0000"
                }
            },
            {
                "key": "0x246aa7aedba36bb8c876e335de632eac1b2705f8a5476ffb5c0499d95bd432",
                "diff": {
                    "exp": "0xe45d9d949615b3f6",
                    "got": "0x2054535a4e1981d3"
                }
            },
            {
                "key": "0x78663be3be4c652422b3b7984e6961c6789c2c7242d8374714705c9161d2a7",
                "diff": {
                    "exp": "0x925bae94b1a8000000000000676966742c20613d2c20623d72656164206f6620203c3d207065656b706f6b65646174612028307802000000000000000000000000000000020000000000000000000000000000000000000000000000200000e00000000002000000000000000000000000000000000008000000000000000000000000000100000000000000",
                    "got": "0x24e9488edc06010000000000676966742c20613d2c20623d72656164206f6620203c3d207065656b706f6b65646174612028307802000000000000000000000000000000020000000000000000000000000000000000000000000000200000e00000000002000000000000000000000000000000000008000000000000000000000000000100000000000000"
                }
            },
            {
                "key": "0x926a5baeaea394b8c876e335de632eac1b2705f8a5476ffb5c0499d95bd432",
                "diff": {
                    "exp": "0x4a55c1fa4e8dcf7e",
                    "got": "0x2054535a4e1981d3"
                }
            },
            {
                "key": "0xff2400a700db006b0000000000000000000000000000000000000000000000",
                "diff": {
                    "exp": "0x5e619be5ca9078d2718bf57c7c4d8f8297eb897592390a4922b342e77707b0f958cb02000000000010270000000000001027000000000000b967010000000000000000000000000007000000040000002a00000000000000",
                    "got": "0x5e619be5ca9078d2718bf57c7c4d8f8297eb897592390a4922b342e77707b0f9aeef02000000000010270000000000001027000000000000b967010000000000000000000000000007000000040000002a00000000000000"
                }
            },
            {
                "key": "0xff78003b00be00650000000000000000000000000000000000000000000000",
                "diff": {
                    "exp": "0x5e619be5ca9078d2718bf57c7c4d8f8297eb897592390a4922b342e77707b0f9b6ea030000000000102700000000000010270000000000001867010000000000000000000000000004000000110000001d00000000000000",
                    "got": "0x5e619be5ca9078d2718bf57c7c4d8f8297eb897592390a4922b342e77707b0f9af1d030000000000102700000000000010270000000000001867010000000000000000000000000004000000110000001d00000000000000"
                }
            },
            {
                "key": "0xff92005b00ae00940000000000000000000000000000000000000000000000",
                "diff": {
                    "exp": "0x5e619be5ca9078d2718bf57c7c4d8f8297eb897592390a4922b342e77707b0f9be7101000000000010270000000000001027000000000000b967010000000000000000000000000007000000060000002a00000000000000",
                    "got": "0x5e619be5ca9078d2718bf57c7c4d8f8297eb897592390a4922b342e77707b0f96f1a02000000000010270000000000001027000000000000b967010000000000000000000000000007000000060000002a00000000000000"
                }
            }
        ]
    },
    "import_diff": null
}
