{
    "config": {
        "seed": "42",
        "profile": {
            "empty": null
        },
        "safrole": false,
        "max_work_items": 1,
        "max_service_keys": 10,
        "mutation_ratio": 0.1,
        "max_mutations": 0,
        "max_steps": 10000
    },
    "stats": {
        "steps": 1,
        "imported": 1,
        "import_max_step": 1,
        "import_min": 21.081633,
        "import_max": 21.081633,
        "import_mean": 21.081633,
        "import_p50": 21.081633,
        "import_p75": 0.0,
        "import_p90": 21.081633,
        "import_p99": 0.0,
        "import_std_dev": 0.0
    },
    "target": {
        "info": {
            "fuzz_version": 1,
            "fuzz_features": 0,
            "jam_version": {
                "major": 0,
                "minor": 7,
                "patch": 0
            },
            "app_version": {
                "major": 0,
                "minor": 1,
                "patch": 11
            },
            "app_name": "FastRoll"
        },
        "stats": {
            "steps": 1,
            "imported": 1,
            "import_max_step": 1,
            "import_min": 30.332957,
            "import_max": 30.332957,
            "import_mean": 30.332957,
            "import_p50": 30.332957,
            "import_p75": 0.0,
            "import_p90": 30.332957,
            "import_p99": 0.0,
            "import_std_dev": 0.0
        }
    },
    "state_diff": {
        "roots": {
            "exp": "0x6e513f5477838ed2fd41c652916713c70127b49c0d8174df7ed21ade82fe644d",
            "got": "0xcfd2ff20640b38537e1bd24108de331221a9fa8d451e3115af5b06516f2e6d01"
        },
        "keyvals": [
            {
                "key": "0x0d000000000000000000000000000000000000000000000000000000000000",
                "diff": {
                    "exp": "0x02000000000000000000000000000000020000000500000000000000000000000000000000000000040000000400000000000000000000000000000000000000020000000500000001000000000000000000000000000000030000000400000001000000000000000000000000000000040000000500000001000000000000000000000000000000030000000400000003000000000000000000000000000000030000000b00000002000000000000000000000000000000070000000900000001000000000000000000000000000000040000000b00000002000000000000000000000000000000070000000a00000002000000000000000000000000000000070000000b00000002000000000000000000000000000000040000000a00000081af06000000000000816f050000000080ed88e9066af3911b00000188e90000000001c06079000094f3911b000000000000000001c1c21e0000bef3911b000000000000000001beed0000e1affa3e000000000000000001c04e4d00000bb0fa3e000000000000000001ba7b000035b0fa3e000000000000000001bd470000",
                    "got": "0x02000000000000000000000000000000020000000500000000000000000000000000000000000000040000000400000000000000000000000000000000000000020000000500000001000000000000000000000000000000030000000400000001000000000000000000000000000000040000000500000001000000000000000000000000000000030000000400000003000000000000000000000000000000030000000b00000002000000000000000000000000000000070000000900000001000000000000000000000000000000040000000b00000002000000000000000000000000000000070000000a00000002000000000000000000000000000000070000000b00000002000000000000000000000000000000040000000a00000081af06000000000000816f050000000080ed88e9066af3911b00000188e90000000001c06079000094f3911b000000000000000001c1c21e0000bef3911b000000000000000001beec0000e1affa3e000000000000000001c04e4d00000bb0fa3e000000000000000001ba7a000035b0fa3e000000000000000001bd470000"
                }
            }
        ]
    },
    "import_diff": null
}
