{
    "config": {
        "seed": "42",
        "max_steps": 4294967295,
        "safrole": false,
        "profile": {
            "full": null
        },
        "fuzzy_profile": {
            "full": null
        },
        "max_work_items": 3,
        "max_service_keys": 10,
        "mutation_ratio": 0.0,
        "max_mutations": 0
    },
    "stats": {
        "steps": 1,
        "imported": 1,
        "import_max_step": 1,
        "import_min": 10.166996,
        "import_max": 10.166996,
        "import_mean": 10.166996,
        "import_p50": 10.166996,
        "import_p75": 0.0,
        "import_p90": 10.166996,
        "import_p99": 0.0,
        "import_std_dev": 0.0
    },
    "target": {
        "info": {
            "fuzz_version": 1,
            "fuzz_features": 2,
            "jam_version": {
                "major": 0,
                "minor": 7,
                "patch": 1
            },
            "app_version": {
                "major": 0,
                "minor": 2,
                "patch": 0
            },
            "app_name": "@typeberry/jam"
        },
        "stats": {
            "steps": 1,
            "imported": 1,
            "import_max_step": 1,
            "import_min": 207.58039300000002,
            "import_max": 207.58039300000002,
            "import_mean": 207.58039300000002,
            "import_p50": 207.58039300000002,
            "import_p75": 0.0,
            "import_p90": 207.58039300000002,
            "import_p99": 0.0,
            "import_std_dev": 0.0
        }
    },
    "diff": {
        "state": {
            "roots": {
                "exp": "0xef0a8916d7e2a0421ecfe5e6f534bf07482f557456a77b1a17e027251e43bacd",
                "got": "0xe379a41642db5a6375dfb589822436ff2202910c7e833e98b69c67b444c521d5"
            },
            "keyvals": [
                {
                    "key": "0x00450019006a0051135ef0225518c5ddc999419ffbf52cf2d4213d55af782e",
                    "diff": {
                        "exp": "0x01000000",
                        "got": "0x"
                    }
                },
                {
                    "key": "0x00f00078008e0099cd2569e9ccf2045b86062b3e1b16723b5cd83807dab284",
                    "diff": {
                        "exp": "0x000000005d7b000000000000726566696c6c0000000000000000000000000000000000000000000000000000000000000000000000000000000000000000000000000000000000000000000000000000000000000000000000000000000000000000000000000000000000000000000000000000000000000000000000000000000000000000000000000000",
                        "got": "0x"
                    }
                },
                {
                    "key": "0x0d000000000000000000000000000000000000000000000000000000000000",
                    "diff": {
                        "exp": "0x01000000000000000000000000000000010000000300000000000000000000000000000000000000020000000200000000000000000000000000000000000000020000000300000002000000000000000000000000000000010000000200000000000000000000000000000000000000010000000200000001000000000000000000000000000000020000000200000000000000000000000000000000000000000000000000000000000000000000000000000000000000000000000000000000000000000000000000000000000000000000000000000000000000000000000000000000000000000000000000000000000000000000000000000000000000000000000000000000000000000000000000000000000000000000000000000084ba0500000000000085320600000000856bc0a4ec0100000000000005c0a4ec000000000bc4be2e",
                        "got": "0x01000000000000000000000000000000010000000300000000000000000000000000000000000000020000000200000000000000000000000000000000000000020000000300000002000000000000000000000000000000010000000200000000000000000000000000000000000000010000000200000001000000000000000000000000000000020000000200000000000000000000000000000000000000000000000000000000000000000000000000000000000000000000000000000000000000000000000000000000000000000000000000000000000000000000000000000000000000000000000000000000000000000000000000000000000000000000000000000000000000000000000000000000000000000000000000000084ba0500000000000085320600000000856bc0a4ec0100000000000005c0a4ec000000000bc48308"
                    }
                },
                {
                    "key": "0xff000000000000000000000000000000000000000000000000000000000000",
                    "diff": {
                        "exp": "0x00f45d36b7af68cdd48be8b7793cff734678e8fcad41902f07fbb43837077756870da2daffffffffff0a000000000000000a000000000000001d1a020000000000ffffffffffffffff08000000000000000400000000000000",
                        "got": "0x00f45d36b7af68cdd48be8b7793cff734678e8fcad41902f07fbb4383707775687b026daffffffffff0a000000000000000a000000000000003219020000000000ffffffffffffffff06000000000000000400000000000000"
                    }
                }
            ]
        }
    }
}