{
    "config": {
        "seed": "42",
        "profile": {
            "fuzzy": null
        },
        "safrole": false,
        "max_work_items": 1,
        "max_service_keys": 10,
        "mutation_ratio": 0.1,
        "max_mutations": 0,
        "max_steps": 10000
    },
    "stats": {
        "steps": 1,
        "imported": 1,
        "import_max_step": 1,
        "import_min": 17.075246,
        "import_max": 17.075246,
        "import_mean": 17.075246,
        "import_p50": 17.075246,
        "import_p75": 0.0,
        "import_p90": 17.075246,
        "import_p99": 0.0,
        "import_std_dev": 0.0
    },
    "target": {
        "info": {
            "fuzz_version": 1,
            "fuzz_features": 2,
            "jam_version": {
                "major": 0,
                "minor": 7,
                "patch": 1
            },
            "app_version": {
                "major": 0,
                "minor": 2,
                "patch": 0
            },
            "app_name": "@typeberry/jam"
        },
        "stats": {
            "steps": 1,
            "imported": 1,
            "import_max_step": 1,
            "import_min": 133.59338100000002,
            "import_max": 133.59338100000002,
            "import_mean": 133.59338100000002,
            "import_p50": 133.59338100000002,
            "import_p75": 0.0,
            "import_p90": 133.59338100000002,
            "import_p99": 0.0,
            "import_std_dev": 0.0
        }
    },
    "state_diff": {
        "roots": {
            "exp": "0x429a68bdf0b3fdba954217662cf2a5eb11150ce74d3d7004cbd4cf262add5ce3",
            "got": "0x067b8d2c85209557927a50dc8a3f61eca96979f1fba23904c1dc36a37a4b39cb"
        },
        "keyvals": [
            {
                "key": "0x03000000000000000000000000000000000000000000000000000000000000",
                "diff": {
                    "exp": "0x08184909c52db81572a90722db47416ebdd4ef3f92d5f65ba53bc155e41444bd952fc9a372a65e2341f5e92ca21944a87986a3ff07b5c5cbabd6f36187ff1436f326200161e3926255c32ad776d863786b757062a4517ac40084e1f609999cf211008c2b595b14b995edefad774b4b07b386318828989f973d93593fbfc80d664ec621ddb9a356815c3fac1026b6dec5df3124afbadb485c9ba5a3e3398a04b7ba85b30003f74e998016a8cba5e5884ddbf4f844d93a42fd4b3c1feb33adcd365cd501de55dceff1ba73bd2d87001033612811171795f470e17364632aa8c262173bc9000000000000000000000000000000000000000000000000000000000000000084d0fcc074ecce5dac386bfb200af76fb4900bd53b47dcfa20044509d9b31f931978bdc2f9989334b4d216e72a14297dd9b06c8feaf1f80cde76cf1057786a2b4d1554cc42ae275c0da31fda0d7788e59fa8ee6bd6ad29e421393a94b785fdb402a59ccd4f4ef85b0cfe4ccb342c40f3f15b6bef04d2b714ed7c88cf27f6382d970000000000000000000000000000000000000000000000000000000000000000cc69f21735a7922203742868a78ebb80b25946a1e82cf49b2d62fe788417e095000000000000000000000000000000000000000000000000000000000000000086865be1f49946c9a10060e6459a881d4ea70e5fb48a56d818da615375f262e9581f10ddd774befd80936ba02cd8521c6f16e1478e4a25c4d34421470f8f91c3ad1d3d4d54dd82b6f99f1593e16c8f198594dfcc81aaf9113992d90ae78ff87801756998b300703267aa0a3058de3ceb70d0658f43f486d903c0b4a4e1974e253800000000000000000000000000000000000000000000000000000000000000007a7a7035c1adaa17e87cb2f8af6aefc4d614c6eadf003dab07c1b3b0adb6b3fb5a117dd584d15a66927d679dcc9cc7e4d5d4e01bd9bd157a54a162223f9adb556a612cbad65a3f97458ef0b101cfda9ab1bbfb2ed543b1bb869bb9b43f2b56b502661c427794ec18c8c920db33a8027c213b90becf421ed0ca63cfb3576882726b0000000000000000000000000000000000000000000000000000000000000000f40933f084da8b783f584088b5d968acef3746ca6d63812b01b4f97466432eb300000000000000000000000000000000000000000000000000000000000000003edb6fa78f3d5ad8e97d99de8ca95184f0f6bbec580fa4a8b49f4aa36abb3f9680d09e84fa87b632eee1cb3767d7c817e4da5fd74affb094687a9fa35dd6a099947e0382bc53eb977eb1d6ccd7ed628dfa7e90360bfb2965678189018ab14ac4000746d17d63c5d59ebcb1f7a33c617aee7f8e849983a94df837dfca404eadb1a820a6b1153f8a08b3895e9985ef9bd768660aed9dbb6c7e3556e722c6158a1e9aedf8fcd1a2ea17fc1f136f6a5113e8ae6a8873898b4aa1ef1d78793d08d98ab30246657ac3c4837bbc8061ee4f35c52ca76c46fce1854f49f56ef5f31a67c440970000000000000000000000000000000000000000000000000000000000000000b3f7b56c05b0155683d4085bdaad4aa55ea78988468a8b43680176f6c7d8b75a0000000000000000000000000000000000000000000000000000000000000000025c48c9bf224d6e1fea9cb4a83504ffb059d13b4713b940e177161e99fa50b8ca0ba5337a1f0e08600dd815bd698638ec6d5cddc00b5eb6ca56dfdba630ce470000000000000000000000000000000000000000000000000000000000000000000400018fb5e5d0557243d665f3d80898b205511d5b9afda6bb006b5bbe3aee32e85e330102df84da259136675f2fdfc9314218ea5fe48dbcbd12d0f28cd6e0ea04f9f20d0121ddb9a356815c3fac1026b6dec5df3124afbadb485c9ba5a3e3398a04b7ba85",
                    "got": "0x08184909c52db81572a90722db47416ebdd4ef3f92d5f65ba53bc155e41444bd952fc9a372a65e2341f5e92ca21944a87986a3ff07b5c5cbabd6f36187ff1436f326200161e3926255c32ad776d863786b757062a4517ac40084e1f609999cf211008c2b595b14b995edefad774b4b07b386318828989f973d93593fbfc80d664ec621ddb9a356815c3fac1026b6dec5df3124afbadb485c9ba5a3e3398a04b7ba85b30003f74e998016a8cba5e5884ddbf4f844d93a42fd4b3c1feb33adcd365cd501de55dceff1ba73bd2d87001033612811171795f470e17364632aa8c262173bc9000000000000000000000000000000000000000000000000000000000000000084d0fcc074ecce5dac386bfb200af76fb4900bd53b47dcfa20044509d9b31f931978bdc2f9989334b4d216e72a14297dd9b06c8feaf1f80cde76cf1057786a2b4d1554cc42ae275c0da31fda0d7788e59fa8ee6bd6ad29e421393a94b785fdb402a59ccd4f4ef85b0cfe4ccb342c40f3f15b6bef04d2b714ed7c88cf27f6382d970000000000000000000000000000000000000000000000000000000000000000cc69f21735a7922203742868a78ebb80b25946a1e82cf49b2d62fe788417e095000000000000000000000000000000000000000000000000000000000000000086865be1f49946c9a10060e6459a881d4ea70e5fb48a56d818da615375f262e9581f10ddd774befd80936ba02cd8521c6f16e1478e4a25c4d34421470f8f91c3ad1d3d4d54dd82b6f99f1593e16c8f198594dfcc81aaf9113992d90ae78ff87801756998b300703267aa0a3058de3ceb70d0658f43f486d903c0b4a4e1974e253800000000000000000000000000000000000000000000000000000000000000007a7a7035c1adaa17e87cb2f8af6aefc4d614c6eadf003dab07c1b3b0adb6b3fb5a117dd584d15a66927d679dcc9cc7e4d5d4e01bd9bd157a54a162223f9adb556a612cbad65a3f97458ef0b101cfda9ab1bbfb2ed543b1bb869bb9b43f2b56b502661c427794ec18c8c920db33a8027c213b90becf421ed0ca63cfb3576882726b0000000000000000000000000000000000000000000000000000000000000000f40933f084da8b783f584088b5d968acef3746ca6d63812b01b4f97466432eb300000000000000000000000000000000000000000000000000000000000000003edb6fa78f3d5ad8e97d99de8ca95184f0f6bbec580fa4a8b49f4aa36abb3f9680d09e84fa87b632eee1cb3767d7c817e4da5fd74affb094687a9fa35dd6a099947e0382bc53eb977eb1d6ccd7ed628dfa7e90360bfb2965678189018ab14ac4000746d17d63c5d59ebcb1f7a33c617aee7f8e849983a94df837dfca404eadb1a820a6b1153f8a08b3895e9985ef9bd768660aed9dbb6c7e3556e722c6158a1e9aedf8fcd1a2ea17fc1f136f6a5113e8ae6a8873898b4aa1ef1d78793d08d98ab30246657ac3c4837bbc8061ee4f35c52ca76c46fce1854f49f56ef5f31a67c440970000000000000000000000000000000000000000000000000000000000000000b3f7b56c05b0155683d4085bdaad4aa55ea78988468a8b43680176f6c7d8b75a0000000000000000000000000000000000000000000000000000000000000000025c48c9bf224d6e1fea9cb4a83504ffb059d13b4713b940e177161e99fa50b89a92e53a4fb20b3889387b2f1e779f5e85b5d04eec9b7488e4b7eb7cc663cc3b000000000000000000000000000000000000000000000000000000000000000000040001ad3228b676f7d3cd4284a5443f17f1962b36e491b30a40b2405849e597ba5fb50102df84da259136675f2fdfc9314218ea5fe48dbcbd12d0f28cd6e0ea04f9f20d0121ddb9a356815c3fac1026b6dec5df3124afbadb485c9ba5a3e3398a04b7ba85"
                }
            },
            {
                "key": "0x0d000000000000000000000000000000000000000000000000000000000000",