{
    "config": {
        "seed": "42",
        "max_steps": 4294967295,
        "safrole": false,
        "profile": {
            "full": null
        },
        "fuzzy_profile": {
            "full": null
        },
        "max_work_items": 3,
        "mutation_ratio": 0.0,
        "max_mutations": 0
    },
    "stats": {
        "steps": 5,
        "imported": 2,
        "import_max_step": 5,
        "import_min": 8.145677000000001,
        "import_max": 10.264656,
        "import_mean": 9.2051665,
        "import_p50": 10.264,
        "import_p75": 10.264,
        "import_p90": 10.264,
        "import_p99": 10.264,
        "import_std_dev": 1.498344420091889
    },
    "target": {
        "info": {
            "fuzz_version": 1,
            "fuzz_features": 2,
            "jam_version": {
                "major": 0,
                "minor": 7,
                "patch": 0
            },
            "app_version": {
                "major": 1,
                "minor": 0,
                "patch": 0
            },
            "app_name": "tessera-target"
        },
        "stats": {
            "steps": 5,
            "imported": 2,
            "import_max_step": 5,
            "import_min": 407.867479,
            "import_max": 551.51125,
            "import_mean": 479.6893645,
            "import_p50": 551.511,
            "import_p75": 551.511,
            "import_p90": 551.511,
            "import_p99": 551.511,
            "import_std_dev": 101.57148454930756
        }
    },
    "error": {
        "state_diff": {
            "roots": {
                "exp": "0xbe521e19d5126fb9ba1d66e9fa48202d81c914725fed385c98cfd95ab2fc89f8",
                "got": "0xbe5adf8515a5682f9bc8b7e3e0b893fa01807e4c3a280ab8fb180e4780d21186"
            },
            "keyvals": [
                {
                    "key": "0x0007000f00c20099c4e5e141bb649b125a3bd4a720134b005b535e0b7201d9",
                    "diff": {
                        "exp": "0x6259889a0d6b251c9cdc3415345a7ed1d7c879bb943601d6d10327c8b6645a3a",
                        "got": "0x"
                    }
                },
                {
                    "key": "0x000e00f500250079af77454ec8855fdef99481b0c73818c0f60c96fc5578dd",
                    "diff": {
                        "exp": "0xa06e698d52e508fd4ec877f65411fb5ce0e03c89f4acb87d42581b5f7fa76069",
                        "got": "0x"
                    }
                },
                {
                    "key": "0x002100530020005f30e50cd009085620fda9324c609079b8464cbf4f3829a0",
                    "diff": {
                        "exp": "0xce38df79d1184f1d65e4458c54dec2021826f85012aeefdf5558ecb43582b2d7",
                        "got": "0x"
                    }
                },
                {
                    "key": "0x00280008003d006dc5176a55ccf097f94d6b994772c42650181a8aaa9a1283",
                    "diff": {
                        "exp": "0x717f7119404ae6347e13ea28241c45405020c12ec92ef87cd265f85d92f469b4",
                        "got": "0x"
                    }
                },
                {
                    "key": "0x002b00ab00ab002b1a78ca8fbe31215d8b8384125b4342a662e9098eec0789",
                    "diff": {
                        "exp": "0x0f13a07a1f21a142b67941f9f18665011921020ba35117c05d8aaf63d1c0dced",
                        "got": "0x"
                    }
                },
                {
                    "key": "0x002d00da000b00daa0a4c7d0205b472fd45dc628ea4b8576096e4602e2e617",
                    "diff": {
                        "exp": "0x5d66274948c5908b2026ac207f26d9bbc44ee6d2ee7b9ff02319363d2bfb57fe",
                        "got": "0x"
                    }
                },
                {
                    "key": "0x004400b500a400aaa0d7f8eab5ca1cca4a0472988422febc68a6b6a944cabf",
                    "diff": {
                        "exp": "0x6019da5d",
                        "got": "0x3003889e"
                    }
                },
                {
                    "key": "0x00670042003d00acefed357efdbc102a458883131bf5a212589c42fc56cbe5",
                    "diff": {
                        "exp": "0x2d3878bf730e52fc9323e26ecfab467f714cb402365a1f6ddeb90e47c7bca2a6",
                        "got": "0x"
                    }
                },
                {
                    "key": "0x0073004500720018965e633f213e7b5dbb5fc8f03793a98909bdd61d0f94a8",
                    "diff": {
                        "exp": "0x645337402141253bc2b3e6ab8e02525ca1b129f0d6636c36437c75c8fb8cad96",
                        "got": "0x"
                    }
                },
                {
                    "key": "0x0077004f00e8009a6d16ee1b63f18c993234fff7f9f045f847ef7936ed2466",
                    "diff": {
                        "exp": "0x5ecb7fb55b883fca5207ebd3c5f522105de03ceba063035896eda97274c41293",
                        "got": "0x"
                    }
                },
                {
                    "key": "0x007a00a6005900fb3f29be5a2709a608b84b792664feac393216d80a7002cb",
                    "diff": {
                        "exp": "0xcf372f985fbc735cfc201cf8787330470f51b65a0f06d31efe431ab8daec77f8",
                        "got": "0x"
                    }
                },
                {
                    "key": "0x008200700076006ebd4eaa6199193e730143fd135d611e134a79834d83e3bd",
                    "diff": {
                        "exp": "0xa1e0d9702cc04caa7abe401d06def5bd15f986e9be21561d7a9f95a288640ae9",
                        "got": "0x"
                    }
                },
                {
                    "key": "0x0097003800c5000c807db117853370c2fbe58f9576b720c0bd872914f1879a",
                    "diff": {
                        "exp": "0x97c41f0fa4a974e7ed4a9bf1f4952c3f58882b6692e568e35c6341cd60ece618",
                        "got": "0x"
                    }
                },
                {
                    "key": "0x009a002f0056004055b7928083043f246018f40ec5027c7a4b9962f6b32ecc",
                    "diff": {
                        "exp": "0x99a654cfcd351fcee90356ebf00ccbbff6dbf7200c558bd9c308d4df43ce9fe5",
                        "got": "0x"
                    }
                },
                {
                    "key": "0x00be00c7002d00bd4ae3e4eb640f9a0862de5599c6f5ae7f421ccb03e83ca7",
                    "diff": {
                        "exp": "0xae509663529e793d4972ac64c1ec9ae5726ac00e4f8ff531ec77fd67a75ad70e",
                        "got": "0x"
                    }
                },
                {
                    "key": "0x00cc008b000600bc016adaf13fcdfeb0d2b363c122e4dc879de9b078d824ee",
                    "diff": {
                        "exp": "0xbb87245b820e5da9e7c1b3652a763e85dddbdaf36bca6fc0d5a8abcf2a527206",
                        "got": "0x"
                    }
                },
                {
                    "key": "0x00d80023003a0024d908c0287ee3aa15fe45198a3120d31bc920447b2ddde0",
                    "diff": {
                        "exp": "0x6d23dee612566197264d8d0c6d2c2663309ed949ce33f64f88987d1b681427d9",
                        "got": "0x"
                    }
                },
                {
                    "key": "0x00d8007b00aa0019278b07889b912a721d65cbccd7aee81686e53b66c83b5c",
                    "diff": {
                        "exp": "0x1b33df7651a7023bc1b1253597094bc7f8bc9f8cffc177ee3cb898f804e921ea",
                        "got": "0x"
                    }
                },
                {
                    "key": "0x00df00af002d002ac13ec5f74ffccdffd621c0d95b0230c47f638dfa1f63f8",
                    "diff": {
                        "exp": "0x3c461d7da031db480c94190fa11b48129b67643cad534ba0ebc53dce640008ea",
                        "got": "0x"
                    }
                },
                {
                    "key": "0x00ee006a00a9007953b04004d64312426477cb504ddccdd5a335447bdd337d",