{
    "config": {
        "seed": "42",
        "max_steps": 4294967295,
        "safrole": false,
        "profile": {
            "full": null
        },
        "fuzzy_profile": {
            "full": null
        },
        "max_work_items": 3,
        "mutation_ratio": 0.0,
        "max_mutations": 0
    },
    "stats": {
        "steps": 3,
        "imported": 2,
        "import_max_step": 3,
        "import_min": 1.5708980000000001,
        "import_max": 1.5914659999999998,
        "import_mean": 1.581182,
        "import_p50": 1.591,
        "import_p75": 1.591,
        "import_p90": 1.591,
        "import_p99": 1.591,
        "import_std_dev": 0.014543772275444617
    },
    "target": {
        "info": {
            "fuzz_version": 1,
            "fuzz_features": 2,
            "jam_version": {
                "major": 0,
                "minor": 7,
                "patch": 2
            },
            "app_version": {
                "major": 0,
                "minor": 0,
                "patch": 23
            },
            "app_name": "spacejam"
        },
        "stats": {
            "steps": 3,
            "imported": 1,
            "import_max_step": 2,
            "import_min": 9.234974,
            "import_max": 9.234974,
            "import_mean": 9.234974,
            "import_p50": 9.234974,
            "import_p75": 0.0,
            "import_p90": 9.234974,
            "import_p99": 0.0,
            "import_std_dev": 0.0
        }
    },
    "error": {
        "import_result_diff": {
            "exp": "ok",
            "got": "Parent mismatch, expected: 0x33528db919c17d481771bfeb988336266b5166b025a916e719fa5cada5092701, got: 0xd9ff4716d29f27db7a942e25527d3a38d8ec3e32b100974019e787120990a794"
        }
    }
}