{
    "config": {
        "seed": "42",
        "profile": {
            "empty": null
        },
        "safrole": false,
        "max_work_items": 1,
        "max_service_keys": 10,
        "mutation_ratio": 0.1,
        "max_mutations": 0,
        "max_steps": 10000
    },
    "stats": {
        "steps": 1,
        "imported": 1,
        "import_max_step": 1,
        "import_min": 8.895782,
        "import_max": 8.895782,
        "import_mean": 8.895782,
        "import_p50": 8.895782,
        "import_p75": 0.0,
        "import_p90": 8.895782,
        "import_p99": 0.0,
        "import_std_dev": 0.0
    },
    "target": {
        "info": {
            "fuzz_version": 1,
            "fuzz_features": 2,
            "jam_version": {
                "major": 0,
                "minor": 7,
                "patch": 0
            },
            "app_version": {
                "major": 0,
                "minor": 1,
                "patch": 0
            },
            "app_name": "boka-fuzzing-target"
        },
        "stats": {
            "steps": 1,
            "imported": 1,
            "import_max_step": 1,
            "import_min": 24.970495999999997,
            "import_max": 24.970495999999997,
            "import_mean": 24.970495999999997,
            "import_p50": 24.970495999999997,
            "import_p75": 0.0,
            "import_p90": 24.970495999999997,
            "import_p99": 0.0,
            "import_std_dev": 0.0
        }
    },
    "state_diff": {
        "roots": {
            "exp": "0xc48fa1bf0329d3acb173fb0fd10eb4c6bb34f9d083dbf78eef278ab886c8dc7a",
            "got": "0x2ffd7bffb9b29732a33106a234ae17d9d3911302ce0fc585f159908631fd8ae0"
        },
        "keyvals": [
            {
                "key": "0x0d000000000000000000000000000000000000000000000000000000000000",
                "diff": {
                    "exp": "0x0100000000000000000000000000000004000000070000000100000000000000000000000000000003000000080000000100000000000000010000003466010003000000080000000200000000000000030000009c3204000400000008000000010000000000000000000000000000000200000008000000020000000000000000000000000000000300000007000000020000000000000000000000000000000300000008000000000000000000000000000000000000000300000006000000010000000000000000000000000000000300000008000000040000000000000001000000346601000300000006000000020000000000000000000000000000000300000009000000020000000000000000000000000000000300000009000000814306000000000000000300000000000002c06d7957000000000000000001c0196400009b4560de00000000000000000000019d8a",
                    "got": "0x0100000000000000000000000000000004000000070000000100000000000000000000000000000003000000080000000100000000000000010000003466010003000000080000000200000000000000030000009c3204000400000008000000010000000000000000000000000000000200000008000000020000000000000000000000000000000300000007000000020000000000000000000000000000000300000008000000000000000000000000000000000000000300000006000000010000000000000000000000000000000300000008000000040000000000000001000000346601000300000006000000020000000000000000000000000000000300000009000000020000000000000000000000000000000300000009000000814306000000000000000300000000000002c06d7957000000000000000001c08b6500009b4560de00000000000000000000019dbf"
                }
            },
            {
                "key": "0xc0bf6d8079c45715a6de0d53b81f75fb91e9487af71c623599e8ecb38e7204",
                "diff": {
                    "exp": "0x01000000",
                    "got": "0x00000000"
                }
            }
        ]
    },
    "import_diff": null
}
