{
  "info": {
    "name": "jamzig-target",
    "app_version": {
      "major": 0,
      "minor": 1,
      "patch": 0
    },
    "jam_version": {
      "major": 0,
      "minor": 7,
      "patch": 0
    }
  },
  "stats": {
    "steps": 100,
    "imported": 100,
    "import_max_step": 12,
    "import_min": 2.5733829999999998,
    "import_max": 35.369513999999995,
    "import_mean": 4.73248454,
    "import_p50": 2.842,
    "import_p75": 2.994,
    "import_p90": 3.281,
    "import_p99": 25.212,
    "import_std_dev": 6.438620133752518
  }
}
