{
  "info": {
    "name": "jamzig-target",
    "app_version": {
      "major": 0,
      "minor": 1,
      "patch": 0
    },
    "jam_version": {
      "major": 0,
      "minor": 7,
      "patch": 0
    }
  },
  "stats": {
    "steps": 100,
    "imported": 100,
    "import_max_step": 80,
    "import_min": 2.5058860000000003,
    "import_max": 29.146110999999998,
    "import_mean": 13.735183220000001,
    "import_p50": 11.552,
    "import_p75": 19.559,
    "import_p90": 26.558,
    "import_p99": 28.327,
    "import_std_dev": 9.240233792196644
  }
}
