{
  "info": {
    "name": "jamzig-target",
    "app_version": {
      "major": 0,
      "minor": 1,
      "patch": 0
    },
    "jam_version": {
      "major": 0,
      "minor": 7,
      "patch": 0
    }
  },
  "stats": {
    "steps": 100,
    "imported": 100,
    "import_max_step": 8,
    "import_min": 2.7132929999999997,
    "import_max": 85.71292899999999,
    "import_mean": 24.765312759999997,
    "import_p50": 22.554,
    "import_p75": 37.016,
    "import_p90": 54.936,
    "import_p99": 82.357,
    "import_std_dev": 22.240683212535608
  }
}
