{
  "info": {
    "name": "jamzig-target",
    "app_version": {
      "major": 0,
      "minor": 1,
      "patch": 0
    },
    "jam_version": {
      "major": 0,
      "minor": 7,
      "patch": 0
    }
  },
  "stats": {
    "steps": 100,
    "imported": 100,
    "import_max_step": 96,
    "import_min": 1.0965070000000001,
    "import_max": 73.73378199999999,
    "import_mean": 19.28377246,
    "import_p50": 16.971,
    "import_p75": 29.456,
    "import_p90": 43.226,
    "import_p99": 62.058,
    "import_std_dev": 17.96754020830292
  }
}
