{
    "config": {
        "seed": "42",
        "max_steps": 4294967295,
        "safrole": false,
        "profile": {
            "full": null
        },
        "fuzzy_profile": {
            "full": null
        },
        "max_work_items": 3,
        "mutation_ratio": 0.0,
        "max_mutations": 0
    },
    "stats": {
        "steps": 3,
        "imported": 1,
        "import_max_step": 3,
        "import_min": 7.984615000000001,
        "import_max": 7.984615000000001,
        "import_mean": 7.984615000000001,
        "import_p50": 7.984615000000001,
        "import_p75": 0.0,
        "import_p90": 7.984615000000001,
        "import_p99": 0.0,
        "import_std_dev": 0.0
    },
    "target": {
        "info": {
            "fuzz_version": 1,
            "fuzz_features": 2,
            "jam_version": {
                "major": 0,
                "minor": 7,
                "patch": 2
            },
            "app_version": {
                "major": 0,
                "minor": 0,
                "patch": 2
            },
            "app_name": "strawberry"
        },
        "stats": {
            "steps": 3,
            "imported": 1,
            "import_max_step": 3,
            "import_min": 16.163259,
            "import_max": 16.163259,
            "import_mean": 16.163259,
            "import_p50": 16.163259,
            "import_p75": 0.0,
            "import_p90": 16.163259,
            "import_p99": 0.0,
            "import_std_dev": 0.0
        }
    },
    "error": {
        "state_diff": {
            "roots": {
                "exp": "0x9d25d2079d654ba5f615625686e2788150e726a654c61c3c7ee5d31e803ba390",
                "got": "0x9e2790eff69f1632aba28f28d675467fa7acc0a1486c48a16e13b92d7be8750a"
            },
            "keyvals": [
                {
                    "key": "0x0d000000000000000000000000000000000000000000000000000000000000",
                    "diff": {
                        "exp": "0x020000000000000000000000000000000500000009000000000000000000000000000000000000000500000008000000010000000000000003000000b7ab0600070000000a0000000400000000000000020000007a7204000700000008000000020000000000000000000000000000000500000009000000020000000000000000000000000000000700000009000000000000000000000000000000000000000000000000000000000000000000000000000000000000000000000000000000000000000000000000000000000000000000000000000000000000000000000000000000000000000000000000000000000000000000000000000000000000000000000000000000000000000000000000000000000000000000000000000000000300000000000093540600278a40009258ad740600000000000000000000000001b02a0ef9382000000296a40014853e0001b02a38f9382000000296d0001385020002c054601ff6a732000000000000000001b02a49f6a73201c23d39000000000000000076d3909701c23d390000000000000000",
                        "got": "0x020000000000000000000000000000000500000009000000000000000000000000000000000000000500000008000000010000000000000003000000b7ab0600070000000a0000000400000000000000020000007a7204000700000008000000020000000000000000000000000000000500000009000000020000000000000000000000000000000700000009000000000000000000000000000000000000000000000000000000000000000000000000000000000000000000000000000000000000000000000000000000000000000000000000000000000000000000000000000000000000000000000000000000000000000000000000000000000000000000000000000000000000000000000000000000000000000000000000000000000300000000000093540600278a40009258ad740600000000000000000000000001b02a0ef9382000000296a40014853e0001b02a38f9382000000296d0001385020002b9821ff6a732000000000000000001b02a49f6a73201c23d39000000000000000076d3909701c23d390000000000000000"
                    }
                },
                {
                    "key": "0x38d7f94538b720fec13e507a95e86ec03add50794acc76edd9370aca5ecbf2",
                    "diff": {
                        "exp": "0x32218fc721a5e8a4",
                        "got": "0xb2809c382b88c365"
                    }
                },
                {
                    "key": "0x38d9f9d838c720a728716601ff41b69f853105e6485a79109d4d3e252fb630",
                    "diff": {
                        "exp": "0x09000000000ef9382038f938201ff6a73249f6a732286e60b76d9224ef979224efea4aa689",
                        "got": "0x09000000000ef9382038f938201ff6a73249f6a732286e60b76d9224ef979224efa5c9cb59"
                    }
                }
            ]
        }
    }
}