{
    "config": {
        "seed": "42",
        "profile": {
            "empty": null
        },
        "safrole": false,
        "max_work_items": 1,
        "max_service_keys": 10,
        "mutation_ratio": 0.1,
        "max_mutations": 0,
        "max_steps": 10000
    },
    "stats": {
        "steps": 1,
        "imported": 1,
        "import_max_step": 1,
        "import_min": 9.392813,
        "import_max": 9.392813,
        "import_mean": 9.392813,
        "import_p50": 9.392813,
        "import_p75": 0.0,
        "import_p90": 9.392813,
        "import_p99": 0.0,
        "import_std_dev": 0.0
    },
    "target": {
        "info": {
            "fuzz_version": 1,
            "fuzz_features": 2,
            "jam_version": {
                "major": 0,
                "minor": 7,
                "patch": 0
            },
            "app_version": {
                "major": 0,
                "minor": 1,
                "patch": 0
            },
            "app_name": "jamzilla"
        },
        "stats": {
            "steps": 1,
            "imported": 1,
            "import_max_step": 1,
            "import_min": 27.766799000000002,
            "import_max": 27.766799000000002,
            "import_mean": 27.766799000000002,
            "import_p50": 27.766799000000002,
            "import_p75": 0.0,
            "import_p90": 27.766799000000002,
            "import_p99": 0.0,
            "import_std_dev": 0.0
        }
    },
    "state_diff": {
        "roots": {
            "exp": "0x04b9d6c78d31d8fdfa528ea011e314718b1e727c08a173823549b4c9b76965f9",
            "got": "0x921526f046a772dc9ea07adfaa3bbbef8e57c499187106c13c6da0da2eaa675a"
        },
        "keyvals": [
            {
                "key": "0xff9b0045006000de0000000000000000000000000000000000000000000000",
                "diff": {
                    "exp": "0x6c322032f9ffb452de811d2db63f5b654aefeeff6195f50f19c2c8598d0b8ae5fcd10200000000001027000000000000102700000000000035670100000000000000000000000000030000000e0000000000000000000000",
                    "got": "0x6c322032f9ffb452de811d2db63f5b654aefeeff6195f50f19c2c8598d0b8ae5fcd10200000000001027000000000000102700000000000085660100000000000000000000000000020000000e0000000000000000000000"
                }
            }
        ]
    },
    "import_diff": null
}
