{
    "config": {
        "seed": "42",
        "profile": {
            "empty": null
        },
        "safrole": false,
        "max_work_items": 1,
        "max_service_keys": 10,
        "mutation_ratio": 0.1,
        "max_mutations": 0,
        "max_steps": 10000
    },
    "stats": {
        "steps": 1,
        "imported": 1,
        "import_max_step": 1,
        "import_min": 8.19953,
        "import_max": 8.19953,
        "import_mean": 8.19953,
        "import_p50": 8.19953,
        "import_p75": 0.0,
        "import_p90": 8.19953,
        "import_p99": 0.0,
        "import_std_dev": 0.0
    },
    "target": {
        "info": {
            "fuzz_version": 1,
            "fuzz_features": 2,
            "jam_version": {
                "major": 0,
                "minor": 7,
                "patch": 0
            },
            "app_version": {
                "major": 0,
                "minor": 0,
                "patch": 1
            },
            "app_name": "strawberry"
        },
        "stats": {
            "steps": 1,
            "imported": 1,
            "import_max_step": 1,
            "import_min": 45.331177,
            "import_max": 45.331177,
            "import_mean": 45.331177,
            "import_p50": 45.331177,
            "import_p75": 0.0,
            "import_p90": 45.331177,
            "import_p99": 0.0,
            "import_std_dev": 0.0
        }
    },
    "state_diff": {
        "roots": {
            "exp": "0x97d5f18d46ac1e030b8e08e5a3a368cee39f44ba3f0a48ed372d69e6b31864f6",
            "got": "0xef70878401085f898bfdaa488e3714308f4ef272190407c5d23776f1064b3a27"
        },
        "keyvals": [
            {
                "key": "0x0d000000000000000000000000000000000000000000000000000000000000",
                "diff": {
                    "exp": "0x00000000000000000000000000000000060000000c00000004000000000000000000000000000000060000000b00000003000000000000000000000000000000070000000a00000003000000000000000000000000000000070000000c00000002000000000000000000000000000000060000000900000000000000000000000000000000000000070000000b00000000000000000000000000000000000000030000000800000002000000000000000000000000000000040000000900000002000000000000000000000000000000040000000800000002000000000000000000000000000000040000000a000000050000000000000000000000000000000300000009000000010000000000000000000000000000000300000009000000811306000000008173890a8113060000000000000300000000000000000000000001b44b00001511c85e000000000000000001c02159000047ab06be000001890a0000000000000000",
                    "got": "0x00000000000000000000000000000000060000000c00000004000000000000000000000000000000060000000b00000003000000000000000000000000000000070000000a00000003000000000000000000000000000000070000000c00000002000000000000000000000000000000060000000900000000000000000000000000000000000000070000000b00000000000000000000000000000000000000030000000800000002000000000000000000000000000000040000000900000002000000000000000000000000000000040000000800000002000000000000000000000000000000040000000a000000050000000000000000000000000000000300000009000000010000000000000000000000000000000300000009000000811306000000008173890a8113060000000000000300000000000000000000000001b44b00001511c85e000000000000000001c0a867000047ab06be000001890a0000000000000000"
                }
            },
            {
                "key": "0x156a11aec8a35eb8c876e335de632eac1b2705f8a5476ffb5c0499d95bd432",
                "diff": {
                    "exp": "0x8015846ead92ad7b",
                    "got": "0xf8f2976e44f600ce"
                }
            },
            {
                "key": "0x15a41194c82a5eeede34e52ce402f065eb04bfaee62f20ec7e0a4c3eb3f5ef",
                "diff": {
                    "exp": "0x10000000",
                    "got": "0x11000000"
                }
            },
            {
                "key": "0x15f811e9c8c65ed9d891b7f383ca393e9934e324cd5c2fa0a6dade41413612",
                "diff": {
                    "exp": "0x0b00000000610da4fe83c5d7537bb06382af59e77247ab06be1511c85ec1070ce3c3e22e791228397a2d1f4a28",
                    "got": "0x0b610da4fe47ab06be1511c85e1228397a7bb06382af59e772c1070ce3c3e22e790000000083c5d75355bf9e27"
                }
            }
        ]
    },
    "import_diff": null
}
