{
    "config": {
        "seed": "42",
        "profile": {
            "fuzzy": null
        },
        "safrole": false,
        "max_work_items": 1,
        "max_service_keys": 10,
        "mutation_ratio": 0.1,
        "max_mutations": 0,
        "max_steps": 10000
    },
    "stats": {
        "steps": 1,
        "imported": 1,
        "import_max_step": 1,
        "import_min": 10.833199,
        "import_max": 10.833199,
        "import_mean": 10.833199,
        "import_p50": 10.833199,
        "import_p75": 0.0,
        "import_p90": 10.833199,
        "import_p99": 0.0,
        "import_std_dev": 0.0
    },
    "target": {
        "info": {
            "fuzz_version": 1,
            "fuzz_features": 2,
            "jam_version": {
                "major": 0,
                "minor": 7,
                "patch": 2
            },
            "app_version": {
                "major": 0,
                "minor": 2,
                "patch": 6
            },
            "app_name": "Jamixir"
        },
        "stats": {
            "steps": 1,
            "imported": 1,
            "import_max_step": 1,
            "import_min": 15.970075999999999,
            "import_max": 15.970075999999999,
            "import_mean": 15.970075999999999,
            "import_p50": 15.970075999999999,
            "import_p75": 0.0,
            "import_p90": 15.970075999999999,
            "import_p99": 0.0,
            "import_std_dev": 0.0
        }
    },
    "state_diff": {
        "roots": {
            "exp": "0xef0a8916d7e2a0421ecfe5e6f534bf07482f557456a77b1a17e027251e43bacd",
            "got": "0xa12e3ae4717bc0904ef894709e8186436f811181b0d240b3fb3bdc2e29584566"
        },
        "keyvals": [
            {
                "key": "0x00450019006a0051135ef0225518c5ddc999419ffbf52cf2d4213d55af782e",
                "diff": {
                    "exp": "0x01000000",
                    "got": "0x"
                }
            },
            {
                "key": "0x00f00078008e0099cd2569e9ccf2045b86062b3e1b16723b5cd83807dab284",
                "diff": {
                    "exp": "0x000000005d7b000000000000726566696c6c0000000000000000000000000000000000000000000000000000000000000000000000000000000000000000000000000000000000000000000000000000000000000000000000000000000000000000000000000000000000000000000000000000000000000000000000000000000000000000000000000000",
                    "got": "0x"
                }
            },
            {
                "key": "0x0d000000000000000000000000000000000000000000000000000000000000",
                "diff": {
                    "exp": "0x01000000000000000000000000000000010000000300000000000000000000000000000000000000020000000200000000000000000000000000000000000000020000000300000002000000000000000000000000000000010000000200000000000000000000000000000000000000010000000200000001000000000000000000000000000000020000000200000000000000000000000000000000000000000000000000000000000000000000000000000000000000000000000000000000000000000000000000000000000000000000000000000000000000000000000000000000000000000000000000000000000000000000000000000000000000000000000000000000000000000000000000000000000000000000000000000084ba0500000000000085320600000000856bc0a4ec0100000000000005c0a4ec000000000bc4be2e",
                    "got": "0x01000000000000000000000000000000010000000300000000000000000000000000000000000000020000000200000000000000000000000000000000000000020000000300000002000000000000000000000000000000010000000200000000000000000000000000000000000000010000000200000001000000000000000000000000000000020000000200000000000000000000000000000000000000000000000000000000000000000000000000000000000000000000000000000000000000000000000000000000000000000000000000000000000000000000000000000000000000000000000000000000000000000000000000000000000000000000000000000000000000000000000000000000000000000000000000000084ba0500000000000085320600000000856bc0a4ec0100000000000005c0a4ec000000000bc48408"
                }
            },
            {
                "key": "0xff000000000000000000000000000000000000000000000000000000000000",
                "diff": {
                    "exp": "0x00f45d36b7af68cdd48be8b7793cff734678e8fcad41902f07fbb43837077756870da2daffffffffff0a000000000000000a000000000000001d1a020000000000ffffffffffffffff08000000000000000400000000000000",
                    "got": "0x00f45d36b7af68cdd48be8b7793cff734678e8fcad41902f07fbb43837077756870da2daffffffffff0a000000000000000a000000000000003219020000000000ffffffffffffffff06000000000000000400000000000000"
                }
            }
        ]
    },
    "import_diff": null
}
