{
    "config": {
        "seed": "42",
        "profile": {
            "empty": null
        },
        "safrole": false,
        "max_work_items": 1,
        "max_service_keys": 10,
        "mutation_ratio": 0.1,
        "max_mutations": 0,
        "max_steps": 10000
    },
    "stats": {
        "steps": 1,
        "imported": 1,
        "import_max_step": 1,
        "import_min": 16.895943,
        "import_max": 16.895943,
        "import_mean": 16.895943,
        "import_p50": 16.895943,
        "import_p75": 0.0,
        "import_p90": 16.895943,
        "import_p99": 0.0,
        "import_std_dev": 0.0
    },
    "target": {
        "info": {
            "fuzz_version": 1,
            "fuzz_features": 0,
            "jam_version": {
                "major": 0,
                "minor": 7,
                "patch": 0
            },
            "app_version": {
                "major": 0,
                "minor": 0,
                "patch": 1
            },
            "app_name": "gossamer-jam"
        },
        "stats": {
            "steps": 1,
            "imported": 1,
            "import_max_step": 1,
            "import_min": 147.58259700000002,
            "import_max": 147.58259700000002,
            "import_mean": 147.58259700000002,
            "import_p50": 147.58259700000002,
            "import_p75": 0.0,
            "import_p90": 147.58259700000002,
            "import_p99": 0.0,
            "import_std_dev": 0.0
        }
    },
    "state_diff": {
        "roots": {
            "exp": "0x5fb14c2160b3d874a2942d1894282b33d0660b6602d68c3d577480a1843d1ac6",
            "got": "0xda8c9f4e328c5a27e715fdd52a6d03ec1dcd607782dedcdd17f2e6548b39c558"
        },
        "keyvals": [
            {
                "key": "0x0d000000000000000000000000000000000000000000000000000000000000",
                "diff": {
                    "exp": "0x03000000000000000000000000000000050000000b00000006000000000000000100000020000000050000000b00000002000000000000000000000000000000030000000a00000000000000000000000000000000000000030000000b00000001000000000000000000000000000000050000000b00000000000000000000000000000000000000030000000b00000003000000000000000000000000000000060000000c00000002000000000000000000000000000000060000000c00000000000000000000000000000000000000060000000c00000002000000000000000000000000000000060000000c00000003000000000000000000000000000000060000000b00000002000000000000000000000000000000060000000c000000810f05000000000000810f0500000000810f8bc702e3ce75a6000000000000000001c0a58b0000622ae7be0000018bc70000000001c0244c0000",
                    "got": "0x03000000000000000000000000000000050000000b00000006000000000000000100000020000000050000000b00000002000000000000000000000000000000030000000a00000000000000000000000000000000000000030000000b00000001000000000000000000000000000000050000000b00000000000000000000000000000000000000030000000b00000003000000000000000000000000000000060000000c00000002000000000000000000000000000000060000000c00000000000000000000000000000000000000060000000c00000002000000000000000000000000000000060000000c00000003000000000000000000000000000000060000000b00000002000000000000000000000000000000060000000c000000810f05000000000000810f0500000000810f8bc702e3ce75a6000000000000000001c0c28c0000622ae7be0000018bc70000000001c0244c0000"
                }
            }
        ]
    },
    "import_diff": null
}
