{
    "config": {
        "seed": "42",
        "profile": {
            "Empty": null
        },
        "safrole": false,
        "max_work_items": 1,
        "max_service_keys": 10,
        "mutation_ratio": 0.1,
        "max_mutations": 0,
        "max_steps": 10000
    },
    "stats": {
        "steps": 1,
        "imported": 1,
        "import_max_step": 1,
        "import_min": 16.689095000000002,
        "import_max": 16.689095000000002,
        "import_mean": 16.689095000000002,
        "import_p50": 16.689095000000002,
        "import_p75": 0.0,
        "import_p90": 16.689095000000002,
        "import_p99": 0.0,
        "import_std_dev": 0.0
    },
    "target": {
        "info": {
            "name": "jamzilla",
            "app_version": {
                "major": 0,
                "minor": 1,
                "patch": 0
            },
            "jam_version": {
                "major": 0,
                "minor": 7,
                "patch": 0
            }
        },
        "stats": {
            "steps": 1,
            "imported": 1,
            "import_max_step": 1,
            "import_min": 30.597905,
            "import_max": 30.597905,
            "import_mean": 30.597905,
            "import_p50": 30.597905,
            "import_p75": 0.0,
            "import_p90": 30.597905,
            "import_p99": 0.0,
            "import_std_dev": 0.0
        }
    },
    "diff": {
        "roots": {
            "exp": "0x1eda0f07f1fdbf80982ca62b244661e1070b2019ddc3af9f98dff302f022c06c",
            "got": "0x758e146946ee13a2ad45b0c7548cb9cbaa8b2fc61eeb869bb4132d51abecf39e"
        },
        "keyvals": [
            {
                "key": "0x03000000000000000000000000000000000000000000000000000000000000",
                "diff": {
                    "exp": "0x0855f8aa448098c9b93acdf019bca709474e6696bc6f33b32887c738eede79dc65b895cab51fa8e92c86446de8b99f99cf67e19fe09681280401861cd32e91aed1b936b6ee5ec3ee9fc2439799aa179b19971d06439d5436ae8d000d8597bc3468022386e08ca01d8436abca7c249d63736aade1e27d719a1136ead57e29c2bef1470000000000000000000000000000000000000000000000000000000000000000fc46e1d9d931b8a3ee99f61d3ee2ca46a2946b43ce77cc20c9d30284a33678ec000000000000000000000000000000000000000000000000000000000000000029e486638c210a5d09798c994ca86caee3ece1372849d4e81566a25c448b847970fa8a44bbb7d7311cc7772df4450e7bbe0289642d41fa1c817f6f6fb7a98fb39078ba611d1ea73307d252f3c9f45fb8d908bc4a8f5e83a8e57af8278b9862d900671dd1ad10791e19f707fb1c3c3b109643f0afcd7f90b6eb3b216acfa0242ad20bb0e9bfce59e60459c82f51884c320cc2493d557b28021c68957ae50f904c000e27706f3c910b43a85c317c433995b4c8f921823af7e2848dc2728858965492018631c3bb4b0966c6211ee22c216052069380772d9e50a0251a354b4ba59c56e3000000000000000000000000000000000000000000000000000000000000000049868660514b8904c5f5d534e37d6c8a7926c93a9dfe366c0f89249d97bb04e64750728b0ab5be38f436461d31859fbd569f2100a4314e4cbdbc061015468cd1e799fc4cb5b9f0ff865246956c7e996dff9025b86a04f33e60a21a90b7e9eec70243bc5127f503f7a739a6b2f6f9ab2eda352943b690cab69a6ca9d46dc9c60f980000000000000000000000000000000000000000000000000000000000000000acc7d4cea9ebcea6b6021b0ba6ae13f61081e91a1391b3d8851db3eb47e757e10000000000000000000000000000000000000000000000000000000000000000fd95c1b15891f73583ca1ad0a1ccd77414bfbf930d88b07343d199e28ce0ea8121e9f7a6f7b7c800aac54a8d6639d648af1f870ba44247d402efad0dae522ed53e8c90a9d628bbc5f6b94d16d12235befd8b8153e0b528f3fa15a0b86fcdff98000c9b0bfe0e1055f454ef52ed419f329991852400f8a93d565dde37a07cb15f2d717a3b68bb1447e56fd580c4dbf52e037e94b587143aff93a9aff74ba53cc66190b99f280a5c5539eeb27697963660cffa896d8523d14cc56cc05105138a7ceb01f8dc91932c0eef326fa3b09e87bedc421911c8cd61e428430576f77538b5985600000000000000000000000000000000000000000000000000000000000000003c11973a25aa3e24735a69bc9c3a89e2e9f802c8c58319fbdffccefdfad8144fc18094139f16e443fedb4de919ffdd81e918fd9cbf160e8b787210cf3da12f0bd1754a90bfae397764c021bbdabb13172718f5fc3c5a0be753189f47d84ac0e501f518d61065fa5486674b1f66786b599e84e80f7470d245b5e4e562da7d8b2ce700000000000000000000000000000000000000000000000000000000000000001a6c903fceb35935ea706e0d7fb05d255d5e5b07853703245ee10cc9bd00b0aa4ef0b744fcced0dbab2d8e614085d9ca6c01a4f3799d002fafb878b21f305f59000000000000000000000000000000000000000000000000000000000000000001d0de882fd192cf02bd5ac0edc981c20645c8f0f08d5778739b438d1c5812b52900000000000000000000000000000000000000000000000000000000000000000501ca9c49ef1ceb3832203c6976cc5997cca5ec4cfb953caace76ef0dec5fe2fe450001f68ef7fb67b7672a892033ce888dd5a5c329a713deeebd26b0dc6cd4a928ec1d00010bb0e9bfce59e60459c82f51884c320cc2493d557b28021c68957ae50f904c00",
                    "got": "0x0855f8aa448098c9b93acdf019bca709474e6696bc6f33b32887c738eede79dc65b895cab51fa8e92c86446de8b99f99cf67e19fe09681280401861cd32e91aed1b936b6ee5ec3ee9fc2439799aa179b19971d06439d5436ae8d000d8597bc3468022386e08ca01d8436abca7c249d63736aade1e27d719a1136ead57e29c2bef1470000000000000000000000000000000000000000000000000000000000000000fc46e1d9d931b8a3ee99f61d3ee2ca46a2946b43ce77cc20c9d30284a33678ec000000000000000000000000000000000000000000000000000000000000000029e486638c210a5d09798c994ca86caee3ece1372849d4e81566a25c448b847970fa8a44bbb7d7311cc7772df4450e7bbe0289642d41fa1c817f6f6fb7a98fb39078ba611d1ea73307d252f3c9f45fb8d908bc4a8f5e83a8e57af8278b9862d900671dd1ad10791e19f707fb1c3c3b109643f0afcd7f90b6eb3b216acfa0242ad20bb0e9bfce59e60459c82f51884c320cc2493d557b28021c68957ae50f904c000e27706f3c910b43a85c317c433995b4c8f921823af7e2848dc2728858965492018631c3bb4b0966c6211ee22c216052069380772d9e50a0251a354b4ba59c56e3000000000000000000000000000000000000000000000000000000000000000049868660514b8904c5f5d534e37d6c8a7926c93a9dfe366c0f89249d97bb04e64750728b0ab5be38f436461d31859fbd569f2100a4314e4cbdbc061015468cd1e799fc4cb5b9f0ff865246956c7e996dff9025b86a04f33e60a21a90b7e9eec70243bc5127f503f7a739a6b2f6f9ab2eda352943b690cab69a6ca9d46dc9c60f980000000000000000000000000000000000000000000000000000000000000000acc7d4cea9ebcea6b6021b0ba6ae13f61081e91a1391b3d8851db3eb47e757e10000000000000000000000000000000000000000000000000000000000000000fd95c1b15891f73583ca1ad0a1ccd77414bfbf930d88b07343d199e28ce0ea8121e9f7a6f7b7c800aac54a8d6639d648af1f870ba44247d402efad0dae522ed53e8c90a9d628bbc5f6b94d16d12235befd8b8153e0b528f3fa15a0b86fcdff98000c9b0bfe0e1055f454ef52ed419f329991852400f8a93d565dde37a07cb15f2d717a3b68bb1447e56fd580c4dbf52e037e94b587143aff93a9aff74ba53cc66190b99f280a5c5539eeb27697963660cffa896d8523d14cc56cc05105138a7ceb01f8dc91932c0eef326fa3b09e87bedc421911c8cd61e428430576f77538b5985600000000000000000000000000000000000000000000000000000000000000003c11973a25aa3e24735a69bc9c3a89e2e9f802c8c58319fbdffccefdfad8144fc18094139f16e443fedb4de919ffdd81e918fd9cbf160e8b787210cf3da12f0bd1754a90bfae397764c021bbdabb13172718f5fc3c5a0be753189f47d84ac0e501f518d61065fa5486674b1f66786b599e84e80f7470d245b5e4e562da7d8b2ce700000000000000000000000000000000000000000000000000000000000000001a6c903fceb35935ea706e0d7fb05d255d5e5b07853703245ee10cc9bd00b0aa33f254769f0e54e826ac56064219e5180b984c71b7d92032fe934a0f825eb441000000000000000000000000000000000000000000000000000000000000000001d0de882fd192cf02bd5ac0edc981c20645c8f0f08d5778739b438d1c5812b529000000000000000000000000000000000000000000000000000000000000000005016664183e03f45e4c93cb70a7b8f8e5bde40d562d2b3ec83dc308b5ab8e96130c0001f68ef7fb67b7672a892033ce888dd5a5c329a713deeebd26b0dc6cd4a928ec1d00010bb0e9bfce59e60459c82f51884c320cc2493d557b28021c68957ae50f904c00"
                }
            },
            {
                "key": "0x10000000000000000000000000000000000000000000000000000000000000",
                "diff": {
                    "exp": "0x0278e9488e19d2e272f05d7919c9ac2104053a1b8a9a2f66142c8513df3c41e2f12dfc45bd8c2ae7be6126218343e0b061c455212ba07476c7b2db3810040d37328095e88a9b46a9a3",
                    "got": "0x028c2ae7be6126218343e0b061c455212ba07476c7b2db3810040d37328095e88a9b46a9a378e9488e19d2e272f05d7919c9ac2104053a1b8a9a2f66142c8513df3c41e2f12dfc45bd"
                }
            }
        ]
    }
}
