{
    "config": {
        "seed": "42",
        "max_steps": 4294967295,
        "safrole": false,
        "profile": {
            "full": null
        },
        "fuzzy_profile": {
            "full": null
        },
        "max_work_items": 3,
        "mutation_ratio": 0.0,
        "max_mutations": 0
    },
    "stats": {
        "steps": 5,
        "imported": 1,
        "import_max_step": 5,
        "import_min": 8.762515,
        "import_max": 8.762515,
        "import_mean": 8.762515,
        "import_p50": 8.762515,
        "import_p75": 0.0,
        "import_p90": 8.762515,
        "import_p99": 0.0,
        "import_std_dev": 0.0
    },
    "target": {
        "info": {
            "fuzz_version": 1,
            "fuzz_features": 2,
            "jam_version": {
                "major": 0,
                "minor": 7,
                "patch": 2
            },
            "app_version": {
                "major": 0,
                "minor": 1,
                "patch": 26
            },
            "app_name": "FastRoll"
        },
        "stats": {
            "steps": 5,
            "imported": 1,
            "import_max_step": 5,
            "import_min": 7.953323999999999,
            "import_max": 7.953323999999999,
            "import_mean": 7.953323999999999,
            "import_p50": 7.953323999999999,
            "import_p75": 0.0,
            "import_p90": 7.953323999999999,
            "import_p99": 0.0,
            "import_std_dev": 0.0
        }
    },
    "error": {
        "state_diff": {
            "roots": {
                "exp": "0x0709d109f068febd16f3f2bf20698ea160f2504e53e4ed37de98dd3f4b816699",
                "got": "0xf228e030a6c1832e902c5bdbea0ffb9ef2df1aa233e0e6307e87350ae7d7a09f"
            },
            "keyvals": [
                {
                    "key": "0x03000000000000000000000000000000000000000000000000000000000000",
                    "diff": {
                        "exp": "0x08c2e624ebd82beaeeb1ff76220445facfff2a9c6ed762ff7ff9aa729bd02df4225775318bbb491dd32d80d31a41194bca7c05a329970c0c1b761aec550a2b08dcde7a0bb36b9ced8998ebd955b4a15d6a18c00854b68c012a7c22f1183d2bccb401d41b76069f8c6664b4cb5cb22fe73dc812fdc55d757a4da4f5077ab65273f5af0000000000000000000000000000000000000000000000000000000000000000870d22b608b351d7c92ef9373271d13ace77a147be6ca17ad1e524acab4c5ac3d6d1b1fcf7abd8a67dd2070862f9bf34e385a9e46e4e4854d9f71e8486eed4ae636fcd9af71b31e597f003d750c8c5d691c09b5491693a7b140bfa7b1956023c014c408076a2feb168381e87acdcf112c98d54208b3eeca7547add77b4d26a30e7000000000000000000000000000000000000000000000000000000000000000067f9a9a714ce3a125516dfc7f860d457256ae7206926cff28efed111e570c959afc1c3cb12cb398fec1ec6aab6b43fdb403500f8d0269b2c2d7ebbb53f39f8242df053a2b4893c3d543c35dac49b4cbbb2fbdcc594323753b05a4a50a6e547d70143d50ea61bb4aa5f9f8cd8e42395830f7b8659f3b82a834573e60754a458f0a10000000000000000000000000000000000000000000000000000000000000000f5698985c723f5230d7167457975bd35c1c7531b8ae703ce2c3e33461138226921970dd60c7a2f38c880758fb7f14b3cb671988ec69c5431df8dff7872a843fb6b3967b0d7230e406f4bb3df87eeb2bfa99d6b785b74d364abf6c567c884aadb005d957274c5ec7915c96333332a6bf2060bf14448096af6cc52fa8c26a7f32e0ce579d76a6a309cdb7a6938c1b0d52834f52944976a10df77ae5f2baafe8b19340e2e0c8c93cdad14e37d0600025819505ccf435106e6348050472ff2b7cd927b0107fc784637207c11120137b510939d522b640260a35c4e8cd91133be1e48658a00000000000000000000000000000000000000000000000000000000000000003d80fca828b8a0274b2938b3fb909bbec27467650d072659c777ee75818e6d16a6962c2c8c590f03d416858d13c63b04f7dc8852c21a7459218a148e9d97f3c1c9b81428b777639c8a4859a0e5173300793db13884ee16978afb3d94ee8f0dc801a17d79bf08e102aa61cadab4789eb2cc4ab37969349e1d8fff05afdd76450a240000000000000000000000000000000000000000000000000000000000000000c1e795b101e4166eabb2c1fe040babe74c9ec569acf36eac804e677b39daeaf74b9ab7441a8ddec0f8db33a5d67b6aefd289bfc14c2553a2c951bbfb2882732d5ff45e6699ca2218ed8142cf581a72d769b95af853aaadd99d6acb0bd733140700675261770a483044ce448c1b2fc2731ddaf9bea5b934ce3375133b1a38112c5737026e369836d8be7efc51df7bf70b1d02e9d16d032a0d2d4a8c07c124404e53000000000000000000000000000000000000000000000000000000000000000001d8feb4b6b96c4785ddb7131286d32d4defbb6064636131d7a5d1ae2377ad24ba000000000000000000000000000000000000000000000000000000000000000007000000014f78a505fbd18383c93716bb271e78ffaa093a1226c4eef117871a260a296d43017e781617148de62001bb22b8f3f28c387140b8579caf7e1443ee01a78f4862a00001f0f1209d0f8a59d90d6b868c78438090defcf06420d776e0edff8714017c75f3",
                        "got": "0x0885d0b6a6f06f133666232c94cc28ed9a456a51a2c7dcad18a0b018c7cb53a1bb18cdeef319d413f6a8396d429d6a19df60ab7ecc473c87b3a4c0d1a705c75503f38a8e3921ec10ad1f558bf48e3a2eee332e6af0293766633f6f5004b00c853c015b2663ed8c938fdcf017a420cb9b12b15da4c18cb4f38090161587bf28d6b6800000000000000000000000000000000000000000000000000000000000000000c2e624ebd82beaeeb1ff76220445facfff2a9c6ed762ff7ff9aa729bd02df4225775318bbb491dd32d80d31a41194bca7c05a329970c0c1b761aec550a2b08dcde7a0bb36b9ced8998ebd955b4a15d6a18c00854b68c012a7c22f1183d2bccb401d41b76069f8c6664b4cb5cb22fe73dc812fdc55d757a4da4f5077ab65273f5af0000000000000000000000000000000000000000000000000000000000000000870d22b608b351d7c92ef9373271d13ace77a147be6ca17ad1e524acab4c5ac3d6d1b1fcf7abd8a67dd2070862f9bf34e385a9e46e4e4854d9f71e8486eed4ae636fcd9af71b31e597f003d750c8c5d691c09b5491693a7b140bfa7b1956023c014c408076a2feb168381e87acdcf112c98d54208b3eeca7547add77b4d26a30e7000000000000000000000000000000000000000000000000000000000000000067f9a9a714ce3a125516dfc7f860d457256ae7206926cff28efed111e570c959afc1c3cb12cb398fec1ec6aab6b43fdb403500f8d0269b2c2d7ebbb53f39f8242df053a2b4893c3d543c35dac49b4cbbb2fbdcc594323753b05a4a50a6e547d70143d50ea61bb4aa5f9f8cd8e42395830f7b8659f3b82a834573e60754a458f0a10000000000000000000000000000000000000000000000000000000000000000f5698985c723f5230d7167457975bd35c1c7531b8ae703ce2c3e33461138226921970dd60c7a2f38c880758fb7f14b3cb671988ec69c5431df8dff7872a843fb6b3967b0d7230e406f4bb3df87eeb2bfa99d6b785b74d364abf6c567c884aadb005d957274c5ec7915c96333332a6bf2060bf14448096af6cc52fa8c26a7f32e0ce579d76a6a309cdb7a6938c1b0d52834f52944976a10df77ae5f2baafe8b19340e2e0c8c93cdad14e37d0600025819505ccf435106e6348050472ff2b7cd927b0107fc784637207c11120137b510939d522b640260a35c4e8cd91133be1e48658a00000000000000000000000000000000000000000000000000000000000000003d80fca828b8a0274b2938b3fb909bbec27467650d072659c777ee75818e6d16a6962c2c8c590f03d416858d13c63b04f7dc8852c21a7459218a148e9d97f3c1c9b81428b777639c8a4859a0e5173300793db13884ee16978afb3d94ee8f0dc801a17d79bf08e102aa61cadab4789eb2cc4ab37969349e1d8fff05afdd76450a240000000000000000000000000000000000000000000000000000000000000000c1e795b101e4166eabb2c1fe040babe74c9ec569acf36eac804e677b39daeaf74b9ab7441a8ddec0f8db33a5d67b6aefd289bfc14c2553a2c951bbfb2882732d0000000000000000000000000000000000000000000000000000000000000000000701000000000000000000000000000000000000000000000000000000000000000001ebf6059e1a2e0d3da5441d24b5c4cd9a8a7dd6e883cda6f57d8b13e7f47a4cec019a8425075b096433fabd9ababd51a722b5863536099fb391751bbbd103f8455d00017e781617148de62001bb22b8f3f28c387140b8579caf7e1443ee01a78f4862a00001f0f1209d0f8a59d90d6b868c78438090defcf06420d776e0edff8714017c75f3"
                    }
                },
                {
                    "key": "0x06000000000000000000000000000000000000000000000000000000000000",
                    "diff": {
                        "exp": "0xa707081102b9d53d7f867e586026058fcd0acb9f3e78a90e92f73e26c64cee57a3d3ee39fe7fc2e0c6417492657ab4a03e7ac6c2fd1fd48fe4a47cbcc6097626d4b3952c8e017e907ab6bc2c10695b9d3e9911b1bf586743982f7aa87b9d27cbd92a2519e668081fe8babb8d377a7b635ff5fa5b463b1c1766f2fab34d5fb638",