{
  "info": {
    "name": "turbojam",
    "app_version": {
      "major": 0,
      "minor": 1,
      "patch": 2
    },
    "jam_version": {
      "major": 0,
      "minor": 7,
      "patch": 0
    }
  },
  "stats": {
    "steps": 100,
    "imported": 100,
    "import_max_step": 12,
    "import_min": 1.1142050000000001,
    "import_max": 58.124190999999996,
    "import_mean": 5.169498290000001,
    "import_p50": 1.267,
    "import_p75": 1.368,
    "import_p90": 1.537,
    "import_p99": 48.884,
    "import_std_dev": 13.286339960259728
  }
}
