{
  "info": {
    "name": "turbojam",
    "app_version": {
      "major": 0,
      "minor": 1,
      "patch": 2
    },
    "jam_version": {
      "major": 0,
      "minor": 7,
      "patch": 0
    }
  },
  "stats": {
    "steps": 100,
    "imported": 100,
    "import_max_step": 96,
    "import_min": 1.4799380000000002,
    "import_max": 70.600783,
    "import_mean": 12.522280880000002,
    "import_p50": 8.561,
    "import_p75": 15.018,
    "import_p90": 26.297,
    "import_p99": 50.338,
    "import_std_dev": 14.510140533935168
  }
}
