{
  "info": {
    "name": "turbojam",
    "app_version": {
      "major": 0,
      "minor": 1,
      "patch": 2
    },
    "jam_version": {
      "major": 0,
      "minor": 7,
      "patch": 0
    }
  },
  "stats": {
    "steps": 100,
    "imported": 100,
    "import_max_step": 60,
    "import_min": 1.5158470000000002,
    "import_max": 58.001762,
    "import_mean": 7.972087829999999,
    "import_p50": 3.863,
    "import_p75": 5.914,
    "import_p90": 10.491,
    "import_p99": 53.364,
    "import_std_dev": 13.310686475955825
  }
}
