{
    "config": {
        "seed": "1766479507_2200",
        "max_steps": 1000000,
        "safrole": false,
        "profile": {
            "full": null
        },
        "fuzzy_profile": {
            "rand": null
        },
        "max_work_items": 5,
        "mutation_ratio": 0.1,
        "max_mutations": 5
    },
    "stats": {
        "steps": 229,
        "imported": 69,
        "import_max_step": 183,
        "import_min": 1.385883,
        "import_max": 60.079018,
        "import_mean": 5.2770934927536235,
        "import_p50": 4.639,
        "import_p75": 6.028,
        "import_p90": 9.132,
        "import_p99": 13.043,
        "import_std_dev": 7.254537563611972
    },
    "target": {
        "info": {
            "fuzz_version": 1,
            "fuzz_features": 2,
            "jam_version": {
                "major": 0,
                "minor": 7,
                "patch": 2
            },
            "app_version": {
                "major": 0,
                "minor": 5,
                "patch": 0
            },
            "app_name": "@typeberry/jam"
        },
        "stats": {
            "steps": 229,
            "imported": 68,
            "import_max_step": 91,
            "import_min": 9.976927,
            "import_max": 61.807025,
            "import_mean": 29.514645176470587,
            "import_p50": 28.753,
            "import_p75": 44.764,
            "import_p90": 51.663,
            "import_p99": 56.791,
            "import_std_dev": 15.86908576877226
        }
    },
    "error": {
        "import_result_diff": {
            "exp": "ok",
            "got": "Invalid signatures for validators with keys: 0xf30aa5444688b3cab47697b37d5cac5707bb3289e986b19b17db437206931a8d, 0x8b8c5d436f92ecf605421e873a99ec528761eb52a88a2f9a057b3b3003e6f32a, 0xab0084d01534b31c1dd87c81645fd762482a90027754041ca1b56133d0466c06\nError: Stf (1) - Reports (3) - 21"
        }
    }
}