{
    "config": {
        "seed": "42",
        "profile": {
            "empty": null
        },
        "safrole": false,
        "max_work_items": 1,
        "max_service_keys": 10,
        "mutation_ratio": 0.1,
        "max_mutations": 0,
        "max_steps": 10000
    },
    "stats": {
        "steps": 5,
        "imported": 5,
        "import_max_step": 2,
        "import_min": 2.4225689999999998,
        "import_max": 13.047307,
        "import_mean": 5.892947800000001,
        "import_p50": 2.664,
        "import_p75": 3.233,
        "import_p90": 8.096,
        "import_p99": 8.096,
        "import_std_dev": 4.625337571101347
    },
    "target": {
        "info": {
            "fuzz_version": 1,
            "fuzz_features": 0,
            "jam_version": {
                "major": 0,
                "minor": 7,
                "patch": 0
            },
            "app_version": {
                "major": 0,
                "minor": 1,
                "patch": 11
            },
            "app_name": "FastRoll"
        },
        "stats": {
            "steps": 5,
            "imported": 4,
            "import_max_step": 2,
            "import_min": 6.098147,
            "import_max": 12.093543,
            "import_mean": 8.941106750000001,
            "import_p50": 7.533,
            "import_p75": 7.533,
            "import_p90": 10.038,
            "import_p99": 10.038,
            "import_std_dev": 2.658642589752946
        }
    },
    "state_diff": null,
    "import_diff": {
        "exp": "ok",
        "got": "Block header contains invalid xt hash. Found in block: b6ce1cfeff6f9985410c548e3e1b99887a9061a48df3446401d5f11b1000d741, calculated: c899fb7342a21dc3e90ef04b93b2fb9cf5086289058f0ca805535a0dc1d31142"
    }
}
