{
    "config": {
        "seed": "42",
        "profile": {
            "fuzzy": null
        },
        "safrole": false,
        "max_work_items": 1,
        "max_service_keys": 10,
        "mutation_ratio": 0.1,
        "max_mutations": 0,
        "max_steps": 10000
    },
    "stats": {
        "steps": 1,
        "imported": 1,
        "import_max_step": 1,
        "import_min": 8.712062,
        "import_max": 8.712062,
        "import_mean": 8.712062,
        "import_p50": 8.712062,
        "import_p75": 0.0,
        "import_p90": 8.712062,
        "import_p99": 0.0,
        "import_std_dev": 0.0
    },
    "target": {
        "info": {
            "fuzz_version": 1,
            "fuzz_features": 2,
            "jam_version": {
                "major": 0,
                "minor": 7,
                "patch": 2
            },
            "app_version": {
                "major": 0,
                "minor": 2,
                "patch": 6
            },
            "app_name": "Jamixir"
        },
        "stats": {
            "steps": 1,
            "imported": 1,
            "import_max_step": 1,
            "import_min": 8.652767,
            "import_max": 8.652767,
            "import_mean": 8.652767,
            "import_p50": 8.652767,
            "import_p75": 0.0,
            "import_p90": 8.652767,
            "import_p99": 0.0,
            "import_std_dev": 0.0
        }
    },
    "state_diff": {
        "roots": {
            "exp": "0x9eee6213c29dfb0d8747055c794ef295a37a6f157991ce2053029c7f923e2499",
            "got": "0x78c58eed7d7d61dbd50cb57665e1e36919106c2223abb239e8183f8b6ebc2438"
        },
        "keyvals": [
            {
                "key": "0x00450019006a0051135ef0225518c5ddc999419ffbf52cf2d4213d55af782e",
                "diff": {
                    "exp": "0x01000000",
                    "got": "0x"
                }
            },
            {
                "key": "0x00f00078008e0099cd2569e9ccf2045b86062b3e1b16723b5cd83807dab284",
                "diff": {
                    "exp": "0x00000000ca62000000000000726566696c6c0000000000000000000000000000000000000000000000000000000000000000000000000000000000000000000000000000000000000000000000000000000000000000000000000000000000000000000000000000000000000000000000000000000000000000000000000000000000000000000000000000",
                    "got": "0x"
                }
            },
            {
                "key": "0x0d000000000000000000000000000000000000000000000000000000000000",
                "diff": {
                    "exp": "0x010000000000000000000000000000000200000004000000010000000000000000000000000000000200000002000000010000000000000000000000000000000000000004000000010000000000000000000000000000000000000002000000000000000000000000000000000000000200000003000000000000000000000000000000000000000000000004000000020000000000000002000000f2be0400050000000a00000000000000000000000000000000000000030000000a00000001000000000000000000000000000000030000000a000000040000000000000000000000000000000300000009000000020000000000000001000000795f02000500000008000000020000000000000000000000000000000500000008000000817b050000000081a8b26100000000000000000100000000000001b2610000000001c19e13",
                    "got": "0x010000000000000000000000000000000200000004000000010000000000000000000000000000000200000002000000010000000000000000000000000000000000000004000000010000000000000000000000000000000000000002000000000000000000000000000000000000000200000003000000000000000000000000000000000000000000000004000000020000000000000002000000f2be0400050000000a00000000000000000000000000000000000000030000000a00000001000000000000000000000000000000030000000a000000040000000000000000000000000000000300000009000000020000000000000001000000795f02000500000008000000020000000000000000000000000000000500000008000000817b050000000081a8b26100000000000000000100000000000001b2610000000001c057ed"
                }
            },
            {
                "key": "0xff000000000000000000000000000000000000000000000000000000000000",
                "diff": {
                    "exp": "0x0069076f38642f87e2037a88d4a583b03703c744af1f02bd0bbd7df93ce1ef8f6c7ce5e9ffffffffff0a000000000000000a00000000000000151a020000000000ffffffffffffffff08000000000000000f00000000000000",
                    "got": "0x0069076f38642f87e2037a88d4a583b03703c744af1f02bd0bbd7df93ce1ef8f6c7ce5e9ffffffffff0a000000000000000a000000000000002a19020000000000ffffffffffffffff06000000000000000f00000000000000"
                }
            }
        ]
    },
    "import_diff": null
}
