{
    "config": {
        "seed": "42",
        "profile": {
            "empty": null
        },
        "safrole": false,
        "max_work_items": 1,
        "max_service_keys": 10,
        "mutation_ratio": 0.1,
        "max_mutations": 0,
        "max_steps": 10000
    },
    "stats": {
        "steps": 1,
        "imported": 1,
        "import_max_step": 1,
        "import_min": 8.001015,
        "import_max": 8.001015,
        "import_mean": 8.001015,
        "import_p50": 8.001015,
        "import_p75": 0.0,
        "import_p90": 8.001015,
        "import_p99": 0.0,
        "import_std_dev": 0.0
    },
    "target": {
        "info": {
            "fuzz_version": 1,
            "fuzz_features": 2,
            "jam_version": {
                "major": 0,
                "minor": 7,
                "patch": 0
            },
            "app_version": {
                "major": 0,
                "minor": 7,
                "patch": 0
            },
            "app_name": "tsjam-0.7.0-tiny-9ec9da1f"
        },
        "stats": {
            "steps": 1,
            "imported": 1,
            "import_max_step": 1,
            "import_min": 72.026384,
            "import_max": 72.026384,
            "import_mean": 72.026384,
            "import_p50": 72.026384,
            "import_p75": 0.0,
            "import_p90": 72.026384,
            "import_p99": 0.0,
            "import_std_dev": 0.0
        }
    },
    "state_diff": {
        "roots": {
            "exp": "0x9f0d86ee6902870364b8e41f0de9806683fc6f5161131aa9300477573856d8b7",
            "got": "0x4e4f459b519a7596a9cce19bae0359bfdd3f5bb4170a2338fe7fb999ab182e11"
        },
        "keyvals": [
            {
                "key": "0x0c000000000000000000000000000000000000000000000000000000000000",
                "diff": {
                    "exp": "0x0000000000000000000000000000000000",
                    "got": "0x0000000000000000000000005d0bdacc00"
                }
            }
        ]
    },
    "import_diff": null
}
