{
    "config": {
        "seed": "42",
        "profile": {
            "empty": null
        },
        "safrole": false,
        "max_work_items": 1,
        "max_service_keys": 10,
        "mutation_ratio": 0.1,
        "max_mutations": 0,
        "max_steps": 10000
    },
    "stats": {
        "steps": 1,
        "imported": 1,
        "import_max_step": 1,
        "import_min": 12.907294,
        "import_max": 12.907294,
        "import_mean": 12.907294,
        "import_p50": 12.907294,
        "import_p75": 0.0,
        "import_p90": 12.907294,
        "import_p99": 0.0,
        "import_std_dev": 0.0
    },
    "target": {
        "info": {
            "fuzz_version": 1,
            "fuzz_features": 0,
            "jam_version": {
                "major": 0,
                "minor": 7,
                "patch": 0
            },
            "app_version": {
                "major": 0,
                "minor": 0,
                "patch": 1
            },
            "app_name": "gossamer-jam"
        },
        "stats": {
            "steps": 1,
            "imported": 1,
            "import_max_step": 1,
            "import_min": 989.493641,
            "import_max": 989.493641,
            "import_mean": 989.493641,
            "import_p50": 989.493641,
            "import_p75": 0.0,
            "import_p90": 989.493641,
            "import_p99": 0.0,
            "import_std_dev": 0.0
        }
    },
    "state_diff": {
        "roots": {
            "exp": "0xa65119f96d7c0851c0faec83361a55bac47971f511e8e4ac86af5bf03df8078c",
            "got": "0x318340a4a074e539197a880e3030a202320fb664d88e2879b3984f24bfa12acc"
        },
        "keyvals": [
            {
                "key": "0x0d000000000000000000000000000000000000000000000000000000000000",
                "diff": {
                    "exp": "0x010000000000000000000000000000000300000004000000000000000000000000000000000000000200000004000000010000000000000000000000000000000300000003000000020000000000000000000000000000000200000003000000000000000000000000000000000000000300000002000000010000000000000002000000447d02000200000003000000000000000000000000000000000000000000000000000000000000000000000000000000000000000000000000000000000000000000000000000000000000000000000000000000000000000000000000000000000000000000000000000000000000000000000000000000000000000000000000000000000000000000000000000000000000000000000000000000849c05000000008208b6d082a4060000000081b089040900000000000001b6d00000000006c2e1890000c797a829000001890400000000000000001b98a8290000030000000000000000003f346eb800000000000000000000010069346eb800000000000000000000010093346eb8000000000000000000000100bd346eb8000000000000000000000100e7346eb800000000000000000000010011356eb8000000000000000000000100",
                    "got": "0x010000000000000000000000000000000300000004000000000000000000000000000000000000000200000004000000010000000000000000000000000000000300000003000000020000000000000000000000000000000200000003000000000000000000000000000000000000000300000002000000010000000000000002000000447d02000200000003000000000000000000000000000000000000000000000000000000000000000000000000000000000000000000000000000000000000000000000000000000000000000000000000000000000000000000000000000000000000000000000000000000000000000000000000000000000000000000000000000000000000000000000000000000000000000000000000000000849c05000000008208b6d082a4060000000081b089040400000000000001b6d00000000006c2e1890000c797a829000001890400000000000000001b98a82900000300000000000000000011356eb8000000000000000000000100"
                }
            },
            {
                "key": "0x116d35b86e7fb84c24b7cc068c0a1f7a5a2f04094df1b6dfd2e4b1ae14cffe",
                "diff": {
                    "exp": "0x00",
                    "got": "0x"
                }
            },
            {
                "key": "0x3f6d34b86e7fb84c24b7cc068c0a1f7a5a2f04094df1b6dfd2e4b1ae14cffe",
                "diff": {
                    "exp": "0x00",
                    "got": "0x"
                }
            },
            {
                "key": "0x696d34b86e7fb84c24b7cc068c0a1f7a5a2f04094df1b6dfd2e4b1ae14cffe",
                "diff": {
                    "exp": "0x00",
                    "got": "0x"
                }
            },
            {
                "key": "0x936d34b86e7fb84c24b7cc068c0a1f7a5a2f04094df1b6dfd2e4b1ae14cffe",
                "diff": {
                    "exp": "0x00",
                    "got": "0x"
                }
            },
            {
                "key": "0xbd6d34b86e7fb84c24b7cc068c0a1f7a5a2f04094df1b6dfd2e4b1ae14cffe",
                "diff": {
                    "exp": "0x00",
                    "got": "0x"
                }
            },
            {
                "key": "0xe76d34b86e7fb84c24b7cc068c0a1f7a5a2f04094df1b6dfd2e4b1ae14cffe",
                "diff": {
                    "exp": "0x00",
                    "got": "0x"
                }
            },
            {
                "key": "0xff3f0034006e00b80000000000000000000000000000000000000000000000",
                "diff": {
                    "exp": "0xbaf736ff7927f6f7dfa744a10a67a48b261ae89bbe5c712f7c1f0ee02377666132a602000000000010270000000000001027000000000000f33e010000000000000000000000000002000000050000000000000000000000",
                    "got": "0xbaf736ff7927f6f7dfa744a10a67a48b261ae89bbe5c712f7c1f0ee0237766616b3f01000000000010270000000000001027000000000000f33e010000000000000000000000000002000000050000000000000000000000"
                }
            },
            {
                "key": "0xff690034006e00b80000000000000000000000000000000000000000000000",
                "diff": {
                    "exp": "0xbaf736ff7927f6f7dfa744a10a67a48b261ae89bbe5c712f7c1f0ee02377666145ec01000000000010270000000000001027000000000000f33e010000000000000000000000000002000000050000000000000000000000",
                    "got": "0xbaf736ff7927f6f7dfa744a10a67a48b261ae89bbe5c712f7c1f0ee0237766616b3f01000000000010270000000000001027000000000000f33e010000000000000000000000000002000000050000000000000000000000"
                }
            },
            {
                "key": "0xff930034006e00b80000000000000000000000000000000000000000000000",
                "diff": {
                    "exp": "0xbaf736ff7927f6f7dfa744a10a67a48b261ae89bbe5c712f7c1f0ee023776661222002000000000010270000000000001027000000000000f33e010000000000000000000000000002000000050000000000000000000000",
                    "got": "0xbaf736ff7927f6f7dfa744a10a67a48b261ae89bbe5c712f7c1f0ee0237766616b3f01000000000010270000000000001027000000000000f33e010000000000000000000000000002000000050000000000000000000000"
                }
            },
            {
                "key": "0xffbd0034006e00b80000000000000000000000000000000000000000000000",
                "diff": {
                    "exp": "0xbaf736ff7927f6f7dfa744a10a67a48b261ae89bbe5c712f7c1f0ee023776661ec6d01000000000010270000000000001027000000000000f33e010000000000000000000000000002000000050000000000000000000000",
                    "got": "0xbaf736ff7927f6f7dfa744a10a67a48b261ae89bbe5c712f7c1f0ee0237766616b3f01000000000010270000000000001027000000000000f33e010000000000000000000000000002000000050000000000000000000000"
                }
            },
            {
                "key": "0xffe70034006e00b80000000000000000000000000000000000000000000000",
                "diff": {
                    "exp": "0xbaf736ff7927f6f7dfa744a10a67a48b261ae89bbe5c712f7c1f0ee023776661ea1802000000000010270000000000001027000000000000f33e010000000000000000000000000002000000050000000000000000000000",
                    "got": "0xbaf736ff7927f6f7dfa744a10a67a48b261ae89bbe5c712f7c1f0ee0237766616b3f01000000000010270000000000001027000000000000f33e010000000000000000000000000002000000050000000000000000000000"
                }
            }
        ]
    },
    "import_diff": null
}
