{
    "config": {
        "seed": "42",
        "profile": {
            "empty": null
        },
        "safrole": false,
        "max_work_items": 1,
        "max_service_keys": 10,
        "mutation_ratio": 0.1,
        "max_mutations": 0,
        "max_steps": 10000
    },
    "stats": {
        "steps": 1,
        "imported": 1,
        "import_max_step": 1,
        "import_min": 114.312586,
        "import_max": 114.312586,
        "import_mean": 114.312586,
        "import_p50": 114.312586,
        "import_p75": 0.0,
        "import_p90": 114.312586,
        "import_p99": 0.0,
        "import_std_dev": 0.0
    },
    "target": {
        "info": {
            "fuzz_version": 1,
            "fuzz_features": 2,
            "jam_version": {
                "major": 0,
                "minor": 7,
                "patch": 0
            },
            "app_version": {
                "major": 0,
                "minor": 1,
                "patch": 0
            },
            "app_name": "boka-fuzzing-target"
        },
        "stats": {
            "steps": 1,
            "imported": 1,
            "import_max_step": 1,
            "import_min": 35.331816,
            "import_max": 35.331816,
            "import_mean": 35.331816,
            "import_p50": 35.331816,
            "import_p75": 0.0,
            "import_p90": 35.331816,
            "import_p99": 0.0,
            "import_std_dev": 0.0
        }
    },
    "state_diff": {
        "roots": {
            "exp": "0xf85d7ff4f20ba0dbb5c33e8bc4128a9119844424e4cc595439b9f34766d2d0c8",
            "got": "0x5a9f55358764821992ffd92634ae28580b75e76bc252181b1e4f63b6d0e10b8c"
        },
        "keyvals": [
            {
                "key": "0x0d000000000000000000000000000000000000000000000000000000000000",
                "diff": {
                    "exp": "0x00000000000000000000000000000000010000000000000001000000000000000000000000000000010000000100000000000000000000000000000000000000010000000100000000000000000000000000000000000000010000000100000000000000000000000000000000000000010000000100000000000000000000000000000000000000000000000100000001000000000000000000000000000000060000000900000005000000000000000000000000000000060000000c00000001000000000000000000000000000000060000000800000001000000000000000000000000000000050000000b00000000000000000000000000000000000000050000000a00000004000000000000000000000000000000050000000c000000811305000000008113890a0000000000008113890a0317bf7e26000001890a0000000000000000bc3e8959000000000000000001c0685900005d0bdacc000001890a0000000000000000",
                    "got": "0x00000000000000000000000000000000010000000000000001000000000000000000000000000000010000000100000000000000000000000000000000000000010000000100000000000000000000000000000000000000010000000100000000000000000000000000000000000000010000000100000000000000000000000000000000000000000000000100000001000000000000000000000000000000060000000900000005000000000000000000000000000000060000000c00000001000000000000000000000000000000060000000800000001000000000000000000000000000000050000000b00000000000000000000000000000000000000050000000a00000004000000000000000000000000000000050000000c000000811305000000008113890a0000000000008113890a0317bf7e26000001890a0000000000000000bc3e8959000000000000000001c0b25900005d0bdacc000001890a0000000000000000"
                }
            }
        ]
    },
    "import_diff": null
}
