{
    "config": {
        "seed": "42",
        "profile": {
            "empty": null
        },
        "safrole": false,
        "max_work_items": 1,
        "max_service_keys": 10,
        "mutation_ratio": 0.1,
        "max_mutations": 0,
        "max_steps": 10000
    },
    "stats": {
        "steps": 1,
        "imported": 1,
        "import_max_step": 1,
        "import_min": 40.082659,
        "import_max": 40.082659,
        "import_mean": 40.082659,
        "import_p50": 40.082659,
        "import_p75": 0.0,
        "import_p90": 40.082659,
        "import_p99": 0.0,
        "import_std_dev": 0.0
    },
    "target": {
        "info": {
            "fuzz_version": 1,
            "fuzz_features": 2,
            "jam_version": {
                "major": 0,
                "minor": 7,
                "patch": 0
            },
            "app_version": {
                "major": 0,
                "minor": 1,
                "patch": 0
            },
            "app_name": "jamzig-target"
        },
        "stats": {
            "steps": 1,
            "imported": 1,
            "import_max_step": 1,
            "import_min": 28.845012,
            "import_max": 28.845012,
            "import_mean": 28.845012,
            "import_p50": 28.845012,
            "import_p75": 0.0,
            "import_p90": 28.845012,
            "import_p99": 0.0,
            "import_std_dev": 0.0
        }
    },
    "state_diff": {
        "roots": {
            "exp": "0xf85d7ff4f20ba0dbb5c33e8bc4128a9119844424e4cc595439b9f34766d2d0c8",
            "got": "0x6e232e9cf13b3e75e863cdc078dce8dbb9bb0a2efdb8c55900c73406b619813e"
        },
        "keyvals": [
            {
                "key": "0x0d000000000000000000000000000000000000000000000000000000000000",
                "diff": {
                    "exp": "0x00000000000000000000000000000000010000000000000001000000000000000000000000000000010000000100000000000000000000000000000000000000010000000100000000000000000000000000000000000000010000000100000000000000000000000000000000000000010000000100000000000000000000000000000000000000000000000100000001000000000000000000000000000000060000000900000005000000000000000000000000000000060000000c00000001000000000000000000000000000000060000000800000001000000000000000000000000000000050000000b00000000000000000000000000000000000000050000000a00000004000000000000000000000000000000050000000c000000811305000000008113890a0000000000008113890a0317bf7e26000001890a0000000000000000bc3e8959000000000000000001c0685900005d0bdacc000001890a0000000000000000",
                    "got": "0x00000000000000000000000000000000010000000000000001000000000000000000000000000000010000000100000000000000000000000000000000000000010000000100000000000000000000000000000000000000010000000100000000000000000000000000000000000000010000000100000000000000000000000000000000000000000000000100000001000000000000000000000000000000060000000900000005000000000000000000000000000000060000000c00000001000000000000000000000000000000060000000800000001000000000000000000000000000000050000000b00000000000000000000000000000000000000050000000a00000004000000000000000000000000000000050000000c000000811305000000008113890a0000000000008113890a0317bf7e26000001890a0000000000000000bc3e8959000000000000000001c0256700005d0bdacc000001890a0000000000000000"
                }
            },
            {
                "key": "0xbc6a3eae89a359b8c876e335de632eac1b2705f8a5476ffb5c0499d95bd432",
                "diff": {
                    "exp": "0xa0a10e7e748a5663",
                    "got": "0x186342c374f870c5"
                }
            },
            {
                "key": "0xbca43e94892a59eede34e52ce402f065eb04bfaee62f20ec7e0a4c3eb3f5ef",
                "diff": {
                    "exp": "0x0c000000",
                    "got": "0x0d000000"
                }
            },
            {
                "key": "0xbcf83ee989c659d9d891b7f383ca393e9934e324cd5c2fa0a6dade41413612",
                "diff": {
                    "exp": "0x0b681f4089000000009f12ef2317bf7e26d41d68c8f5fd4482444f0e3dbc3e89596683f61f5d0bdacc0f3f0dfd",
                    "got": "0x0b0000000017bf7e269f12ef23bc3e8959f5fd4482444f0e3dd41d68c8681f40895d0bdacc6683f61fa331e832"
                }
            }
        ]
    },
    "import_diff": null
}
