{
    "config": {
        "seed": "42",
        "profile": {
            "Empty": null
        },
        "safrole": false,
        "max_work_items": 1,
        "max_service_keys": 10,
        "mutation_ratio": 0.1,
        "max_mutations": 0,
        "max_steps": 10000
    },
    "stats": {
        "steps": 1,
        "imported": 0,
        "import_max_step": 0,
        "import_min": 0.0,
        "import_max": 0.0,
        "import_mean": 0.0,
        "import_p50": 0.0,
        "import_p75": 0.0,
        "import_p90": 0.0,
        "import_p99": 0.0,
        "import_std_dev": 0.0
    },
    "target": {
        "info": {
            "name": "jamzig-target",
            "app_version": {
                "major": 0,
                "minor": 1,
                "patch": 0
            },
            "jam_version": {
                "major": 0,
                "minor": 7,
                "patch": 0
            }
        },
        "stats": {
            "steps": 1,
            "imported": 1,
            "import_max_step": 1,
            "import_min": 2.825717,
            "import_max": 2.825717,
            "import_mean": 2.825717,
            "import_p50": 2.825717,
            "import_p75": 0.0,
            "import_p90": 2.825717,
            "import_p99": 0.0,
            "import_std_dev": 0.0
        }
    },
    "diff": {
        "roots": {
            "exp": "0x73cf4226377c445838fcb9df3552a9dc6894da286a7a3fcc8a3ef42893f2a6af",
            "got": "0x461c1dbc11b3a4ec9f30257ced5fe02ff67e3709948d6b37a4fbd52c3da3d911"
        },
        "keyvals": [
            {
                "key": "0x03000000000000000000000000000000000000000000000000000000000000",
                "diff": {
                    "exp": "0x0899e9267ecdd8d33bd5d7b329455e4c52d8e62d815d2f64d392c287f5c600189ab5bbb96826bd158c2c4f4bb6f95e2e054cf9b822be17db21991484758be0fa49eeb92e76971a14f8edc19defe959949ae48f3fa27aeab52b520f8cd5a39a5f57000ac97707d2f8d331662a6bbdbc85ea30dd1bed52a1bf141e32419163731eacc79370abf1ed5c453459d4cac27fee51b9b6ce53a9df37d4800cde301d96b2c40d87804e961ab3ac3339de3e597e9047510d9f06852ad9a537ec3164e6b14967610053d653e92d40f7822a4961d210fe153b8cb5b2fdc49ee1c3e8bebc335fe16816e89162162fe934200a82674f7133d040eb4cd60044d73101d3120f08e34ea36945a2aee8b78227576bfb8743668213c5babe3626fb29dce36506354df2df591c00f96df703a7e91206129e5881ddb9c9390b4414c250b7508cf758de1a1f02e840f8f26c0c9ff466a58636054713fee55b39e52574e460ba6ba9b6fbd58e9ea93e0c170d8a677ccea94c9f057577c65d930c9111b6ed03e0c152366a041ce309cb00d508ed18cfa5385958f8101cfc991bd7580c1f7e56a1adcf79d12bf738ae8650b81e835b321a05a3e70f3bab126384046fd70ef8410dbefac80b14317d099603f692c85aa86678d004a0349c32837c126c7b82affcfaa0f58948e4f5485f67550012fe33489a51510c1040c5b32c8f8125e4a523d637d2474043696f223196b660ed5492208629a281a21564f88f9b9d82f1cb4bfc3a50b584e7ff9c9d4a9f037a88b56b5152cf0c23addc4160287ae0749cbeccfed57ffe09dbd8197c1221421e0073e3dc36c1294b7c59db0f06843ed6a4c9e27b76b12afd66ac3a524907ef73cc38435b7781cca4b4b27ae1a2ef6a890016ecaed52403da4ccc2f75d1cff8bbf1a3a2e72655df6eb90a2dde1aab3e0edce8bcb904159f05bf16e2b5472985aa53007cc064d626d0b8073c9eb774ef5ded5c74d4518c9e6513ebae4ed6255cf66ac19017ff9e1f485142f41914fd65e72311ed43b4865e2097385ff578cfca0a99e9000000000000000000000000000000000000000000000000000000000000000000070100000000000000000000000000000000000000000000000000000000000000000001b4c11951957c6f8f642c4af61cd6b24640fec6dc7fc607ee8206a99e92410d300121ddb9a356815c3fac1026b6dec5df3124afbadb485c9ba5a3e3398a04b7ba8501e58769b32a1beaf1ea27375a44095a0d1fb664ce2dd358e7fcbfb78c26a193440001887c22bd8750d34016ac3c66b5ff102dacdd73f6b014e710b51e8022af9a1968",
                    "got": "0x080ac97707d2f8d331662a6bbdbc85ea30dd1bed52a1bf141e32419163731eacc79370abf1ed5c453459d4cac27fee51b9b6ce53a9df37d4800cde301d96b2c40d87804e961ab3ac3339de3e597e9047510d9f06852ad9a537ec3164e6b14967610053d653e92d40f7822a4961d210fe153b8cb5b2fdc49ee1c3e8bebc335fe16816e89162162fe934200a82674f7133d040eb4cd60044d73101d3120f08e34ea36945a2aee8b78227576bfb8743668213c5babe3626fb29dce36506354df2df591c00f96df703a7e91206129e5881ddb9c9390b4414c250b7508cf758de1a1f02e840f8f26c0c9ff466a58636054713fee55b39e52574e460ba6ba9b6fbd58e9ea93e0c170d8a677ccea94c9f057577c65d930c9111b6ed03e0c152366a041ce309cb00d508ed18cfa5385958f8101cfc991bd7580c1f7e56a1adcf79d12bf738ae8650b81e835b321a05a3e70f3bab126384046fd70ef8410dbefac80b14317d099603f692c85aa86678d004a0349c32837c126c7b82affcfaa0f58948e4f5485f67550012fe33489a51510c1040c5b32c8f8125e4a523d637d2474043696f223196b660ed5492208629a281a21564f88f9b9d82f1cb4bfc3a50b584e7ff9c9d4a9f037a88b56b5152cf0c23addc4160287ae0749cbeccfed57ffe09dbd8197c1221421e0073e3dc36c1294b7c59db0f06843ed6a4c9e27b76b12afd66ac3a524907ef73cc38435b7781cca4b4b27ae1a2ef6a890016ecaed52403da4ccc2f75d1cff8bbf1a3a2e72655df6eb90a2dde1aab3e0edce8bcb904159f05bf16e2b5472985aa53007cc064d626d0b8073c9eb774ef5ded5c74d4518c9e6513ebae4ed6255cf66ac19017ff9e1f485142f41914fd65e72311ed43b4865e2097385ff578cfca0a99e973cf4226377c445838fcb9df3552a9dc6894da286a7a3fcc8a3ef42893f2a6af0094d2a7b632a534adff9d93e156439f18ac069734ce22e11a32c3346fe18688abfe4f077909d68322bfc2fa7c7eeacc2e61c32457fed17ff33db61f7763a09bdf000000000000000000000000000000000000000000000000000000000000000000070001ad3228b676f7d3cd4284a5443f17f1962b36e491b30a40b2405849e597ba5fb501b4c11951957c6f8f642c4af61cd6b24640fec6dc7fc607ee8206a99e92410d300121ddb9a356815c3fac1026b6dec5df3124afbadb485c9ba5a3e3398a04b7ba8501e58769b32a1beaf1ea27375a44095a0d1fb664ce2dd358e7fcbfb78c26a193440001887c22bd8750d34016ac3c66b5ff102dacdd73f6b014e710b51e8022af9a1968"
                }
            },
            {
                "key": "0x06000000000000000000000000000000000000000000000000000000000000",
                "diff": {
                    "exp": "0xf4a8b23da6e38ab5d68d366b84581c58bce889b0627cc69282a237c58f5d16d0e324d0531e214615f71be9f25e8fc5ec6e7acf137acce5e9239df7414e4c3057055a40566bb59859cf66ab5a39d0eb10080dfb103a2caae7c02427285c267a06022e582851713c188aa267eb1e3c97ec6b6bbfe2d9673a1899938f158eb655bd",
                    "got": "0x0988acce3888fe5a337fd378b784afcda0136e385e313aea2bff312ef2dcaae0e324d0531e214615f71be9f25e8fc5ec6e7acf137acce5e9239df7414e4c3057055a40566bb59859cf66ab5a39d0eb10080dfb103a2caae7c02427285c267a06022e582851713c188aa267eb1e3c97ec6b6bbfe2d9673a1899938f158eb655bd"
                }
            },
            {
                "key": "0x0b000000000000000000000000000000000000000000000000000000000000",
                "diff": {
                    "exp": "0x5d000000",
                    "got": "0x5e000000"
                }
            },
            {
                "key": "0x0d000000000000000000000000000000000000000000000000000000000000",
                "diff": {
                    "exp": "0x0500000000000000000000000000000000000000000000000100000000000000000000000000000000000000000000000200000000000000000000000000000000000000000000000000000000000000000000000000000000000000000000000100000000000000000000000000000000000000000000000100000000000000000000000000000000000000000000000200000000000000000000000000000000000000000000000300000000000000000000000000000000000000000000000200000000000000000000000000000000000000000000000300000000000000000000000000000000000000000000000100000000000000000000000000000000000000000000000100000000000000000000000000000000000000000000000000000000000000000000000000000000",