{
    "config": {
        "seed": "42",
        "profile": {
            "Empty": null
        },
        "safrole": false,
        "max_work_items": 1,
        "max_service_keys": 10,
        "mutation_ratio": 0.1,
        "max_mutations": 0,
        "max_steps": 10000
    },
    "stats": {
        "steps": 1,
        "imported": 1,
        "import_max_step": 1,
        "import_min": 10.090829000000001,
        "import_max": 10.090829000000001,
        "import_mean": 10.090829000000001,
        "import_p50": 10.090829000000001,
        "import_p75": 0.0,
        "import_p90": 10.090829000000001,
        "import_p99": 0.0,
        "import_std_dev": 0.0
    },
    "target": {
        "info": {
            "name": "boka-fuzzing-target",
            "app_version": {
                "major": 0,
                "minor": 1,
                "patch": 0
            },
            "jam_version": {
                "major": 0,
                "minor": 7,
                "patch": 0
            }
        },
        "stats": {
            "steps": 1,
            "imported": 1,
            "import_max_step": 1,
            "import_min": 30.736158,
            "import_max": 30.736158,
            "import_mean": 30.736158,
            "import_p50": 30.736158,
            "import_p75": 0.0,
            "import_p90": 30.736158,
            "import_p99": 0.0,
            "import_std_dev": 0.0
        }
    },
    "diff": {
        "roots": {
            "exp": "0x28ff33e8b79818599a32bc1c9da9f80f5d2aed4b4162838c3157b3e4b9f858e6",
            "got": "0x187f38be5fe8b4402c012cdde2ef366d5b3f892ab9e4bd4873661c7bb995f57e"
        },
        "keyvals": [
            {
                "key": "0x0d000000000000000000000000000000000000000000000000000000000000",
                "diff": {
                    "exp": "0x030000000000000000000000000000000200000008000000000000000000000000000000000000000400000005000000020000000000000000000000000000000400000009000000020000000000000001000000a23e01000400000006000000010000000000000000000000000000000300000007000000010000000000000000000000000000000300000009000000020000000000000002000000447d0200050000000c00000003000000000000000000000000000000060000000c00000002000000000000000000000000000000040000000c00000001000000000000000000000000000000040000000900000003000000000000000000000000000000060000000b00000001000000000000000000000000000000060000000a00000080ed050000000080ed88da80ed060000000080ed88da0304dc4a12000000000000000001b6680000a752169100000188da0000000001b32a00006aad07cb00000188da0000000000000000",
                    "got": "0x030000000000000000000000000000000200000008000000000000000000000000000000000000000400000005000000020000000000000000000000000000000400000009000000020000000000000001000000a23e01000400000006000000010000000000000000000000000000000300000007000000010000000000000000000000000000000300000009000000020000000000000002000000447d0200050000000c00000003000000000000000000000000000000060000000c00000002000000000000000000000000000000040000000c00000001000000000000000000000000000000040000000900000003000000000000000000000000000000060000000b00000001000000000000000000000000000000060000000a00000080ed050000000080ed88da80ed060000000080ed88da0304dc4a12000000000000000001b6680000a752169100000188da0000000001c0c34c00006aad07cb00000188da0000000000000000"
                }
            },
            {
                "key": "0xa70652c916b891cc5bbb508d9cd48393b571b4e32a08582d28750eadf81035",
                "diff": {
                    "exp": "0x",
                    "got": "0xf7ffffffffffffff"
                }
            },
            {
                "key": "0xa72e528b169191f7d21bc9765fd5ce9666119d188d2dd9fb5ceb6eb21ed98a",
                "diff": {
                    "exp": "0x",
                    "got": "0x01000000"
                }
            },
            {
                "key": "0xa78e5226164e918f29a461f8df4e2eb581d5d6416d011dd2ca3793fa4e263b",
                "diff": {
                    "exp": "0x03060563616c6c730a09636f64655f686173680e0d686f737463616c6c2d696e666f",
                    "got": "0x04060563616c6c730a09636f64655f686173680e0d686f737463616c6c2d696e666f0f0e686f737463616c6c2d626c657373"
                }
            },
            {
                "key": "0xffa70052001600910000000000000000000000000000000000000000000000",
                "diff": {
                    "exp": "0xbaf736ff7927f6f7dfa744a10a67a48b261ae89bbe5c712f7c1f0ee023776661e77c0200000000001027000000000000102700000000000077400100000000000000000000000000070000000c0000002000000000000000",
                    "got": "0xbaf736ff7927f6f7dfa744a10a67a48b261ae89bbe5c712f7c1f0ee023776661e77c02000000000010270000000000001027000000000000e7400100000000000000000000000000090000000c0000002000000000000000"
                }
            }
        ]
    }
}
