{
    "config": {
        "seed": "42",
        "profile": {
            "Empty": null
        },
        "safrole": false,
        "max_work_items": 1,
        "max_service_keys": 10,
        "mutation_ratio": 0.1,
        "max_mutations": 0,
        "max_steps": 10000
    },
    "stats": {
        "steps": 1,
        "imported": 1,
        "import_max_step": 1,
        "import_min": 8.195321,
        "import_max": 8.195321,
        "import_mean": 8.195321,
        "import_p50": 8.195321,
        "import_p75": 0.0,
        "import_p90": 8.195321,
        "import_p99": 0.0,
        "import_std_dev": 0.0
    },
    "target": {
        "info": {
            "name": "boka-fuzzing-target",
            "app_version": {
                "major": 0,
                "minor": 1,
                "patch": 0
            },
            "jam_version": {
                "major": 0,
                "minor": 7,
                "patch": 0
            }
        },
        "stats": {
            "steps": 1,
            "imported": 1,
            "import_max_step": 1,
            "import_min": 23.383464,
            "import_max": 23.383464,
            "import_mean": 23.383464,
            "import_p50": 23.383464,
            "import_p75": 0.0,
            "import_p90": 23.383464,
            "import_p99": 0.0,
            "import_std_dev": 0.0
        }
    },
    "diff": {
        "roots": {
            "exp": "0xb05fb49866059c0eb94e716d29c8769f0181add7e505d290396533c67f31813a",
            "got": "0x004e4278420c5cb6f9109485baaa7133bd9735f2f3e807621d521d73593e3485"
        },
        "keyvals": [
            {
                "key": "0x628b2afee748be0d75a39350dba161af70e6468719f1ae681fcb0c24988aa0",
                "diff": {
                    "exp": "0x",
                    "got": "0xd102000000000000"
                }
            },
            {
                "key": "0xff62002a00e700be0000000000000000000000000000000000000000000000",
                "diff": {
                    "exp": "0xbaf736ff7927f6f7dfa744a10a67a48b261ae89bbe5c712f7c1f0ee023776661cf6701000000000010270000000000001027000000000000a93f010000000000000000000000000005000000050000000b00000000000000",
                    "got": "0xbaf736ff7927f6f7dfa744a10a67a48b261ae89bbe5c712f7c1f0ee023776661cf6701000000000010270000000000001027000000000000e03f010000000000000000000000000006000000050000000b00000000000000"
                }
            }
        ]
    }
}
