{
    "config": {
        "seed": "42",
        "max_steps": 4294967295,
        "safrole": false,
        "profile": {
            "full": null
        },
        "fuzzy_profile": {
            "full": null
        },
        "max_work_items": 3,
        "mutation_ratio": 0.0,
        "max_mutations": 0
    },
    "stats": {
        "steps": 6,
        "imported": 1,
        "import_max_step": 6,
        "import_min": 29.960141,
        "import_max": 29.960141,
        "import_mean": 29.960141,
        "import_p50": 29.960141,
        "import_p75": 0.0,
        "import_p90": 29.960141,
        "import_p99": 0.0,
        "import_std_dev": 0.0
    },
    "target": {
        "info": {
            "fuzz_version": 1,
            "fuzz_features": 2,
            "jam_version": {
                "major": 0,
                "minor": 7,
                "patch": 2
            },
            "app_version": {
                "major": 0,
                "minor": 1,
                "patch": 0
            },
            "app_name": "jamzig-target"
        },
        "stats": {
            "steps": 6,
            "imported": 1,
            "import_max_step": 6,
            "import_min": 40.741242,
            "import_max": 40.741242,
            "import_mean": 40.741242,
            "import_p50": 40.741242,
            "import_p75": 0.0,
            "import_p90": 40.741242,
            "import_p99": 0.0,
            "import_std_dev": 0.0
        }
    },
    "error": {
        "state_diff": {
            "roots": {
                "exp": "0xec58a78592843d4a573c2609a8a42156a64e01c9870838864df0499962d7034a",
                "got": "0x42aec23ef254f1fb040ee35d351d7a88638a7f452d2c719ec554d95e4e9b5f3e"
            },
            "keyvals": [
                {
                    "key": "0x0d000000000000000000000000000000000000000000000000000000000000",
                    "diff": {
                        "exp": "0x00000000000000000000000000000000030000000500000002000000000000000000000000000000020000000500000001000000000000000000000000000000020000000400000001000000000000000000000000000000030000000500000001000000000000000000000000000000030000000500000000000000000000000000000000000000020000000500000001000000000000000000000000000000060000000900000000000000000000000000000000000000040000000900000002000000000000000000000000000000040000000900000001000000000000000000000000000000040000000900000003000000000000000200000070390200060000000700000005000000000000000000000000000000060000000b00000091b105000580c500831d967e8ca0060012854500897196d60900000000000000000000000002c0f4d2b762a816000000000000000001c12102ae81bf36000000000000000001c023463b266538000000000000000002c19e266526653800000296aa000c83140002c0707cc56b83510000018b2900012e000000d6ecc47a000000000000000001c0a44815c3fb93000000000000000002c1fc4b0be6f4aa0000018b81000a82c80001b18b",
                        "got": "0x00000000000000000000000000000000030000000500000002000000000000000000000000000000020000000500000001000000000000000000000000000000020000000400000001000000000000000000000000000000030000000500000001000000000000000000000000000000030000000500000000000000000000000000000000000000020000000500000001000000000000000000000000000000060000000900000000000000000000000000000000000000040000000900000002000000000000000000000000000000040000000900000001000000000000000000000000000000040000000900000003000000000000000200000070390200060000000700000005000000000000000000000000000000060000000b00000091b105000580c500831d967e8ca0060012854500897196d60900000000000000000000000002c0f4d2b762a816000000000000000001c12102ae81bf36000000000000000001c023463b266538000000000000000002c1d02a6526653800000296aa000c83140002c0707cc56b83510000018b2900012e000000d6ecc47a000000000000000001c0a44815c3fb93000000000000000002c1fc4b0be6f4aa0000018b81000a82c80001b18b"
                    }
                },
                {
                    "key": "0x3bd7264565b738fec13e507a95e86ec03add50794acc76edd9370aca5ecbf2",
                    "diff": {
                        "exp": "0x19c03c138ba36469",
                        "got": "0x3d91c9f546a34aa2"
                    }
                },
                {
                    "key": "0xff1600a500ad00a40000000000000000000000000000000000000000000000",
                    "diff": {
                        "exp": "0x000000000000000000000000000000000000000000000000000000000000000000c380050000000000000000000000000000000000000000008e39020000000000000000000000000002000000a21e00001b1f000000000000",
                        "got": "0x"
                    }
                }
            ]
        }
    }
}