{
  "info": {
    "fuzz_version": 1,
    "fuzz_features": 2,
    "jam_version": {
      "major": 0,
      "minor": 7,
      "patch": 2
    },
    "app_version": {
      "major": 0,
      "minor": 1,
      "patch": 0
    },
    "app_name": "GrayMatter"
  },
  "stats": {
    "steps": 100,
    "imported": 100,
    "import_max_step": 12,
    "import_min": 1.5559949999999998,
    "import_max": 106.16305299999999,
    "import_mean": 10.118236220000002,
    "import_p50": 1.903,
    "import_p75": 2.076,
    "import_p90": 2.296,
    "import_p99": 105.166,
    "import_std_dev": 28.133688989006437
  }
}
