{
    "config": {
        "seed": "42",
        "profile": {
            "Empty": null
        },
        "safrole": false,
        "max_work_items": 1,
        "max_service_keys": 10,
        "mutation_ratio": 0.1,
        "max_mutations": 0,
        "max_steps": 10000
    },
    "stats": {
        "steps": 2,
        "imported": 2,
        "import_max_step": 2,
        "import_min": 9.259382,
        "import_max": 9.298788,
        "import_mean": 9.279085,
        "import_p50": 9.259,
        "import_p75": 9.259,
        "import_p90": 9.259,
        "import_p99": 9.259,
        "import_std_dev": 0.027864249819436814
    },
    "target": {
        "info": {
            "name": "tsjam-0.7.0-tiny-6f54dbba",
            "app_version": {
                "major": 0,
                "minor": 7,
                "patch": 0
            },
            "jam_version": {
                "major": 0,
                "minor": 7,
                "patch": 0
            }
        },
        "stats": {
            "steps": 1,
            "imported": 1,
            "import_max_step": 1,
            "import_min": 27.921672,
            "import_max": 27.921672,
            "import_mean": 27.921672,
            "import_p50": 27.921672,
            "import_p75": 0.0,
            "import_p90": 27.921672,
            "import_p99": 0.0,
            "import_std_dev": 0.0
        }
    },
    "diff": {
        "roots": {
            "exp": "0x82e7140c553ba123c404f3546a974720347b21d09d53133778d8fc87a3ae12bf",
            "got": "0xf3317e0b8c4c7b31f8454a827c121ac4a3584aeb8c82ca222ac0b2fb7ab4f66d"
        },
        "keyvals": [
            {
                "key": "0x03000000000000000000000000000000000000000000000000000000000000",
                "diff": {
                    "exp": "0x08cdec9324282c516aec01ee3d871fee5811593e455c80fa47a547647e650644ae524e191c0be7940445730a4030b188ad3c13757e291d33d9104a26da6c9583e0bd7ec74e13227672e10fa9000a4893c2a0bcad651acd6fe6ed7099818563c279004e7f4cc121ee11c7210e0d809dba6c1c707cf4ddc3ecc83b9aed5a07c3974ee5ebfeb74bdf982ea61cac2ee73c530d835c0fbced54f01c14f62abdb4ce11f5b02662b7ecffb559598e4105ced9106518f226a954a841239058838723b3e62a0a009c39391f918e94917910595cdeb5cd86a09db1b0cb2f83f4cf8ccb019464914d41063bd011e111347ea7448bcb5b684b7a22b7e4ea5d539f1c0ced814f40afc37a56b11bcc5fb718a7bbfdfc7cdd07f3fe300d93849e31e7fb65c3be108cb129002249f253ad6c5c3b7e02586ef55e0ef6da3506002c99076d023c8b6c30aa73cd84455b22d9374564bcfb04ac822c5701599fdf1d7fcad06fd265a7d600d80bc591b602ffb5eaa2169b00d52adbf0f4de43782b8d4a280a5757ea56b35d07913a00141efefdc5497a715d7797aee39bd9db92d1a9437607ced469f304c180ec938bab660b2209ed6d8e30f71a2a4e6cecf4a85e032572d2c8adfc26464dba9c9c7d9acb33a9bbdb1baafad79cef7ca466beac12d73e3d540670fd94c8bc286882c20001ea36ef27f3036a670c7a0bdf5a8b09534cc61494303ebceb0e0bc00d241f86f4f39b4f8d1d039e14b06177c0ca07e78fa7ecdf2b9059e4e45222de757e6f2f5e5a5e4a9f667ec8a02a12823a0be3aa64b370718fe68221a218555b1d02f97e006fb629d553728bcca4d7c095177f7409b7a006b9bb184e032590a33526d67b7e7aabfb6b08afebd61a48e4c602bf67bb9afb7fa141b1dd03f9c05fe447065f26acaeba63ec4834aaedd0e7bfcbea61edb3b103687d9c6319af14bfa82d0263e500b3c1acd6da7c31bc2f94286a5c3daaafc31c6a7427e07e6b4d423e77f31000c50ad509c2c5e002f34374fc833fdd8b2ed83872789209f9aa378d5a5667b24280000000000000000000000000000000000000000000000000000000000000000000060001ad3228b676f7d3cd4284a5443f17f1962b36e491b30a40b2405849e597ba5fb501b4c11951957c6f8f642c4af61cd6b24640fec6dc7fc607ee8206a99e92410d300001e58769b32a1beaf1ea27375a44095a0d1fb664ce2dd358e7fcbfb78c26a19344010eb01ebfc9ed27500cd4dfc979272d1f0913cc9f66540d7e8005811109e1cf2d",
                    "got": "0x088a9414bb51c6d456c4eb21baab221974d0e9cac008b98616bd8cbb49e4e817c2bede1624a7af10e908fc62458ca3f75c23a17d93126f6cf47a62a68826fec540318f0819b9804706dc85447660ceea4eae4a2e34a50b1bc9f0b757b1e92f16fe00cdec9324282c516aec01ee3d871fee5811593e455c80fa47a547647e650644ae524e191c0be7940445730a4030b188ad3c13757e291d33d9104a26da6c9583e0bd7ec74e13227672e10fa9000a4893c2a0bcad651acd6fe6ed7099818563c279004e7f4cc121ee11c7210e0d809dba6c1c707cf4ddc3ecc83b9aed5a07c3974ee5ebfeb74bdf982ea61cac2ee73c530d835c0fbced54f01c14f62abdb4ce11f5b02662b7ecffb559598e4105ced9106518f226a954a841239058838723b3e62a0a009c39391f918e94917910595cdeb5cd86a09db1b0cb2f83f4cf8ccb019464914d41063bd011e111347ea7448bcb5b684b7a22b7e4ea5d539f1c0ced814f40afc37a56b11bcc5fb718a7bbfdfc7cdd07f3fe300d93849e31e7fb65c3be108cb129002249f253ad6c5c3b7e02586ef55e0ef6da3506002c99076d023c8b6c30aa73cd84455b22d9374564bcfb04ac822c5701599fdf1d7fcad06fd265a7d600d80bc591b602ffb5eaa2169b00d52adbf0f4de43782b8d4a280a5757ea56b35d07913a00141efefdc5497a715d7797aee39bd9db92d1a9437607ced469f304c180ec938bab660b2209ed6d8e30f71a2a4e6cecf4a85e032572d2c8adfc26464dba9c9c7d9acb33a9bbdb1baafad79cef7ca466beac12d73e3d540670fd94c8bc286882c20001ea36ef27f3036a670c7a0bdf5a8b09534cc61494303ebceb0e0bc00d241f86f4f39b4f8d1d039e14b06177c0ca07e78fa7ecdf2b9059e4e45222de757e6f2f5e5a5e4a9f667ec8a02a12823a0be3aa64b370718fe68221a218555b1d02f97e006fb629d553728bcca4d7c095177f7409b7a006b9bb184e032590a33526d67b7e7aabfb6b08afebd61a48e4c602bf67bb9afb7fa141b1dd03f9c05fe447065f26000000000000000000000000000000000000000000000000000000000000000000060100000000000000000000000000000000000000000000000000000000000000000001b4c11951957c6f8f642c4af61cd6b24640fec6dc7fc607ee8206a99e92410d300001e58769b32a1beaf1ea27375a44095a0d1fb664ce2dd358e7fcbfb78c26a19344010eb01ebfc9ed27500cd4dfc979272d1f0913cc9f66540d7e8005811109e1cf2d"
                }
            },
            {
                "key": "0x04000000000000000000000000000000000000000000000000000000000000",