{
    "config": {
        "seed": "42",
        "max_steps": 4294967295,
        "safrole": false,
        "profile": {
            "full": null
        },
        "fuzzy_profile": {
            "full": null
        },
        "max_work_items": 3,
        "mutation_ratio": 0.0,
        "max_mutations": 0
    },
    "stats": {
        "steps": 1,
        "imported": 1,
        "import_max_step": 1,
        "import_min": 13.171166,
        "import_max": 13.171166,
        "import_mean": 13.171166,
        "import_p50": 13.171166,
        "import_p75": 0.0,
        "import_p90": 13.171166,
        "import_p99": 0.0,
        "import_std_dev": 0.0
    },
    "target": {
        "info": {
            "fuzz_version": 1,
            "fuzz_features": 2,
            "jam_version": {
                "major": 0,
                "minor": 7,
                "patch": 2
            },
            "app_version": {
                "major": 0,
                "minor": 3,
                "patch": 1
            },
            "app_name": "new_jamneration"
        },
        "stats": {
            "steps": 1,
            "imported": 1,
            "import_max_step": 1,
            "import_min": 954.119258,
            "import_max": 954.119258,
            "import_mean": 954.119258,
            "import_p50": 954.119258,
            "import_p75": 0.0,
            "import_p90": 954.119258,
            "import_p99": 0.0,
            "import_std_dev": 0.0
        }
    },
    "error": {
        "state_diff": {
            "roots": {
                "exp": "0xb11f892fddd5e3d7757ada0d9f563fee5c8c28bb979277cfe79ea342fd9dce7f",
                "got": "0x2e12bc7ac44f939cd6ea0fb42b68d43e0cf614f0a6281069c3b6f1ac2aa7e91c"
            },
            "keyvals": [
                {
                    "key": "0x0bd7714503b7ddfec13e507a95e86ec03add50794acc76edd9370aca5ecbf2",
                    "diff": {
                        "exp": "0x7ec19cbf101d24aa",
                        "got": "0x4884e6f8018832b0"
                    }
                },
                {
                    "key": "0x0d000000000000000000000000000000000000000000000000000000000000",
                    "diff": {
                        "exp": "0x0200000000000000000000000000000002000000060000000000000000000000000000000000000002000000050000000200000000000000000000000000000002000000070000000000000000000000000000000000000004000000070000000000000000000000000000000000000004000000060000000300000000000000010000003c000000040000000600000004000000000000000000000000000000060000000a00000000000000000000000000000000000000060000000a00000002000000000000000000000000000000060000000b0000000500000000000000020000007d390200040000000b00000001000000000000000000000000000000040000000b00000000000000000000000000000000000000040000000b0000008dcf060009828000b1cac0aa878e7606000781fd0084a597060b00000000000001a368000681a00001c06ba31c52162c000000000000000001af2480f14f2f000000000000000001c026edaaf14f2f000000000000000001c0d56b57a6476f0000018b990006819a00000058ff059a000000000000000001c0a443d8f72d9d0000018b6d000163000000f113f19d000001c04264000380e00001bed2c782fcc300000000000000000098cf051452d8000000000000000001c1c9000b7103dd000000000000000001c0e8fc",
                        "got": "0x0200000000000000000000000000000002000000060000000000000000000000000000000000000002000000050000000200000000000000000000000000000002000000070000000000000000000000000000000000000004000000070000000000000000000000000000000000000004000000060000000300000000000000010000003c000000040000000600000004000000000000000000000000000000060000000a00000000000000000000000000000000000000060000000a00000002000000000000000000000000000000060000000b0000000500000000000000020000007d390200040000000b00000001000000000000000000000000000000040000000b00000000000000000000000000000000000000040000000b0000008dcf060009828000b1cac0aa878e7606000781fd0084a597060b00000000000001a368000681a00001c06ba31c52162c000000000000000001af2480f14f2f000000000000000001c026edaaf14f2f000000000000000001c0d56b57a6476f0000018b990006819a00000058ff059a000000000000000001c0a443d8f72d9d0000018b6d000163000000f113f19d000001c04264000380e00001bed2c782fcc300000000000000000098cf051452d8000000000000000001c1c9000b7103dd000000000000000001c17d07"
                    }
                }
            ]
        }
    }
}