{
    "config": {
        "seed": "42",
        "profile": {
            "empty": null
        },
        "safrole": false,
        "max_work_items": 1,
        "max_service_keys": 10,
        "mutation_ratio": 0.1,
        "max_mutations": 0,
        "max_steps": 10000
    },
    "stats": {
        "steps": 1,
        "imported": 1,
        "import_max_step": 1,
        "import_min": 7.835894,
        "import_max": 7.835894,
        "import_mean": 7.835894,
        "import_p50": 7.835894,
        "import_p75": 0.0,
        "import_p90": 7.835894,
        "import_p99": 0.0,
        "import_std_dev": 0.0
    },
    "target": {
        "info": {
            "fuzz_version": 1,
            "fuzz_features": 2,
            "jam_version": {
                "major": 0,
                "minor": 7,
                "patch": 0
            },
            "app_version": {
                "major": 0,
                "minor": 0,
                "patch": 1
            },
            "app_name": "strawberry"
        },
        "stats": {
            "steps": 1,
            "imported": 1,
            "import_max_step": 1,
            "import_min": 51.638917,
            "import_max": 51.638917,
            "import_mean": 51.638917,
            "import_p50": 51.638917,
            "import_p75": 0.0,
            "import_p90": 51.638917,
            "import_p99": 0.0,
            "import_std_dev": 0.0
        }
    },
    "state_diff": {
        "roots": {
            "exp": "0x8d83579142ef1de71c25aff40f55c59ea270ddfbeb6e10d5e3038e564b502e6e",
            "got": "0x3de36f9560e4f75e802e737743db6f68c2093b0af1291466868b84fc4b9c044e"
        },
        "keyvals": [
            {
                "key": "0x0c000000000000000000000000000000000000000000000000000000000000",
                "diff": {
                    "exp": "0x000000000000000000000000b371f99900",
                    "got": "0x0000000000000000000000000000000000"
                }
            },
            {
                "key": "0xab3c9dbb209d0e3652c74a414e4f1aeb654366f776b1a96eef721991335b4d",
                "diff": {
                    "exp": "0x09000000",
                    "got": "0x08000000"
                }
            }
        ]
    },
    "import_diff": null
}
