{
    "config": {
        "seed": "42",
        "profile": {
            "empty": null
        },
        "safrole": false,
        "max_work_items": 1,
        "max_service_keys": 10,
        "mutation_ratio": 0.1,
        "max_mutations": 0,
        "max_steps": 10000
    },
    "stats": {
        "steps": 1,
        "imported": 1,
        "import_max_step": 1,
        "import_min": 23.740217,
        "import_max": 23.740217,
        "import_mean": 23.740217,
        "import_p50": 23.740217,
        "import_p75": 0.0,
        "import_p90": 23.740217,
        "import_p99": 0.0,
        "import_std_dev": 0.0
    },
    "target": {
        "info": {
            "fuzz_version": 1,
            "fuzz_features": 0,
            "jam_version": {
                "major": 0,
                "minor": 7,
                "patch": 0
            },
            "app_version": {
                "major": 0,
                "minor": 1,
                "patch": 4
            },
            "app_name": "turbojam"
        },
        "stats": {
            "steps": 1,
            "imported": 1,
            "import_max_step": 1,
            "import_min": 12.191535,
            "import_max": 12.191535,
            "import_mean": 12.191535,
            "import_p50": 12.191535,
            "import_p75": 0.0,
            "import_p90": 12.191535,
            "import_p99": 0.0,
            "import_std_dev": 0.0
        }
    },
    "state_diff": {
        "roots": {
            "exp": "0xcf6b66e9cc094c6dfb1bba59bfb000e801168b674115e882af99060d2841fea8",
            "got": "0xc90b4d18d46e179e52ef16f42b08d667810cba172d9223f9f1ddff1151dab7bc"
        },
        "keyvals": [
            {
                "key": "0x0d000000000000000000000000000000000000000000000000000000000000",
                "diff": {
                    "exp": "0x02000000000000000400000088fa04000200000008000000000000000000000000000000000000000200000006000000010000000000000000000000000000000400000008000000040000000000000003000000e6bb03000200000006000000020000000000000000000000000000000400000009000000020000000000000000000000000000000400000009000000000000000000000000000000000000000000000000000000000000000000000000000000000000000000000000000000000000000000000000000000000000000000000000000000000000000000000000000000000000000000000000000000000000000000000000000000000000000000000000000000000000000000000000000000000000000000000000000000818f0600000000816f91de85b80500000000816f91de1000000000000000000000000008c3255f0000c7f91a5500000189040000000000000000f1f91a5500000188da0000000001c0bef200001bfa1a5500000188da0000000000000000c06d795700000189040000000000000000ea6d79570000010000000000010000003e6e7957000000000000000001c10a110000686e7957000001000000000000000000c77c6ef6000000000000000000000100f17c6ef60000000000000000000001001b7d6ef6000000000000000000000100457d6ef60000000000000000000001006f7d6ef6000000000000000000000100997d6ef6000000000000000000000100c37d6ef6000000000000000000000100ed7d6ef6000000000000000000000100",
                    "got": "0x02000000000000000400000088fa04000200000008000000000000000000000000000000000000000200000006000000010000000000000000000000000000000400000008000000040000000000000003000000e6bb03000200000006000000020000000000000000000000000000000400000009000000020000000000000000000000000000000400000009000000000000000000000000000000000000000000000000000000000000000000000000000000000000000000000000000000000000000000000000000000000000000000000000000000000000000000000000000000000000000000000000000000000000000000000000000000000000000000000000000000000000000000000000000000000000000000000000000000818f0600000000816f91de85b80500000000816f91de1000000000000000000000000008c3255f0000c7f91a5500000189040000000000000000f1f91a5500000188da0000000001c0b4f200001bfa1a5500000188da0000000000000000c06d795700000189040000000000000000ea6d79570000010000000000010000003e6e7957000000000000000001c10a110000686e7957000001000000000000000000c77c6ef6000000000000000000000100f17c6ef60000000000000000000001001b7d6ef6000000000000000000000100457d6ef60000000000000000000001006f7d6ef6000000000000000000000100997d6ef6000000000000000000000100c37d6ef6000000000000000000000100ed7d6ef6000000000000000000000100"
                }
            },
            {
                "key": "0xf13cf9ad1a8455782f063b00b211287f061ddecc58bc658d538809fbae8387",
                "diff": {
                    "exp": "0xd180250000000000",
                    "got": "0xdb80250000000000"
                }
            },
            {
                "key": "0xf19af9701a0e55259c585b524dfe81a6988ef4ecee1beda1cc2c7be732edf9",
                "diff": {
                    "exp": "0x60000000000000003f72b36f023e0a26ba5e3bb25dccd8bc38055b9561f7ca61fecb0c957de7e577206cdcffffffffff00000000000000000a000000000000000a00000000000000127802000000000005000000ffffffffffffffff000000000800000000000000",
                    "got": "0x60000000000000003f72b36f023e0a26ba5e3bb25dccd8bc38055b9561f7ca61fecb0c957de7e5776460ecffffffffff00000000000000000a000000000000000a00000000000000127802000000000005000000ffffffffffffffff000000000800000000000000"
                }
            }
        ]
    },
    "import_diff": null
}
