{
    "config": {
        "seed": "42",
        "profile": {
            "empty": null
        },
        "safrole": false,
        "max_work_items": 1,
        "max_service_keys": 10,
        "mutation_ratio": 0.1,
        "max_mutations": 0,
        "max_steps": 10000
    },
    "stats": {
        "steps": 1,
        "imported": 1,
        "import_max_step": 1,
        "import_min": 11.579917,
        "import_max": 11.579917,
        "import_mean": 11.579917,
        "import_p50": 11.579917,
        "import_p75": 0.0,
        "import_p90": 11.579917,
        "import_p99": 0.0,
        "import_std_dev": 0.0
    },
    "target": {
        "info": {
            "fuzz_version": 1,
            "fuzz_features": 2,
            "jam_version": {
                "major": 0,
                "minor": 7,
                "patch": 0
            },
            "app_version": {
                "major": 0,
                "minor": 1,
                "patch": 0
            },
            "app_name": "jamzilla"
        },
        "stats": {
            "steps": 1,
            "imported": 1,
            "import_max_step": 1,
            "import_min": 12.595203,
            "import_max": 12.595203,
            "import_mean": 12.595203,
            "import_p50": 12.595203,
            "import_p75": 0.0,
            "import_p90": 12.595203,
            "import_p99": 0.0,
            "import_std_dev": 0.0
        }
    },
    "state_diff": {
        "roots": {
            "exp": "0x805077cb9aed3b02e556c9757980147e586e44297dceddead7190065b5d6def8",
            "got": "0xa5e195d4ab43a6eb9354b873dde5eb3e9aec11f0f97b8f72c6a973380f86a0fa"
        },
        "keyvals": [
            {
                "key": "0xff8d0048004f00a50000000000000000000000000000000000000000000000",
                "diff": {
                    "exp": "0x6c322032f9ffb452de811d2db63f5b654aefeeff6195f50f19c2c8598d0b8ae52902030000000000102700000000000010270000000000005d67010000000000000000000000000004000000050000000f00000000000000",
                    "got": "0x6c322032f9ffb452de811d2db63f5b654aefeeff6195f50f19c2c8598d0b8ae5290203000000000010270000000000001027000000000000ad66010000000000000000000000000003000000050000000f00000000000000"
                }
            }
        ]
    },
    "import_diff": null
}
