{
    "config": {
        "seed": "42",
        "max_steps": 4294967295,
        "safrole": false,
        "profile": {
            "full": null
        },
        "fuzzy_profile": {
            "full": null
        },
        "max_work_items": 3,
        "mutation_ratio": 0.0,
        "max_mutations": 0
    },
    "stats": {
        "steps": 4,
        "imported": 1,
        "import_max_step": 4,
        "import_min": 5.525865,
        "import_max": 5.525865,
        "import_mean": 5.525865,
        "import_p50": 5.525865,
        "import_p75": 0.0,
        "import_p90": 5.525865,
        "import_p99": 0.0,
        "import_std_dev": 0.0
    },
    "target": {
        "info": {
            "fuzz_version": 1,
            "fuzz_features": 2,
            "jam_version": {
                "major": 0,
                "minor": 7,
                "patch": 2
            },
            "app_version": {
                "major": 0,
                "minor": 3,
                "patch": 0
            },
            "app_name": "duna-target"
        },
        "stats": {
            "steps": 4,
            "imported": 1,
            "import_max_step": 4,
            "import_min": 9.439482,
            "import_max": 9.439482,
            "import_mean": 9.439482,
            "import_p50": 9.439482,
            "import_p75": 0.0,
            "import_p90": 9.439482,
            "import_p99": 0.0,
            "import_std_dev": 0.0
        }
    },
    "error": {
        "state_diff": {
            "roots": {
                "exp": "0x103e3abfc7a0e714519f3c4bd5483eff5d25a52fd154edb8fa08c8a6e1301563",
                "got": "0x490b2502eee795d8bb2e0f6b75fb5db2437588b789795cf28a84001c770b1e26"
            },
            "keyvals": [
                {
                    "key": "0x04000000000000000000000000000000000000000000000000000000000000",
                    "diff": {
                        "exp": "0x151e5c8fe2b9d8a606966a79edd2f9e5db47e83947ce368ccba53bf6ba20a40b8b8c5d436f92ecf605421e873a99ec528761eb52a88a2f9a057b3b3003e6f32a00000000000000000000000000000000000000000000000000000000000000000000000000000000000000000000000000000000000000000000000000000000000000000000000000000000000000000000000000000000000000000000000000000000000000000000000000000000000000000000000000000000000000000000000000000000000000000000000000000000000000000000ffff7f000001449c00000000000000000000000000000000000000000000000000000000000000000000000000000000000000000000000000000000000000000000000000000000000000000000000000000000000000000000000000000000000000000000000000000000000000000000000000002105650944fcd101621fd5bb3124c9fd191d114b7ad936c1d79d734f9f21392eab0084d01534b31c1dd87c81645fd762482a90027754041ca1b56133d0466c0600000000000000000000000000000000000000000000000000000000000000000000000000000000000000000000000000000000000000000000000000000000000000000000000000000000000000000000000000000000000000000000000000000000000000000000000000000000000000000000000000000000000000000000000000000000000000000000000000000000000000000000ffff7f000001459c0000000000000000000000000000000000000000000000000000000000000000000000000000000000000000000000000000000000000000000000000000000000000000000000000000000000000000000000000000000000000000000000000000000000000000000000000000dee6d555b82024f1ccf8a1e37e60fa60fd40b1958c4bb3006af78647950e1b91ad93247bd01307550ec7acd757ce6fb805fcf73db364063265b30a949e90d93300000000000000000000000000000000000000000000000000000000000000000000000000000000000000000000000000000000000000000000000000000000000000000000000000000000000000000000000000000000000000000000000000000000000000000000000000000000000000000000000000000000000000000000000000000000000000000000000000000000000000000000ffff7f000001419c0000000000000000000000000000000000000000000000000000000000000000000000000000000000000000000000000000000000000000000000000000000000000000000000000000000000000000000000000000000000000000000000000000000000000000000000000000e6011c457a74382b4aa33f570cb2cfb48db8ec1012d21e3460e1cdf43e9ac5ebf30aa5444688b3cab47697b37d5cac5707bb3289e986b19b17db437206931a8d00000000000000000000000000000000000000000000000000000000000000000000000000000000000000000000000000000000000000000000000000000000000000000000000000000000000000000000000000000000000000000000000000000000000000000000000000000000000000000000000000000000000000000000000000000000000000000000000000000000000000000000ffff7f000001439c00000000000000000000000000000000000000000000000000000000000000000000000000000000000000000000000000000000000000000000000000000000000000000000000000000000000000000000000000000000000000000000000000000000000000000000000000009326edb21e5541717fde24ec085000b28709847b8aab1ac51f84e94b37ca1b66cab2b9ff25c2410fbe9b8a717abb298c716a03983c98ceb4def2087500b8e34100000000000000000000000000000000000000000000000000000000000000000000000000000000000000000000000000000000000000000000000000000000000000000000000000000000000000000000000000000000000000000000000000000000000000000000000000000000000000000000000000000000000000000000000000000000000000000000000000000000000000000000ffff7f000001429c0000000000000000000000000000000000000000000000000000000000000000000000000000000000000000000000000000000000000000000000000000000000000000000000000000000000000000000000000000000000000000000000000000000000000000000000000000ff71c6c03ff88adb5ed52c9681de1629a54e702fc14729f6b50d2f0a76f185b34418fb8c85bb3985394a8c2756d3643457ce614546202a2f50b093d762499ace00000000000000000000000000000000000000000000000000000000000000000000000000000000000000000000000000000000000000000000000000000000000000000000000000000000000000000000000000000000000000000000000000000000000000000000000000000000000000000000000000000000000000000000000000000000000000000000000000000000000000000000ffff7f000001409c0000000000000000000000000000000000000000000000000000000000000000000000000000000000000000000000000000000000000000000000000000000000000000000000000000000000000000000000000000000000000000000000000000000000000000000000000000a6a0fcbae984422626d534fd10f77c5fe32c1a1046138d8693295bae3d1230b032c17c930bb2499cffdccef7fddf838ab915a91e6c4d1b2718545c9a5330a3f8c356cae3709d2520aa4cb2d0fc79a4fcd7d47bc22674dec41392ee662870026a92e630ae2b14e758ab0960e372172203f4c9a41777dadd529971d7ab9d23ab29fe0e9c85ec450505dde7f5ac038274cf019326edb21e5541717fde24ec085000b28709847b8aab1ac51f84e94b37ca1b669326edb21e5541717fde24ec085000b28709847b8aab1ac51f84e94b37ca1b662105650944fcd101621fd5bb3124c9fd191d114b7ad936c1d79d734f9f21392e151e5c8fe2b9d8a606966a79edd2f9e5db47e83947ce368ccba53bf6ba20a40be6011c457a74382b4aa33f570cb2cfb48db8ec1012d21e3460e1cdf43e9ac5eb151e5c8fe2b9d8a606966a79edd2f9e5db47e83947ce368ccba53bf6ba20a40b9326edb21e5541717fde24ec085000b28709847b8aab1ac51f84e94b37ca1b66e6011c457a74382b4aa33f570cb2cfb48db8ec1012d21e3460e1cdf43e9ac5eb2105650944fcd101621fd5bb3124c9fd191d114b7ad936c1d79d734f9f21392edee6d555b82024f1ccf8a1e37e60fa60fd40b1958c4bb3006af78647950e1b91ff71c6c03ff88adb5ed52c9681de1629a54e702fc14729f6b50d2f0a76f185b3151e5c8fe2b9d8a606966a79edd2f9e5db47e83947ce368ccba53bf6ba20a40b00",