{
    "config": {
        "seed": "42",
        "max_steps": 4294967295,
        "safrole": false,
        "profile": {
            "full": null
        },
        "fuzzy_profile": {
            "full": null
        },
        "max_work_items": 3,
        "mutation_ratio": 0.0,
        "max_mutations": 0
    },
    "stats": {
        "steps": 1,
        "imported": 1,
        "import_max_step": 1,
        "import_min": 8.743488000000001,
        "import_max": 8.743488000000001,
        "import_mean": 8.743488000000001,
        "import_p50": 8.743488000000001,
        "import_p75": 0.0,
        "import_p90": 8.743488000000001,
        "import_p99": 0.0,
        "import_std_dev": 0.0
    },
    "target": {
        "info": {
            "fuzz_version": 1,
            "fuzz_features": 2,
            "jam_version": {
                "major": 0,
                "minor": 7,
                "patch": 2
            },
            "app_version": {
                "major": 0,
                "minor": 3,
                "patch": 6
            },
            "app_name": "duna-target"
        },
        "stats": {
            "steps": 1,
            "imported": 1,
            "import_max_step": 1,
            "import_min": 63.808053,
            "import_max": 63.808053,
            "import_mean": 63.808053,
            "import_p50": 63.808053,
            "import_p75": 0.0,
            "import_p90": 63.808053,
            "import_p99": 0.0,
            "import_std_dev": 0.0
        }
    },
    "error": {
        "state_diff": {
            "roots": {
                "exp": "0x1227f691fdcac82de6b3546a160da49318d1f28bfc31fe47cc455f65b284ce80",
                "got": "0x439dd35424c4039bd9b5720058816e433d89d1db6687969e5b829d7d8d1f02e3"
            },
            "keyvals": [
                {
                    "key": "0x0d000000000000000000000000000000000000000000000000000000000000",
                    "diff": {
                        "exp": "0x02000000000000000000000000000000040000000900000001000000000000000000000000000000040000000900000001000000000000000000000000000000030000000a00000001000000000000000000000000000000030000000900000005000000000000000000000000000000040000000a00000000000000000000000000000000000000030000000900000001000000000000000000000000000000070000000b00000003000000000000000000000000000000070000000b00000000000000000000000000000000000000080000000b00000001000000000000000100000035000000080000000c00000002000000000000000000000000000000080000000c00000005000000000000000000000000000000050000000b000000000300000000000088a105000000000000045228cb54000000000000000002c091eca628cb54000000000000000001c001f448fe4c57000000000000000001c060f43f3761d5000000000000000001c06a48",
                        "got": "0x02000000000000000000000000000000040000000900000001000000000000000000000000000000040000000900000001000000000000000000000000000000030000000a00000001000000000000000000000000000000030000000900000005000000000000000000000000000000040000000a00000000000000000000000000000000000000030000000900000001000000000000000000000000000000070000000b00000003000000000000000000000000000000070000000b00000000000000000000000000000000000000080000000b00000001000000000000000100000035000000080000000c00000002000000000000000000000000000000080000000c00000005000000000000000000000000000000050000000b000000000300000000000088a105000000000000045228cb5400000000000000000200a628cb54000000000000000001ccc57548fe4c57000000000000000001c060f43f3761d5000000000000000001c06a48"
                    }
                },
                {
                    "key": "0x5229282ccbd15440bc50d602526f4b46e8aca90eb8c77c165b6497cae7625f",
                    "diff": {
                        "exp": "0x19000000",
                        "got": "0x18000000"
                    }
                },
                {
                    "key": "0x52d928d8cbc754a728716601ff41b69f853105e6485a79109d4d3e252fb630",
                    "diff": {
                        "exp": "0x0f0000000044f1420e2828cb545228cb54a628cb54d028cb5448fe4c57dd391981073a19812457d9814d8b7a8479fecc9d6fda84a33f3761d549868dd4",
                        "got": "0x110000000044f1420e2828cb545228cb547c28cb54a628cb54d028cb54fa28cb5448fe4c57dd391981073a19812457d9814d8b7a8479fecc9d6fda84a33f3761d5bbafb37f"
                    }
                },
                {
                    "key": "0xa629282ccbd15440bc50d602526f4b46e8aca90eb8c77c165b6497cae7625f",
                    "diff": {
                        "exp": "0x1d000000",
                        "got": "0x1e000000"
                    }
                },
                {
                    "key": "0xff52002800cb00540000000000000000000000000000000000000000000000",
                    "diff": {
                        "exp": "0x00bb8648e2eb5cab1ebb8129eca29c8af2e5155fe1ac9400ab01852a1e0cc82b1ee4f305000000000010270000000000001027000000000000eb6802000000000000000000000000001300000006000000bd00000000000000",
                        "got": "0x00bb8648e2eb5cab1ebb8129eca29c8af2e5155fe1ac9400ab01852a1e0cc82b1ee4f305000000000010270000000000001027000000000000f36802000000000000000000000000001300000006000000bd00000000000000"
                    }
                }
            ]
        }
    }
}