{
    "config": {
        "seed": "42",
        "profile": {
            "fuzzy": null
        },
        "safrole": false,
        "max_work_items": 1,
        "max_service_keys": 10,
        "mutation_ratio": 0.1,
        "max_mutations": 0,
        "max_steps": 10000
    },
    "stats": {
        "steps": 1,
        "imported": 1,
        "import_max_step": 1,
        "import_min": 9.123522,
        "import_max": 9.123522,
        "import_mean": 9.123522,
        "import_p50": 9.123522,
        "import_p75": 0.0,
        "import_p90": 9.123522,
        "import_p99": 0.0,
        "import_std_dev": 0.0
    },
    "target": {
        "info": {
            "fuzz_version": 1,
            "fuzz_features": 2,
            "jam_version": {
                "major": 0,
                "minor": 7,
                "patch": 1
            },
            "app_version": {
                "major": 0,
                "minor": 3,
                "patch": 1
            },
            "app_name": "vinwolf-target"
        },
        "stats": {
            "steps": 1,
            "imported": 1,
            "import_max_step": 1,
            "import_min": 11.687648,
            "import_max": 11.687648,
            "import_mean": 11.687648,
            "import_p50": 11.687648,
            "import_p75": 0.0,
            "import_p90": 11.687648,
            "import_p99": 0.0,
            "import_std_dev": 0.0
        }
    },
    "state_diff": {
        "roots": {
            "exp": "0xf11167d8876c442f8b69f6a36402cc130b7d003113d593ac2519231fe11fc2dc",
            "got": "0x62454e76ba44fdd2058867be44917e644d6383e5ad28bdfef8e73b0f671231e4"
        },
        "keyvals": [
            {
                "key": "0x00450019006a0051135ef0225518c5ddc999419ffbf52cf2d4213d55af782e",
                "diff": {
                    "exp": "0x01000000",
                    "got": "0x"
                }
            },
            {
                "key": "0x00f00078008e0099cd2569e9ccf2045b86062b3e1b16723b5cd83807dab284",
                "diff": {
                    "exp": "0x00000000ba50000000000000726566696c6c0000000000000000000000000000000000000000000000000000000000000000000000000000000000000000000000000000000000000000000000000000000000000000000000000000000000000000000000000000000000000000000000000000000000000000000000000000000000000000000000000000",
                    "got": "0x"
                }
            },
            {
                "key": "0x0d000000000000000000000000000000000000000000000000000000000000",
                "diff": {
                    "exp": "0x010000000000000000000000000000000200000004000000000000000000000000000000000000000200000003000000010000000000000000000000000000000200000003000000020000000000000000000000000000000200000003000000000000000000000000000000000000000200000003000000010000000000000000000000000000000200000003000000000000000000000000000000000000000000000000000000000000000000000000000000000000000000000000000000000000000000000000000000000000000000000000000000000000000000000000000000000000000000000000000000000000000000000000000000000000000000000000000000000000000000000000000000000000000000000000000000000000000000817ba165817b050000000081a8b28d0100000000000002c0f2530000000001c013d4",
                    "got": "0x010000000000000000000000000000000200000004000000000000000000000000000000000000000200000003000000010000000000000000000000000000000200000003000000020000000000000000000000000000000200000003000000000000000000000000000000000000000200000003000000010000000000000000000000000000000200000003000000000000000000000000000000000000000000000000000000000000000000000000000000000000000000000000000000000000000000000000000000000000000000000000000000000000000000000000000000000000000000000000000000000000000000000000000000000000000000000000000000000000000000000000000000000000000000000000000000000000000000817ba165817b050000000081a8b28d0100000000000002c0f2530000000001c08aba"
                }
            },
            {
                "key": "0xff000000000000000000000000000000000000000000000000000000000000",
                "diff": {
                    "exp": "0x0069076f38642f87e2037a88d4a583b03703c744af1f02bd0bbd7df93ce1ef8f6ca91cf4ffffffffff0a000000000000000a00000000000000151a020000000000ffffffffffffffff08000000000000000500000000000000",
                    "got": "0x0069076f38642f87e2037a88d4a583b03703c744af1f02bd0bbd7df93ce1ef8f6ca91cf4ffffffffff0a000000000000000a000000000000002a19020000000000ffffffffffffffff06000000000000000500000000000000"
                }
            }
        ]
    },
    "import_diff": null
}
