{
    "config": {
        "seed": "42",
        "profile": {
            "empty": null
        },
        "safrole": false,
        "max_work_items": 1,
        "max_service_keys": 10,
        "mutation_ratio": 0.1,
        "max_mutations": 0,
        "max_steps": 10000
    },
    "stats": {
        "steps": 1,
        "imported": 1,
        "import_max_step": 1,
        "import_min": 11.582003,
        "import_max": 11.582003,
        "import_mean": 11.582003,
        "import_p50": 11.582003,
        "import_p75": 0.0,
        "import_p90": 11.582003,
        "import_p99": 0.0,
        "import_std_dev": 0.0
    },
    "target": {
        "info": {
            "fuzz_version": 1,
            "fuzz_features": 2,
            "jam_version": {
                "major": 0,
                "minor": 7,
                "patch": 0
            },
            "app_version": {
                "major": 0,
                "minor": 2,
                "patch": 12
            },
            "app_name": "duna-target"
        },
        "stats": {
            "steps": 1,
            "imported": 1,
            "import_max_step": 1,
            "import_min": 58.938373000000006,
            "import_max": 58.938373000000006,
            "import_mean": 58.938373000000006,
            "import_p50": 58.938373000000006,
            "import_p75": 0.0,
            "import_p90": 58.938373000000006,
            "import_p99": 0.0,
            "import_std_dev": 0.0
        }
    },
    "state_diff": {
        "roots": {
            "exp": "0xa3302915389fb00a644a6493ecc48d94a7dcb7fccaceacff9944f3bd535cceb0",
            "got": "0xd1a64381676f280e02f994159e56270a7f749b1a3ed3a47cc853968df841b58f"
        },
        "keyvals": [
            {
                "key": "0x03000000000000000000000000000000000000000000000000000000000000",
                "diff": {
                    "exp": "0x080acde2f17f18d3bd1276a76f7ead2aebde206e09b10a6857886103ab8293729cc249a74b5e9302ec24cdfa00124814bc118820287636e95a1b8f2d789b045b69822b15369e54a8b891b497291f1c336c2dcb29b3b6cbb82d812306ec207ac57501e8032ec64fa643fa952da1e660208fb48716ee808f1f6ffb88126105185e98ab0000000000000000000000000000000000000000000000000000000000000000d4b10cdc872b8fda7ab7c116ae72ed472cc95f41bccc83fe0476f05276c16d47741c35f8b31c54b0220742bdca757ab681680e296d8179e1a77c168be7673a4e6c7c354c9313c8dda4391257d2f85821ca72baef26bd72bc32e19a67a08f1fd600512b29b7227ba6846a8009cae9a80f5c3c8d44dd79eb9550557fd0a6778f01c7dd01a56d0258f9667181af066a8c0e9fc534bb2920eac05c32c40567647f4d7bb6f7ef1ba9994f8b2d31b5ed601b9d574863db2dffcd40a316259cc8b6d7689f01568313bb198ad7d25ca448b98b836fa19edeb80a696aed80ee759197b395135e000000000000000000000000000000000000000000000000000000000000000095ff7a6e260ecfa742b793a22bfb0cec3622ecd31bb9a5cbd01e5a5a83df49ce759cce48bb49f0490b0db18d368d23dcce5a7c4fe1dfd95cfaca8fe13d29ff6107d437bdc02fbda1995b433e24d3e7a36b3cf01c101ed88346913b9a0f86cb1d016fd54314301573402c4880fcf9472a35838843567d694da22ce83e14e5a33eb5000000000000000000000000000000000000000000000000000000000000000020e29e6d8840613b04ecef16a650bfabaa70eeb3f8af895a8f916ea0bdfb41943de87685c7267a651eaff60f5b13165c19fea22471367419adad11d688229fb530937f9fc9b8612c383fb9d24d41bab87d8cee010ed9cd4f1c779b72cc02380901438eed141d726b06324e3061ee767d6e49e18bdcfac44022d1d6b3e17d40537400000000000000000000000000000000000000000000000000000000000000005432bc06c106a3a4e7ff417a2cf24d3f50d2059889fc1e32d2127b76fd878d086d810ecf7a64d15d56baee74cc150fd49026209b04b34b8b9398d950a52bb32bab6017009bd5354005b2b13e1d90c63097cfc4f7e5911fb774c2be3505853760001ade6f24f25228c6ba3b069224f7c8c465d55075f5e7f9617660752b0f7c37a8cdcd2e31f768098b3e9803ae41e200d1093692fedaa14721e0d4226f79efdc1793a62abbf7407a8110647b238a2269f29c7e61749a63afe1880feb3b8f79db9d016d9bbcce6e8febcfada7b75623f4c4d4af523612d9fda5f3828e699f7b3f4667000000000000000000000000000000000000000000000000000000000000000089ff7d168d8473e96fbd43627c5304dc1e17b0814ed3ac37e70406fb3751ff03be78a603c8fd7bdddcea98e520670f236b6fd341192947ce6fa2e95a1bf60564000000000000000000000000000000000000000000000000000000000000000001aaffbc59dc1d8853ecf97d76c0bf2763a2f42568c740456be9c62c5a6968704000000000000000000000000000000000000000000000000000000000000000000a0001a29d28d8cb9d42feef8d7b1c9cff1fa13ad4b2e8506bec74cd5e4898628e989d01e3587783091577c5f8f68f741ff5760da726697a5c31519c40e8b2cc342babb90001f4990adaa6d590fffd07f84ff5b9dfdccfd9bd06e2665d55b21fdc400f162694000145bf5ae78da26054975972ee2bb8e1651a2ddbd734573fc48837a78f768bf2bb00000100012bc6209c65a3df6be317252eb1604c173692425f3d335b2ec16cef21fcaf",
                    "got": "0x080acde2f17f18d3bd1276a76f7ead2aebde206e09b10a6857886103ab8293729cc249a74b5e9302ec24cdfa00124814bc118820287636e95a1b8f2d789b045b69822b15369e54a8b891b497291f1c336c2dcb29b3b6cbb82d812306ec207ac57501e8032ec64fa643fa952da1e660208fb48716ee808f1f6ffb88126105185e98ab0000000000000000000000000000000000000000000000000000000000000000d4b10cdc872b8fda7ab7c116ae72ed472cc95f41bccc83fe0476f05276c16d47741c35f8b31c54b0220742bdca757ab681680e296d8179e1a77c168be7673a4e6c7c354c9313c8dda4391257d2f85821ca72baef26bd72bc32e19a67a08f1fd600512b29b7227ba6846a8009cae9a80f5c3c8d44dd79eb9550557fd0a6778f01c7dd01a56d0258f9667181af066a8c0e9fc534bb2920eac05c32c40567647f4d7bb6f7ef1ba9994f8b2d31b5ed601b9d574863db2dffcd40a316259cc8b6d7689f01568313bb198ad7d25ca448b98b836fa19edeb80a696aed80ee759197b395135e000000000000000000000000000000000000000000000000000000000000000095ff7a6e260ecfa742b793a22bfb0cec3622ecd31bb9a5cbd01e5a5a83df49ce759cce48bb49f0490b0db18d368d23dcce5a7c4fe1dfd95cfaca8fe13d29ff6107d437bdc02fbda1995b433e24d3e7a36b3cf01c101ed88346913b9a0f86cb1d016fd54314301573402c4880fcf9472a35838843567d694da22ce83e14e5a33eb5000000000000000000000000000000000000000000000000000000000000000020e29e6d8840613b04ecef16a650bfabaa70eeb3f8af895a8f916ea0bdfb41943de87685c7267a651eaff60f5b13165c19fea22471367419adad11d688229fb530937f9fc9b8612c383fb9d24d41bab87d8cee010ed9cd4f1c779b72cc02380901438eed141d726b06324e3061ee767d6e49e18bdcfac44022d1d6b3e17d40537400000000000000000000000000000000000000000000000000000000000000005432bc06c106a3a4e7ff417a2cf24d3f50d2059889fc1e32d2127b76fd878d086d810ecf7a64d15d56baee74cc150fd49026209b04b34b8b9398d950a52bb32bab6017009bd5354005b2b13e1d90c63097cfc4f7e5911fb774c2be3505853760001ade6f24f25228c6ba3b069224f7c8c465d55075f5e7f9617660752b0f7c37a8cdcd2e31f768098b3e9803ae41e200d1093692fedaa14721e0d4226f79efdc1793a62abbf7407a8110647b238a2269f29c7e61749a63afe1880feb3b8f79db9d016d9bbcce6e8febcfada7b75623f4c4d4af523612d9fda5f3828e699f7b3f4667000000000000000000000000000000000000000000000000000000000000000089ff7d168d8473e96fbd43627c5304dc1e17b0814ed3ac37e70406fb3751ff031e2289235c42df44249ab84e1eac454aa7901a1f9751f7739e52ddbec01e4e7f000000000000000000000000000000000000000000000000000000000000000001aaffbc59dc1d8853ecf97d76c0bf2763a2f42568c740456be9c62c5a6968704000000000000000000000000000000000000000000000000000000000000000000a0001ad3228b676f7d3cd4284a5443f17f1962b36e491b30a40b2405849e597ba5fb501e3587783091577c5f8f68f741ff5760da726697a5c31519c40e8b2cc342babb90001f4990adaa6d590fffd07f84ff5b9dfdccfd9bd06e2665d55b21fdc400f162694000145bf5ae78da26054975972ee2bb8e1651a2ddbd734573fc48837a78f768bf2bb00000100012bc6209c65a3df6be317252eb1604c173692425f3d335b2ec16cef21fcaf"
                }
            },
            {
                "key": "0x0d000000000000000000000000000000000000000000000000000000000000",