{
    "config": {
        "seed": "1767871405_1773",
        "max_steps": 2000000,
        "safrole": false,
        "profile": {
            "fuzzy": null
        },
        "fuzzy_profile": {
            "rand": null
        },
        "max_work_items": 5,
        "mutation_ratio": 0.1,
        "max_mutations": 5
    },
    "stats": {
        "steps": 361,
        "imported": 128,
        "import_max_step": 101,
        "import_min": 1.4271019999999999,
        "import_max": 353.66669499999995,
        "import_mean": 19.8206749375,
        "import_p50": 6.007,
        "import_p75": 9.212,
        "import_p90": 14.188,
        "import_p99": 324.083,
        "import_std_dev": 54.616551133339854
    },
    "target": {
        "info": {
            "fuzz_version": 1,
            "fuzz_features": 2,
            "jam_version": {
                "major": 0,
                "minor": 7,
                "patch": 2
            },
            "app_version": {
                "major": 0,
                "minor": 1,
                "patch": 0
            },
            "app_name": "jamzig-target"
        },
        "stats": {
            "steps": 361,
            "imported": 128,
            "import_max_step": 188,
            "import_min": 1.2675150000000002,
            "import_max": 518.7060799999999,
            "import_mean": 35.58645162500001,
            "import_p50": 16.959,
            "import_p75": 24.341,
            "import_p90": 43.75,
            "import_p99": 428.279,
            "import_std_dev": 74.23896352286968
        }
    },
    "error": {
        "state_diff": {
            "roots": {
                "exp": "0x066309cd84cbd94ff5bf593cfed84f9d377ad4df4b81b3cebc84fa4fee8ccbb3",
                "got": "0xae8a17095cfc64ec054e73fff92442a760352e68b4d98f81fb69888350252efe"
            },
            "keyvals": [
                {
                    "key": "0x0d000000000000000000000000000000000000000000000000000000000000",
                    "diff": {
                        "exp": "0x00000000000000000000000000000000010000000200000001000000000000000000000000000000000000000300000000000000000000000000000000000000000000000300000001000000000000000000000000000000010000000200000001000000000000000000000000000000010000000200000000000000000000000000000000000000000000000300000000000000000000000000000000000000050000000b00000001000000000000000000000000000000050000000b00000002000000000000000000000000000000050000000900000002000000000000000000000000000000050000000b00000004000000000000000100000015000000050000000c00000003000000000000000000000000000000050000000a0000008ddf0500000000000095b60500000000000005df1a3c2a000000000000000003c19ac811ff7a55000000000000000002c1d2bfc20a2b7d000000000000000001c08364b7f1d79a000000000000000001c626a715485dfb000000000000000002c012c9",
                        "got": "0x00000000000000000000000000000000010000000200000001000000000000000000000000000000000000000300000000000000000000000000000000000000000000000300000001000000000000000000000000000000010000000200000001000000000000000000000000000000010000000200000000000000000000000000000000000000000000000300000000000000000000000000000000000000050000000b00000001000000000000000000000000000000050000000b00000002000000000000000000000000000000050000000900000002000000000000000000000000000000050000000b00000004000000000000000100000015000000050000000c00000003000000000000000000000000000000050000000a0000008ddf0500000000000095b60500000000000005df1a3c2a000000000000000003c19ac811ff7a55000000000000000002c1d2bfc20a2b7d000000000000000001c08364b7f1d79a000000000000000001c626a715485dfb000000000000000002c068a1"
                    }
                },
                {
                    "key": "0x15d748455db7fbfec13e507a95e86ec03add50794acc76edd9370aca5ecbf2",
                    "diff": {
                        "exp": "0x7be9d87ee20574c3",
                        "got": "0xb7d289a3c330edca"
                    }
                }
            ]
        }
    }
}