{
    "config": {
        "seed": "1767896003_1257",
        "max_steps": 1000000,
        "safrole": false,
        "profile": {
            "fuzzy": null
        },
        "fuzzy_profile": {
            "rand": null
        },
        "max_work_items": 5,
        "mutation_ratio": 0.1,
        "max_mutations": 5
    },
    "stats": {
        "steps": 1496,
        "imported": 494,
        "import_max_step": 421,
        "import_min": 1.466519,
        "import_max": 8035.408398,
        "import_mean": 117.29466921457482,
        "import_p50": 6.034,
        "import_p75": 9.569,
        "import_p90": 52.091,
        "import_p99": 5290.57,
        "import_std_dev": 766.6089385277315
    },
    "target": {
        "info": {
            "fuzz_version": 1,
            "fuzz_features": 2,
            "jam_version": {
                "major": 0,
                "minor": 7,
                "patch": 2
            },
            "app_version": {
                "major": 0,
                "minor": 2,
                "patch": 6
            },
            "app_name": "Jamixir"
        },
        "stats": {
            "steps": 1496,
            "imported": 494,
            "import_max_step": 157,
            "import_min": 9.012898,
            "import_max": 557.11051,
            "import_mean": 57.76222533603239,
            "import_p50": 37.716,
            "import_p75": 69.372,
            "import_p90": 130.166,
            "import_p99": 260.08,
            "import_std_dev": 62.20922078937373
        }
    },
    "error": {
        "state_diff": {
            "roots": {
                "exp": "0x29e97e977ba4e7b45635eafc9161216b0c2f23533f69098334a34d52c5a51de1",
                "got": "0x8d5ef4409d0a6814e5eea27fd22fb5123bbb87add6b6106a5adc1f6d3547d4ad"
            },
            "keyvals": [
                {
                    "key": "0x0d000000000000000000000000000000000000000000000000000000000000",
                    "diff": {
                        "exp": "0x00000000000000000000000000000000030000000500000002000000000000000000000000000000040000000500000003000000000000000000000000000000040000000400000000000000000000000000000000000000000000000500000000000000000000000000000000000000000000000500000000000000000000000000000000000000020000000400000002000000000000000000000000000000070000000a0000000100000000000000010000003d390200010000000a00000002000000000000000000000000000000010000000900000002000000000000000200000058390200070000000b00000002000000000000000000000000000000070000000c000000030000000000000003000000b7ab0600020000000a0000008bf905002788ac00c09795c18657000000000000000008000000000000019f92000a8229000000122f2d0e000000000000000001a98df9e62334000000000000000001a98d1f3d9a4b0000018b5a000681bf000000ba6e8699000001c042640006811b000000e46e8699000001c01664000981cb0000007cedc8d6000001c04264000881de00000081c1fbf6000000000000000001a98d",
                        "got": "0x00000000000000000000000000000000030000000500000002000000000000000000000000000000040000000500000003000000000000000000000000000000040000000400000000000000000000000000000000000000000000000500000000000000000000000000000000000000000000000500000000000000000000000000000000000000020000000400000002000000000000000000000000000000070000000a0000000100000000000000010000003d390200010000000a00000002000000000000000000000000000000010000000900000002000000000000000200000058390200070000000b00000002000000000000000000000000000000070000000c000000030000000000000003000000b7ab0600020000000a0000008bf905002788ac00c09795c18657000000000000000008000000000000019f92000a8229000000122f2d0e000000000000000001a98df9e62334000000000000000001a98d1f3d9a4b0000018b5a000681bf000000ba6e8699000001c042640006811b000000e46e8699000001c01664000981cb0000007cedc8d6000001c04264000881de00000081c1fbf6000000000000000001a98f"
                    }
                }
            ]
        }
    }
}