{
    "config": {
        "seed": "42",
        "max_steps": 4294967295,
        "safrole": false,
        "profile": {
            "full": null
        },
        "fuzzy_profile": {
            "full": null
        },
        "max_work_items": 3,
        "mutation_ratio": 0.0,
        "max_mutations": 0
    },
    "stats": {
        "steps": 3,
        "imported": 1,
        "import_max_step": 3,
        "import_min": 6.107342,
        "import_max": 6.107342,
        "import_mean": 6.107342,
        "import_p50": 6.107342,
        "import_p75": 0.0,
        "import_p90": 6.107342,
        "import_p99": 0.0,
        "import_std_dev": 0.0
    },
    "target": {
        "info": {
            "fuzz_version": 1,
            "fuzz_features": 2,
            "jam_version": {
                "major": 0,
                "minor": 7,
                "patch": 2
            },
            "app_version": {
                "major": 0,
                "minor": 2,
                "patch": 6
            },
            "app_name": "Jamixir"
        },
        "stats": {
            "steps": 3,
            "imported": 1,
            "import_max_step": 3,
            "import_min": 27.881467,
            "import_max": 27.881467,
            "import_mean": 27.881467,
            "import_p50": 27.881467,
            "import_p75": 0.0,
            "import_p90": 27.881467,
            "import_p99": 0.0,
            "import_std_dev": 0.0
        }
    },
    "error": {
        "state_diff": {
            "roots": {
                "exp": "0x29e97e977ba4e7b45635eafc9161216b0c2f23533f69098334a34d52c5a51de1",
                "got": "0x8d5ef4409d0a6814e5eea27fd22fb5123bbb87add6b6106a5adc1f6d3547d4ad"
            },
            "keyvals": [
                {
                    "key": "0x0d000000000000000000000000000000000000000000000000000000000000",
                    "diff": {
                        "exp": "0x00000000000000000000000000000000030000000500000002000000000000000000000000000000040000000500000003000000000000000000000000000000040000000400000000000000000000000000000000000000000000000500000000000000000000000000000000000000000000000500000000000000000000000000000000000000020000000400000002000000000000000000000000000000070000000a0000000100000000000000010000003d390200010000000a00000002000000000000000000000000000000010000000900000002000000000000000200000058390200070000000b00000002000000000000000000000000000000070000000c000000030000000000000003000000b7ab0600020000000a0000008bf905002788ac00c09795c18657000000000000000008000000000000019f92000a8229000000122f2d0e000000000000000001a98df9e62334000000000000000001a98d1f3d9a4b0000018b5a000681bf000000ba6e8699000001c042640006811b000000e46e8699000001c01664000981cb0000007cedc8d6000001c04264000881de00000081c1fbf6000000000000000001a98d",
                        "got": "0x00000000000000000000000000000000030000000500000002000000000000000000000000000000040000000500000003000000000000000000000000000000040000000400000000000000000000000000000000000000000000000500000000000000000000000000000000000000000000000500000000000000000000000000000000000000020000000400000002000000000000000000000000000000070000000a0000000100000000000000010000003d390200010000000a00000002000000000000000000000000000000010000000900000002000000000000000200000058390200070000000b00000002000000000000000000000000000000070000000c000000030000000000000003000000b7ab0600020000000a0000008bf905002788ac00c09795c18657000000000000000008000000000000019f92000a8229000000122f2d0e000000000000000001a98df9e62334000000000000000001a98d1f3d9a4b0000018b5a000681bf000000ba6e8699000001c042640006811b000000e46e8699000001c01664000981cb0000007cedc8d6000001c04264000881de00000081c1fbf6000000000000000001a98f"
                    }
                }
            ]
        }
    }
}