{
  "info": {
    "name": "PyJAMaz",
    "app_version": {
      "major": 0,
      "minor": 1,
      "patch": 5
    },
    "jam_version": {
      "major": 0,
      "minor": 7,
      "patch": 0
    }
  },
  "stats": {
    "steps": 100,
    "imported": 100,
    "import_max_step": 56,
    "import_min": 11.246145,
    "import_max": 4113.910791,
    "import_mean": 923.0572277499996,
    "import_p50": 584.273,
    "import_p75": 1235.788,
    "import_p90": 2539.126,
    "import_p99": 3670.801,
    "import_std_dev": 1095.416172963664
  }
}
