{
  "info": {
    "name": "PyJAMaz",
    "app_version": {
      "major": 0,
      "minor": 1,
      "patch": 8
    },
    "jam_version": {
      "major": 0,
      "minor": 7,
      "patch": 0
    }
  },
  "stats": {
    "steps": 100,
    "imported": 100,
    "import_max_step": 56,
    "import_min": 8.471325,
    "import_max": 3456.62429,
    "import_mean": 791.5055854700004,
    "import_p50": 498.732,
    "import_p75": 1066.39,
    "import_p90": 2176.721,
    "import_p99": 3152.174,
    "import_std_dev": 942.5205421975603
  }
}
