{
  "info": {
    "name": "PyJAMaz",
    "app_version": {
      "major": 0,
      "minor": 1,
      "patch": 10
    },
    "jam_version": {
      "major": 0,
      "minor": 7,
      "patch": 0
    }
  },
  "stats": {
    "steps": 100,
    "imported": 100,
    "import_max_step": 8,
    "import_min": 7.7393030000000005,
    "import_max": 2004.7696689999998,
    "import_mean": 489.8109181299999,
    "import_p50": 237.014,
    "import_p75": 836.782,
    "import_p90": 1169.248,
    "import_p99": 1737.936,
    "import_std_dev": 529.2231277052842
  }
}
