{
    "config": {
        "seed": "42",
        "profile": {
            "fuzzy": null
        },
        "safrole": false,
        "max_work_items": 1,
        "max_service_keys": 10,
        "mutation_ratio": 0.1,
        "max_mutations": 0,
        "max_steps": 10000
    },
    "stats": {
        "steps": 1,
        "imported": 1,
        "import_max_step": 1,
        "import_min": 9.970602,
        "import_max": 9.970602,
        "import_mean": 9.970602,
        "import_p50": 9.970602,
        "import_p75": 0.0,
        "import_p90": 9.970602,
        "import_p99": 0.0,
        "import_std_dev": 0.0
    },
    "target": {
        "info": {
            "fuzz_version": 1,
            "fuzz_features": 2,
            "jam_version": {
                "major": 0,
                "minor": 7,
                "patch": 1
            },
            "app_version": {
                "major": 0,
                "minor": 7,
                "patch": 1
            },
            "app_name": "tsjam-0.7.1-tiny-a648e42d"
        },
        "stats": {
            "steps": 1,
            "imported": 1,
            "import_max_step": 1,
            "import_min": 51.889324,
            "import_max": 51.889324,
            "import_mean": 51.889324,
            "import_p50": 51.889324,
            "import_p75": 0.0,
            "import_p90": 51.889324,
            "import_p99": 0.0,
            "import_std_dev": 0.0
        }
    },
    "state_diff": {
        "roots": {
            "exp": "0x172da3530d15d9619a69a904d7b37b111f1267c555d7b8d6e02a822af9dc5928",
            "got": "0xb12c916394760b8eac4ec3ec0f26997592a15b71b8a80d060429328a6ddfa462"
        },
        "keyvals": [
            {
                "key": "0xff000000000000000000000000000000000000000000000000000000000000",
                "diff": {
                    "exp": "0x0069076f38642f87e2037a88d4a583b03703c744af1f02bd0bbd7df93ce1ef8f6ca91cf4ffffffffff0a000000000000000a00000000000000cc1a020000000000ffffffffffffffff09000000000000000600000000000000",
                    "got": "0x0069076f38642f87e2037a88d4a583b03703c744af1f02bd0bbd7df93ce1ef8f6c59d4f3ffffffffff0a000000000000000a00000000000000cc1a020000000000ffffffffffffffff09000000000000000600000000000000"
                }
            }
        ]
    },
    "import_diff": null
}
