{
    "config": {
        "seed": "42",
        "profile": {
            "empty": null
        },
        "safrole": false,
        "max_work_items": 1,
        "max_service_keys": 10,
        "mutation_ratio": 0.1,
        "max_mutations": 0,
        "max_steps": 10000
    },
    "stats": {
        "steps": 2,
        "imported": 2,
        "import_max_step": 2,
        "import_min": 1.9648700000000001,
        "import_max": 13.993757,
        "import_mean": 7.979313500000001,
        "import_p50": 1.964,
        "import_p75": 1.964,
        "import_p90": 1.964,
        "import_p99": 1.964,
        "import_std_dev": 8.505707567826706
    },
    "target": {
        "info": {
            "fuzz_version": 1,
            "fuzz_features": 2,
            "jam_version": {
                "major": 0,
                "minor": 7,
                "patch": 0
            },
            "app_version": {
                "major": 0,
                "minor": 0,
                "patch": 1
            },
            "app_name": "strawberry"
        },
        "stats": {
            "steps": 2,
            "imported": 2,
            "import_max_step": 2,
            "import_min": 7.801244,
            "import_max": 63.288818,
            "import_mean": 35.545031,
            "import_p50": 7.801,
            "import_p75": 7.801,
            "import_p90": 7.801,
            "import_p99": 7.801,
            "import_std_dev": 39.23563984699036
        }
    },
    "state_diff": {
        "roots": {
            "exp": "0x9a90dbbe4fe7c10cc1049ceaeedf3a3770957c0fc787d837953877682ae112a8",
            "got": "0x6b1b0caf2b57d1984f5a922aa91924369cfb9a9f2b3ec99865613305db98c7c5"
        },
        "keyvals": [
            {
                "key": "0x004400b500a400aaa0d7f8eab5ca1cca4a0472988422febc68a6b6a944cabf",
                "diff": {
                    "exp": "0xbef3911b",
                    "got": "0x4fd9dd31"
                }
            },
            {
                "key": "0x005d00d3009e003d45f5d62d899805ea5d2a9b895833a931aedabecdcb98fe",
                "diff": {
                    "exp": "0x",
                    "got": "0x00"
                }
            },
            {
                "key": "0x0d000000000000000000000000000000000000000000000000000000000000",
                "diff": {
                    "exp": "0x01000000000000000000000000000000010000000100000000000000000000000000000000000000010000000100000000000000000000000000000000000000010000000000000001000000000000000000000000000000010000000100000000000000000000000000000000000000010000000100000000000000000000000000000000000000010000000100000000000000000000000000000000000000000000000000000000000000000000000000000000000000000000000000000000000000000000000000000000000000000000000000000000000000000000000000000000000000000000000000000000000000000000000000000000000000000000000000000000000000000000000000000000000000000000000000000083a00500000000000000000000000083c0c01aa50400000000000003c01aa50000000003c1ee4b00006af3911b00000000000000000000010094f3911b000000000000000000000100bef3911b000000000000000000000100",
                    "got": "0x01000000000000000000000000000000010000000100000000000000000000000000000000000000010000000100000000000000000000000000000000000000010000000000000001000000000000000000000000000000010000000100000000000000000000000000000000000000010000000100000000000000000000000000000000000000010000000100000000000000000000000000000000000000000000000000000000000000000000000000000000000000000000000000000000000000000000000000000000000000000000000000000000000000000000000000000000000000000000000000000000000000000000000000000000000000000000000000000000000000000000000000000000000000000000000000000083a00500000000000000000000000083c0c01aa50300000000000003c01aa50000000003c1294c000025d9dd310000000000000000000001004fd9dd31000000000000000000000100"
                }
            },
            {
                "key": "0x6a5df3d3919e1b3d45f5d62d899805ea5d2a9b895833a931aedabecdcb98fe",
                "diff": {
                    "exp": "0x00",
                    "got": "0x"
                }
            },
            {
                "key": "0x945df3d3919e1b3d45f5d62d899805ea5d2a9b895833a931aedabecdcb98fe",
                "diff": {
                    "exp": "0x00",
                    "got": "0x"
                }
            },
            {
                "key": "0xbe5df3d3919e1b3d45f5d62d899805ea5d2a9b895833a931aedabecdcb98fe",
                "diff": {
                    "exp": "0x00",
                    "got": "0x"
                }
            },
            {
                "key": "0xff000000000000000000000000000000000000000000000000000000000000",
                "diff": {
                    "exp": "0xcbb31ef5b91515d0453189f41ebe3b7be6724553d252318bfd46803b708383c6700afbffffffffff0a000000000000000a000000000000001278020000000000ffffffffffffffff05000000000000000200000000000000",
                    "got": "0xcbb31ef5b91515d0453189f41ebe3b7be6724553d252318bfd46803b708383c63d3efcffffffffff0a000000000000000a000000000000001278020000000000ffffffffffffffff05000000000000000200000000000000"
                }
            },
            {
                "key": "0xff2500d900dd00310000000000000000000000000000000000000000000000",
                "diff": {
                    "exp": "0x",
                    "got": "0x0ad740c81ac0abe96fa83b25d59d259ed61db8c2d7c0d2942c227b5ae4b97ced9640010000000000102700000000000010270000000000001e40010000000000000000000000000002000000020000000000000000000000"
                }
            },
            {
                "key": "0xff4f00d900dd00310000000000000000000000000000000000000000000000",
                "diff": {
                    "exp": "0x",
                    "got": "0x0ad740c81ac0abe96fa83b25d59d259ed61db8c2d7c0d2942c227b5ae4b97ced9640010000000000102700000000000010270000000000001e40010000000000000000000000000002000000020000000000000000000000"
                }
            },
            {
                "key": "0xff6a00f30091001b0000000000000000000000000000000000000000000000",
                "diff": {
                    "exp": "0x0ad740c81ac0abe96fa83b25d59d259ed61db8c2d7c0d2942c227b5ae4b97ced8498010000000000102700000000000010270000000000001e40010000000000000000000000000002000000020000000000000000000000",
                    "got": "0x"
                }
            },
            {
                "key": "0xff7900d900dd00310000000000000000000000000000000000000000000000",
                "diff": {
                    "exp": "0x",
                    "got": "0x0ad740c81ac0abe96fa83b25d59d259ed61db8c2d7c0d2942c227b5ae4b97ced9640010000000000102700000000000010270000000000001e40010000000000000000000000000002000000020000000000000000000000"
                }
            },
            {
                "key": "0xff9400f30091001b0000000000000000000000000000000000000000000000",
                "diff": {
                    "exp": "0x0ad740c81ac0abe96fa83b25d59d259ed61db8c2d7c0d2942c227b5ae4b97cedcfe6010000000000102700000000000010270000000000001e40010000000000000000000000000002000000020000000000000000000000",
                    "got": "0x"
                }
            },
            {
                "key": "0xffbe00f30091001b0000000000000000000000000000000000000000000000",
                "diff": {
                    "exp": "0x0ad740c81ac0abe96fa83b25d59d259ed61db8c2d7c0d2942c227b5ae4b97ced3c76010000000000102700000000000010270000000000001e40010000000000000000000000000002000000020000000000000000000000",
                    "got": "0x"
                }
            }
        ]
    },
    "import_diff": null
}
