{
    "config": {
        "seed": "42",
        "profile": {
            "fuzzy": null
        },
        "safrole": false,
        "max_work_items": 1,
        "max_service_keys": 10,
        "mutation_ratio": 0.1,
        "max_mutations": 0,
        "max_steps": 10000
    },
    "stats": {
        "steps": 1,
        "imported": 1,
        "import_max_step": 1,
        "import_min": 8.082578,
        "import_max": 8.082578,
        "import_mean": 8.082578,
        "import_p50": 8.082578,
        "import_p75": 0.0,
        "import_p90": 8.082578,
        "import_p99": 0.0,
        "import_std_dev": 0.0
    },
    "target": {
        "info": {
            "fuzz_version": 1,
            "fuzz_features": 2,
            "jam_version": {
                "major": 0,
                "minor": 7,
                "patch": 1
            },
            "app_version": {
                "major": 0,
                "minor": 1,
                "patch": 18
            },
            "app_name": "FastRoll"
        },
        "stats": {
            "steps": 1,
            "imported": 1,
            "import_max_step": 1,
            "import_min": 6.855687,
            "import_max": 6.855687,
            "import_mean": 6.855687,
            "import_p50": 6.855687,
            "import_p75": 0.0,
            "import_p90": 6.855687,
            "import_p99": 0.0,
            "import_std_dev": 0.0
        }
    },
    "state_diff": {
        "roots": {
            "exp": "0xcf0f481402a1e709ca14bc5ce3300cc66bb4e869874b7bce4a7ffa779769b0dd",
            "got": "0x86898febf12ecc35f6c8b85fbcc0641e0bd62296f28d917ef52ece982ad5f12f"
        },
        "keyvals": [
            {
                "key": "0x03000000000000000000000000000000000000000000000000000000000000",
                "diff": {
                    "exp": "0x0808a9f90b95a2db8078090d122f21349df9ab924b0e6fdb8d8161fec017a48b44fbc15348c080081d5a55e92af9de13b7eb30da1ba86eddd0e1c0530731ccb40de2c011e2ad416427cd6f7133cac68530e3fc06aa670d7b28069ec297096de0e0024308e4c83faacb38d78493a9a6229ea61f8dfc0a32da004261a43e9cafea39280000000000000000000000000000000000000000000000000000000000000000479d8cdffcca31bb743464113d3d675da5b0c6383d39aad4a4a5068ef54d10ff0000000000000000000000000000000000000000000000000000000000000000502a64770e1c1ca32b0d871dbf3db3b5e92c4564bd5b9fca553d27b00eec6120ad14e9e36eb67f79cb8302f8017eb9bdaa35ed9d69065435a039d0861426388d76c7660c0d7376d62ce883257af8c2824714cff933b59a3b3b3038549f4f6ffb00b7e53121462cea8068fe36902893f2711c463a1b5cebd7e7f2381acc9ad5e0be6c3a4380aa7679a0081a3dca1233324a884f2b179096c1a51891c56d51d75788a245ba3631e656bcad53b0e085890e5382928d9c996d116b7ad3b6652ce6c143008b81a9d5efb89b3f9aa88dc43e0f93433280b2f134a084b29ca17abe334cedce4de47f6765eae05c8591a0fee4343a06bac45951e8e66670e039396826af89b0e74c648e247feff2d31e27e5e7dbd9185d2b27272288d014cb363c35dd48902a0169207c19d6964fd3a87a8613d92f9fb2dc607ce7d4ec798cc1baead27093db4e00000000000000000000000000000000000000000000000000000000000000008c885df11a001eaa59d0b397fc8f2538be6d5b657599773907e14671be96759bb6223b5204dd721cdcaf42e07da73929461fe67f0f262e5b3374b9b952d998c0f8fcc5b2bf9db092681eaaea630fdc621a7812f422dee564a1c54d9dc3dc82d10114bb9075b8978066e1daf1dfb0c04eea11beb7fde72f29a458e8b24e6e8a66c800000000000000000000000000000000000000000000000000000000000000009063abd9ca9d9543123cc1a2f524fe9b83fa8b81127a43a1fd96540cd81fb8f5c3b3c93752eced2b1e4fd8fa8b4f8d3a71546de4bccd2d41e0910248f74fe1b9f53422cb23d7c104517a2629b796af6b886be65fd04587560a60d51bd1517558011619ae67930e36111a82df616906833b77a919c220c2c3edd79d168c6f576ed50000000000000000000000000000000000000000000000000000000000000000c82ab85cc8148745b08ba2df312452e6f1ea35e4455598027d6e1382fada895fe6c2796f8c54a5bc0d9e22e0cf8f5750b20c8294caa4946893265de4598f8b6bb1813435fbec223cec639e6f12a3edef293456460b4383a2a695a79e5133ee8c007fff6041c2cc87c2b6c1fbef2bf72fa1cda34391b4dcac65a5377956f7cd71afa764c1de05e786165ca1780b5052bb045e20619b22aa8f3d834ee286b00f6db00000000000000000000000000000000000000000000000000000000000000000022f74e8846584c2e326aec21b2bb3c9e21c5faab45062d6cf42821707308850280000000000000000000000000000000000000000000000000000000000000000bd2cb66f9b6e9858719e508286dcfb8189d3715cf4471550383fe7cd90c3fea500000000000000000000000000000000000000000000000000000000000000000601d90477efd66193bf945398ba91e29c218f43e820e0bda7b71d1d7bcf0b88dc7c00000001be811f2b1c5e53225082f4194f2ad77ad3da79fbe99bea2400f0b5eb160b953f019c172349556433f733a2f07cd987396074b6d11a2c66dd73ca340f46d858e95e",
                    "got": "0x0888e9456d14cdfa5915284c27d7682ff587277279fb3a7d9492afc3a6fcd48cdb4c9fbdb29812a430fadecb65f9531b0ff1895aa54c4588d232dd749899498fc0597108f8e4dccbe769e957245b9d370a39351414d10fa59c0aa1223293be59000008a9f90b95a2db8078090d122f21349df9ab924b0e6fdb8d8161fec017a48b44fbc15348c080081d5a55e92af9de13b7eb30da1ba86eddd0e1c0530731ccb40de2c011e2ad416427cd6f7133cac68530e3fc06aa670d7b28069ec297096de0e0024308e4c83faacb38d78493a9a6229ea61f8dfc0a32da004261a43e9cafea39280000000000000000000000000000000000000000000000000000000000000000479d8cdffcca31bb743464113d3d675da5b0c6383d39aad4a4a5068ef54d10ff0000000000000000000000000000000000000000000000000000000000000000502a64770e1c1ca32b0d871dbf3db3b5e92c4564bd5b9fca553d27b00eec6120ad14e9e36eb67f79cb8302f8017eb9bdaa35ed9d69065435a039d0861426388d76c7660c0d7376d62ce883257af8c2824714cff933b59a3b3b3038549f4f6ffb00b7e53121462cea8068fe36902893f2711c463a1b5cebd7e7f2381acc9ad5e0be6c3a4380aa7679a0081a3dca1233324a884f2b179096c1a51891c56d51d75788a245ba3631e656bcad53b0e085890e5382928d9c996d116b7ad3b6652ce6c143008b81a9d5efb89b3f9aa88dc43e0f93433280b2f134a084b29ca17abe334cedce4de47f6765eae05c8591a0fee4343a06bac45951e8e66670e039396826af89b0e74c648e247feff2d31e27e5e7dbd9185d2b27272288d014cb363c35dd48902a0169207c19d6964fd3a87a8613d92f9fb2dc607ce7d4ec798cc1baead27093db4e00000000000000000000000000000000000000000000000000000000000000008c885df11a001eaa59d0b397fc8f2538be6d5b657599773907e14671be96759bb6223b5204dd721cdcaf42e07da73929461fe67f0f262e5b3374b9b952d998c0f8fcc5b2bf9db092681eaaea630fdc621a7812f422dee564a1c54d9dc3dc82d10114bb9075b8978066e1daf1dfb0c04eea11beb7fde72f29a458e8b24e6e8a66c800000000000000000000000000000000000000000000000000000000000000009063abd9ca9d9543123cc1a2f524fe9b83fa8b81127a43a1fd96540cd81fb8f5c3b3c93752eced2b1e4fd8fa8b4f8d3a71546de4bccd2d41e0910248f74fe1b9f53422cb23d7c104517a2629b796af6b886be65fd04587560a60d51bd1517558011619ae67930e36111a82df616906833b77a919c220c2c3edd79d168c6f576ed50000000000000000000000000000000000000000000000000000000000000000c82ab85cc8148745b08ba2df312452e6f1ea35e4455598027d6e1382fada895fe6c2796f8c54a5bc0d9e22e0cf8f5750b20c8294caa4946893265de4598f8b6b000000000000000000000000000000000000000000000000000000000000000000060000000001be811f2b1c5e53225082f4194f2ad77ad3da79fbe99bea2400f0b5eb160b953f019c172349556433f733a2f07cd987396074b6d11a2c66dd73ca340f46d858e95e"
                }
            },
            {
                "key": "0x06000000000000000000000000000000000000000000000000000000000000",
                "diff": {
                    "exp": "0xc9a47ecbfd38e0d27334572b24be189d3d5c0d6f076c281b94d69a175c457ca339d060398194e61ea1f29364ca137851ff6e0e0868ce3a7cb21d691edb6bfd6b70ef0bcb4f78f0b30c647a74b1762318413d279a6723b8f0d9ebfbee34a504ff20265a5e149cf8b6faabc54f1e155e92adc17f737506a023b3a5c98d6fa21d5b",
                    "got": "0x60353912ec780e2696a6bfb49e61443dc91fe222ec8e85c44c4346a5754267dd39d060398194e61ea1f29364ca137851ff6e0e0868ce3a7cb21d691edb6bfd6b70ef0bcb4f78f0b30c647a74b1762318413d279a6723b8f0d9ebfbee34a504ff20265a5e149cf8b6faabc54f1e155e92adc17f737506a023b3a5c98d6fa21d5b"
                }
            },
            {
                "key": "0x0a000000000000000000000000000000000000000000000000000000000000",