{
    "config": {
        "seed": "42",
        "profile": {
            "empty": null
        },
        "safrole": false,
        "max_work_items": 1,
        "max_service_keys": 10,
        "mutation_ratio": 0.1,
        "max_mutations": 0,
        "max_steps": 10000
    },
    "stats": {
        "steps": 1,
        "imported": 1,
        "import_max_step": 1,
        "import_min": 6.7294160000000005,
        "import_max": 6.7294160000000005,
        "import_mean": 6.7294160000000005,
        "import_p50": 6.7294160000000005,
        "import_p75": 0.0,
        "import_p90": 6.7294160000000005,
        "import_p99": 0.0,
        "import_std_dev": 0.0
    },
    "target": {
        "info": {
            "fuzz_version": 1,
            "fuzz_features": 2,
            "jam_version": {
                "major": 0,
                "minor": 7,
                "patch": 0
            },
            "app_version": {
                "major": 0,
                "minor": 1,
                "patch": 0
            },
            "app_name": "jamzig-target"
        },
        "stats": {
            "steps": 1,
            "imported": 1,
            "import_max_step": 1,
            "import_min": 123.06185599999999,
            "import_max": 123.06185599999999,
            "import_mean": 123.06185599999999,
            "import_p50": 123.06185599999999,
            "import_p75": 0.0,
            "import_p90": 123.06185599999999,
            "import_p99": 0.0,
            "import_std_dev": 0.0
        }
    },
    "state_diff": {
        "roots": {
            "exp": "0x8bdeb5ef6c7fe8deef0cf850ed8370bed2191d95e08d1bf28a134af0821767e5",
            "got": "0x54da00197a218b937f3d31459da4886a8212b2d1cc53f9aa0c41f0d78ed77aeb"
        },
        "keyvals": [
            {
                "key": "0x0d000000000000000000000000000000000000000000000000000000000000",
                "diff": {
                    "exp": "0x01000000000000000000000000000000000000000100000000000000000000000000000000000000010000000100000000000000000000000000000000000000000000000100000000000000000000000000000000000000010000000100000000000000000000000000000000000000000000000100000000000000000000000000000000000000010000000100000002000000000000000000000000000000050000000a00000000000000000000000000000000000000050000000900000001000000000000000000000000000000050000000700000004000000000000000200000068cc02000500000009000000020000000000000000000000000000000500000008000000020000000000000000000000000000000500000008000000000400000000000088c7050000000081a8b8960200000000000001b89600000000000000007397a829000000000000000001c01b880000",
                    "got": "0x01000000000000000000000000000000000000000100000000000000000000000000000000000000010000000100000000000000000000000000000000000000000000000100000000000000000000000000000000000000010000000100000000000000000000000000000000000000000000000100000000000000000000000000000000000000010000000100000002000000000000000000000000000000050000000a00000000000000000000000000000000000000050000000900000001000000000000000000000000000000050000000700000004000000000000000200000068cc02000500000009000000020000000000000000000000000000000500000008000000020000000000000000000000000000000500000008000000000400000000000088c7050000000081a8b8960200000000000001b89600000000000000007397a829000000000000000001c005940000"
                }
            },
            {
                "key": "0x73619799a8d1292ec0e294707d6f153119421190c29aff04e611f7b5d1b2f4",
                "diff": {
                    "exp": "0x",
                    "got": "0xff71c6c03ff88adb5ed52c9681de1629a54e702fc14729f6b50d2f0a76f185b34418fb8c85bb3985394a8c2756d3643457ce614546202a2f50b093d762499ace00000000000000000000000000000000000000000000000000000000000000000000000000000000000000000000000000000000000000000000000000000000000000000000000000000000000000000000000000000000000000000000000000000000000000000000000000000000000000000000000000000000000000000000000000000000000000000000000000000000000000000000ffff7f000001409c0000000000000000000000000000000000000000000000000000000000000000000000000000000000000000000000000000000000000000000000000000000000000000000000000000000000000000000000000000000000000000000000000000000000000000000000000000dee6d555b82024f1ccf8a1e37e60fa60fd40b1958c4bb3006af78647950e1b91ad93247bd01307550ec7acd757ce6fb805fcf73db364063265b30a949e90d93300000000000000000000000000000000000000000000000000000000000000000000000000000000000000000000000000000000000000000000000000000000000000000000000000000000000000000000000000000000000000000000000000000000000000000000000000000000000000000000000000000000000000000000000000000000000000000000000000000000000000000000ffff7f000001419c00000000000000000000000000000000000000000000000000000000000000000000000000000000000000000000000000000000000000000000000000000000000000000000000000000000000000000000000000000000000000000000000000000000000000000000000000009326edb21e5541717fde24ec085000b28709847b8aab1ac51f84e94b37ca1b66cab2b9ff25c2410fbe9b8a717abb298c716a03983c98ceb4def2087500b8e34100000000000000000000000000000000000000000000000000000000000000000000000000000000000000000000000000000000000000000000000000000000000000000000000000000000000000000000000000000000000000000000000000000000000000000000000000000000000000000000000000000000000000000000000000000000000000000000000000000000000000000000ffff7f000001429c00000000000000000000000000000000000000000000000000000000000000000000000000000000000000000000000000000000000000000000000000000000000000000000000000000000000000000000000000000000000000000000000000000000000000000000000000000746846d17469fb2f95ef365efcab9f4e22fa1feb53111c995376be8019981ccf30aa5444688b3cab47697b37d5cac5707bb3289e986b19b17db437206931a8d00000000000000000000000000000000000000000000000000000000000000000000000000000000000000000000000000000000000000000000000000000000000000000000000000000000000000000000000000000000000000000000000000000000000000000000000000000000000000000000000000000000000000000000000000000000000000000000000000000000000000000000ffff7f000001439c0000000000000000000000000000000000000000000000000000000000000000000000000000000000000000000000000000000000000000000000000000000000000000000000000000000000000000000000000000000000000000000000000000000000000000000000000000151e5c8fe2b9d8a606966a79edd2f9e5db47e83947ce368ccba53bf6ba20a40b8b8c5d436f92ecf605421e873a99ec528761eb52a88a2f9a057b3b3003e6f32a00000000000000000000000000000000000000000000000000000000000000000000000000000000000000000000000000000000000000000000000000000000000000000000000000000000000000000000000000000000000000000000000000000000000000000000000000000000000000000000000000000000000000000000000000000000000000000000000000000000000000000000ffff7f000001449c00000000000000000000000000000000000000000000000000000000000000000000000000000000000000000000000000000000000000000000000000000000000000000000000000000000000000000000000000000000000000000000000000000000000000000000000000002105650944fcd101621fd5bb3124c9fd191d114b7ad936c1d79d734f9f21392eab0084d01534b31c1dd87c81645fd762482a90027754041ca1b56133d0466c0600000000000000000000000000000000000000000000000000000000000000000000000000000000000000000000000000000000000000000000000000000000000000000000000000000000000000000000000000000000000000000000000000000000000000000000000000000000000000000000000000000000000000000000000000000000000000000000000000000000000000000000ffff7f000001459c0000000000000000000000000000000000000000000000000000000000000000000000000000000000000000000000000000000000000000000000000000000000000000000000000000000000000000000000000000000000000000000000000000000000000000000000000000"
                }
            },
            {
                "key": "0x736a97aea8a329b8c876e335de632eac1b2705f8a5476ffb5c0499d95bd432",
                "diff": {
                    "exp": "0x",
                    "got": "0x7811a66f8fef2741"
                }
            },
            {
                "key": "0x73a49794a82a29eede34e52ce402f065eb04bfaee62f20ec7e0a4c3eb3f5ef",