{
    "config": {
        "seed": "42",
        "profile": {
            "empty": null
        },
        "safrole": false,
        "max_work_items": 1,
        "max_service_keys": 10,
        "mutation_ratio": 0.1,
        "max_mutations": 0,
        "max_steps": 10000
    },
    "stats": {
        "steps": 1,
        "imported": 1,
        "import_max_step": 1,
        "import_min": 11.506457,
        "import_max": 11.506457,
        "import_mean": 11.506457,
        "import_p50": 11.506457,
        "import_p75": 0.0,
        "import_p90": 11.506457,
        "import_p99": 0.0,
        "import_std_dev": 0.0
    },
    "target": {
        "info": {
            "fuzz_version": 1,
            "fuzz_features": 2,
            "jam_version": {
                "major": 0,
                "minor": 7,
                "patch": 0
            },
            "app_version": {
                "major": 0,
                "minor": 0,
                "patch": 1
            },
            "app_name": "strawberry"
        },
        "stats": {
            "steps": 1,
            "imported": 1,
            "import_max_step": 1,
            "import_min": 59.120041,
            "import_max": 59.120041,
            "import_mean": 59.120041,
            "import_p50": 59.120041,
            "import_p75": 0.0,
            "import_p90": 59.120041,
            "import_p99": 0.0,
            "import_std_dev": 0.0
        }
    },
    "state_diff": {
        "roots": {
            "exp": "0x483e00438ad0f800a853e81ee537ae1ad22cbd4e994907dc7b5f10c158607086",
            "got": "0xd9188cb5fa949d07860efd68fc2f7e4c6c6a77bc577dd1e08a0cf88c7788bbeb"
        },
        "keyvals": [
            {
                "key": "0x004400b500a400aaa0d7f8eab5ca1cca4a0472988422febc68a6b6a944cabf",
                "diff": {
                    "exp": "0x24e9488e",
                    "got": "0xf7cb8e7e"
                }
            },
            {
                "key": "0x006d00b8007f004c24b7cc068c0a1f7a5a2f04094df1b6dfd2e4b1ae14cffe",
                "diff": {
                    "exp": "0x",
                    "got": "0x00"
                }
            },
            {
                "key": "0x03000000000000000000000000000000000000000000000000000000000000",
                "diff": {
                    "exp": "0x08bfb214c4fad46741decfd314c76bd6c0e245cda248ff1a3d7868a826b044fb2a0000000000000000000000000000000000000000000000000000000000000000ffefdb61b30a8c62fe690eb6087e4e8861e80c6fc1e4403e5d5012879c66afe60118b182c9a19b942ed05f0f84b6659a6cd401242725ee99d3c737262eeb8820b70000000000000000000000000000000000000000000000000000000000000000dbb1aad9a29f2fb7cbf205d2d9aaa99523c0bf62ddfcc30b8a6226f56e0c054dad3228b676f7d3cd4284a5443f17f1962b36e491b30a40b2405849e597ba5fb50079de3e85b8661713a274ccb93c731f933c49d4936934a77c0289bf4cc339400161d0c21d60b32d7dcbc1e4a315c878d382a165cf3c7ea2dc3e4849581ba5705b0000000000000000000000000000000000000000000000000000000000000000046ffe75892183c889b956e23f9951f47efbb64f711bbdf528f3f50cac80b842675f9e53123c83ddcdb2c1f5231f13646378aefc83837a4571d052ac800148370f46e0d11e4e0a6b82fc7092afd2d8f362142c965e24b072106dde0711e9c01b0043fa80078363f0fa4c7887df67fa9c92051e467305e7b5c76dd94f7e3b8ef1acb4c11951957c6f8f642c4af61cd6b24640fec6dc7fc607ee8206a99e92410d30c78c7f2534f602527466d00c8cae616ad2082699a05a1d3fa7fe5058994171e501f88c6c0b7c4a0adb541dac1972556f00595847a32f3ec800d455380083630b5e00000000000000000000000000000000000000000000000000000000000000000bd32ecab7d0b0911150896dc08e402d3c92afaf9ca909856bab6b8240a402d8e884038e46068eaab1df24317c855e78fe94335d4adb7aa6c62920ce1352eed7b1c2f8c8760e605b5f31dd5e082c3f4d9577713a0b9b44a5da58357d50d436b50224283fb74dd41f4690245f88db8563387a0ac41a4b57a446d2c33dec483f4d1400000000000000000000000000000000000000000000000000000000000000009c3bcf5a05bd66550eb1ffb8d3f3ec3a2cf37ce10034abbc17949c68faca03940000000000000000000000000000000000000000000000000000000000000000ceed6ebe6871fd421808d831b9ea6b5b4bf1c440cdaba7d45d2cb9aa5ce9319cfee77aea940e38601cb828d2878308e32529f8382cf85f7a29b75f1c826985bce0878e392b7167bad31bbb0b5c5fdcfc79eda689e0072b583a45f2c035f8c80801439969b1bb4b7630bb7ebcaa74d9c04b663f9d0ddec753d99ffc32a569e93ebf0000000000000000000000000000000000000000000000000000000000000000357d0b54f59f3eaa22f6808cc914c36f65f17849899d996245f89c21fca362a22fc9a372a65e2341f5e92ca21944a87986a3ff07b5c5cbabd6f36187ff1436f3df6f67b5b84e76a68423e08bbe66eafb0bf9bd1eb6cec248a533791f942a179300af1a53ce737762360ceb40f57be5fc0af0841e2b8e9cc1ff5eaa14fba61e8c6e1ad4cc6f600a3934280290caad24f3d1847e49865e8da70b914c189ee3e1f98e000000000000000000000000000000000000000000000000000000000000000002065120a9f564db1de98de23e3b56430c7ac269be22be8ba645c9ab38f486e0f100000000000000000000000000000000000000000000000000000000000000006c9fee477c3c3bec8fdcba2e5f8103df8ecfe315908fe6cdccb943721fed1986000000000000000000000000000000000000000000000000000000000000000004000000011ad4cc6f600a3934280290caad24f3d1847e49865e8da70b914c189ee3e1f98e",
                    "got": "0x08bfb214c4fad46741decfd314c76bd6c0e245cda248ff1a3d7868a826b044fb2a0000000000000000000000000000000000000000000000000000000000000000ffefdb61b30a8c62fe690eb6087e4e8861e80c6fc1e4403e5d5012879c66afe60118b182c9a19b942ed05f0f84b6659a6cd401242725ee99d3c737262eeb8820b70000000000000000000000000000000000000000000000000000000000000000dbb1aad9a29f2fb7cbf205d2d9aaa99523c0bf62ddfcc30b8a6226f56e0c054dad3228b676f7d3cd4284a5443f17f1962b36e491b30a40b2405849e597ba5fb50079de3e85b8661713a274ccb93c731f933c49d4936934a77c0289bf4cc339400161d0c21d60b32d7dcbc1e4a315c878d382a165cf3c7ea2dc3e4849581ba5705b0000000000000000000000000000000000000000000000000000000000000000046ffe75892183c889b956e23f9951f47efbb64f711bbdf528f3f50cac80b842675f9e53123c83ddcdb2c1f5231f13646378aefc83837a4571d052ac800148370f46e0d11e4e0a6b82fc7092afd2d8f362142c965e24b072106dde0711e9c01b0043fa80078363f0fa4c7887df67fa9c92051e467305e7b5c76dd94f7e3b8ef1acb4c11951957c6f8f642c4af61cd6b24640fec6dc7fc607ee8206a99e92410d30c78c7f2534f602527466d00c8cae616ad2082699a05a1d3fa7fe5058994171e501f88c6c0b7c4a0adb541dac1972556f00595847a32f3ec800d455380083630b5e00000000000000000000000000000000000000000000000000000000000000000bd32ecab7d0b0911150896dc08e402d3c92afaf9ca909856bab6b8240a402d8e884038e46068eaab1df24317c855e78fe94335d4adb7aa6c62920ce1352eed7b1c2f8c8760e605b5f31dd5e082c3f4d9577713a0b9b44a5da58357d50d436b50224283fb74dd41f4690245f88db8563387a0ac41a4b57a446d2c33dec483f4d1400000000000000000000000000000000000000000000000000000000000000009c3bcf5a05bd66550eb1ffb8d3f3ec3a2cf37ce10034abbc17949c68faca03940000000000000000000000000000000000000000000000000000000000000000ceed6ebe6871fd421808d831b9ea6b5b4bf1c440cdaba7d45d2cb9aa5ce9319cfee77aea940e38601cb828d2878308e32529f8382cf85f7a29b75f1c826985bce0878e392b7167bad31bbb0b5c5fdcfc79eda689e0072b583a45f2c035f8c80801439969b1bb4b7630bb7ebcaa74d9c04b663f9d0ddec753d99ffc32a569e93ebf0000000000000000000000000000000000000000000000000000000000000000357d0b54f59f3eaa22f6808cc914c36f65f17849899d996245f89c21fca362a22fc9a372a65e2341f5e92ca21944a87986a3ff07b5c5cbabd6f36187ff1436f3df6f67b5b84e76a68423e08bbe66eafb0bf9bd1eb6cec248a533791f942a179300af1a53ce737762360ceb40f57be5fc0af0841e2b8e9cc1ff5eaa14fba61e8c6e21ddb9a356815c3fac1026b6dec5df3124afbadb485c9ba5a3e3398a04b7ba85000000000000000000000000000000000000000000000000000000000000000002065120a9f564db1de98de23e3b56430c7ac269be22be8ba645c9ab38f486e0f100000000000000000000000000000000000000000000000000000000000000006c9fee477c3c3bec8fdcba2e5f8103df8ecfe315908fe6cdccb943721fed19860000000000000000000000000000000000000000000000000000000000000000040000000121ddb9a356815c3fac1026b6dec5df3124afbadb485c9ba5a3e3398a04b7ba85"
                }
            },
            {
                "key": "0x0d000000000000000000000000000000000000000000000000000000000000",