{
    "config": {
        "seed": "42",
        "profile": {
            "fuzzy": null
        },
        "safrole": false,
        "max_work_items": 1,
        "max_service_keys": 10,
        "mutation_ratio": 0.1,
        "max_mutations": 0,
        "max_steps": 10000
    },
    "stats": {
        "steps": 1,
        "imported": 1,
        "import_max_step": 1,
        "import_min": 8.825959,
        "import_max": 8.825959,
        "import_mean": 8.825959,
        "import_p50": 8.825959,
        "import_p75": 0.0,
        "import_p90": 8.825959,
        "import_p99": 0.0,
        "import_std_dev": 0.0
    },
    "target": {
        "info": {
            "fuzz_version": 1,
            "fuzz_features": 2,
            "jam_version": {
                "major": 0,
                "minor": 7,
                "patch": 1
            },
            "app_version": {
                "major": 0,
                "minor": 3,
                "patch": 4
            },
            "app_name": "JavaJAM"
        },
        "stats": {
            "steps": 1,
            "imported": 1,
            "import_max_step": 1,
            "import_min": 7.104211,
            "import_max": 7.104211,
            "import_mean": 7.104211,
            "import_p50": 7.104211,
            "import_p75": 0.0,
            "import_p90": 7.104211,
            "import_p99": 0.0,
            "import_std_dev": 0.0
        }
    },
    "state_diff": {
        "roots": {
            "exp": "0xf11167d8876c442f8b69f6a36402cc130b7d003113d593ac2519231fe11fc2dc",
            "got": "0x4a0961275d033227611bedccb99e84faec1c95d46120657a711e7e03a2b161f1"
        },
        "keyvals": [
            {
                "key": "0x0d000000000000000000000000000000000000000000000000000000000000",
                "diff": {
                    "exp": "0x010000000000000000000000000000000200000004000000000000000000000000000000000000000200000003000000010000000000000000000000000000000200000003000000020000000000000000000000000000000200000003000000000000000000000000000000000000000200000003000000010000000000000000000000000000000200000003000000000000000000000000000000000000000000000000000000000000000000000000000000000000000000000000000000000000000000000000000000000000000000000000000000000000000000000000000000000000000000000000000000000000000000000000000000000000000000000000000000000000000000000000000000000000000000000000000000000000000000817ba165817b050000000081a8b28d0100000000000002c0f2530000000001c013d4",
                    "got": "0x010000000000000000000000000000000200000004000000000000000000000000000000000000000200000003000000010000000000000000000000000000000200000003000000020000000000000000000000000000000200000003000000000000000000000000000000000000000200000003000000010000000000000000000000000000000200000003000000000000000000000000000000000000000000000000000000000000000000000000000000000000000000000000000000000000000000000000000000000000000000000000000000000000000000000000000000000000000000000000000000000000000000000000000000000000000000000000000000000000000000000000000000000000000000000000000000000000000000817ba165817b050000000081a8b28d0100000000000002c0f2530000000001c0d8ad"
                }
            }
        ]
    },
    "import_diff": null
}
