{
    "config": {
        "seed": "42",
        "profile": {
            "empty": null
        },
        "safrole": false,
        "max_work_items": 1,
        "max_service_keys": 10,
        "mutation_ratio": 0.1,
        "max_mutations": 0,
        "max_steps": 10000
    },
    "stats": {
        "steps": 1,
        "imported": 1,
        "import_max_step": 1,
        "import_min": 12.44412,
        "import_max": 12.44412,
        "import_mean": 12.44412,
        "import_p50": 12.44412,
        "import_p75": 0.0,
        "import_p90": 12.44412,
        "import_p99": 0.0,
        "import_std_dev": 0.0
    },
    "target": {
        "info": {
            "fuzz_version": 1,
            "fuzz_features": 0,
            "jam_version": {
                "major": 0,
                "minor": 7,
                "patch": 0
            },
            "app_version": {
                "major": 0,
                "minor": 0,
                "patch": 1
            },
            "app_name": "gossamer-jam"
        },
        "stats": {
            "steps": 1,
            "imported": 1,
            "import_max_step": 1,
            "import_min": 51.734816,
            "import_max": 51.734816,
            "import_mean": 51.734816,
            "import_p50": 51.734816,
            "import_p75": 0.0,
            "import_p90": 51.734816,
            "import_p99": 0.0,
            "import_std_dev": 0.0
        }
    },
    "state_diff": {
        "roots": {
            "exp": "0x96afd90be97b679db9dec7d325a0b1290273d8aa34ccab4a07325556638db0db",
            "got": "0xbd6dac748ca9d7bacee7ad2f5a5d91be0269ce784aa430f869c3f21a40d7a918"
        },
        "keyvals": [
            {
                "key": "0x03000000000000000000000000000000000000000000000000000000000000",
                "diff": {
                    "exp": "0x08fa34de272bd412715fee0ec87111e19e19ffc465859e61a65a69feafdd1da124ff35fa958a826eda386c5bc0b3950c5df905e30012a1c0452c093fa4a1662d6d4f8d5bdf93cd6febcac31485204e105c2ea2214019bc313d277e1685f14bad2d01cfc70cf415d32876a5d54a595efec2b15ccdf896f1dd36e13e4ea9929276f4530000000000000000000000000000000000000000000000000000000000000000448b25c29728c5fcb07ef17c989f8c578d21f832e925a69f5df92b35212972c870d15d584b64b7b02e37023166a7dfac2ec0f60f02fa84a9af839a80a113b87f228140b66f6a186788d2d6cee3eb34a0c19f9b1a33dc47efa2647cada0be779f01abcb310ddcd00c39a90294fe3332fbb8756d9e35004a73f80c9931fbb3e066f30000000000000000000000000000000000000000000000000000000000000000e7ace9f575bb2a69c9fb8381854c4952625cc14c83e931be2c159d8a0208bb98fe4260e7b2ffbc127168a735cba1783a39f3e76926fa7be604e0080410a043ed5020ff6cfe5d390a58b969dd5e48107bc1227e2b82e7945ea7af02b4945b674a00d69f36fc106716e91549cc798ffa4dd2c2fb097819e475a97b57a6bc40f9678e957f1a3db67f3874a614b50fd3b8b71141d4e7af72522064ba418ce7899ce6e3bf1b57eeb5a75107ccd56f455f4e588193cd24bbf498d5f43f322f356bcc43f301f516b290956599bc073d20d98bb560d624e88045b4acdce3e1178c9824b6a32b000000000000000000000000000000000000000000000000000000000000000029b03a19226d4756a15fee15db1cbac3a61896ca76dec0e6e40f5f365593f4f1d010e57d809ea9b9dc9cae45dbd3e35d24971be2eb846af50ed7fb8f561e16afef0ba82def2beacfc34ff79192403f8286aa678f012fa9385afd28559721ae41023ac7019d8bf46aa80f99100d0d07e80f15d2bdf62b194a64420d746cc0b30c870000000000000000000000000000000000000000000000000000000000000000c34882ed03baf15eeb8a5f6d6db5058bf9788e5f2ed448c91314804c904a01230000000000000000000000000000000000000000000000000000000000000000026cad98a8674ad6e02a8a1da6f23b1d73608f9568d8a93f3742019cceb69626ca25f41c46ac91316fc4d8ca328538eb868da61e859f5d3e74629a886cb8a9139bbc733a211d0adbcfd20e7bfeffe8e2ff9bb558a874c256c3e684224af92abc007f8fa13b1208d24534d2ccd08128f7ccdb6e7410359fb78487c0a5da8cbfb53767d26847561da9aeec0f5f0684646f9b13517276e28267afcb1baea26abe13ac3ff3d5ee72faa3b0bf6cbbc0ccd1a0c47eae238f55d6e4e8139abed40b8f8c2a021dcd8e81f443213b5efb3162e972f6f6e55eacedd061ccbc00653af63241ee040000000000000000000000000000000000000000000000000000000000000000fdcb28c2200612d9b839ac50b62d5156f562fe504aa82deb3c21610f1293ac650000000000000000000000000000000000000000000000000000000000000000b6c02becf2b2f39ca440690c856461967ac0c5203b5bca912bbeb733805eb1b901e7cecb97616c8c807fce1d7a14d676deb71663ad10296d309befdd4fd598d00000000000000000000000000000000000000000000000000000000000000000018129ffa255879b3a3d2720b3ef4f2318b1fa63f7ae9873fe68df9b3e040794be000000000000000000000000000000000000000000000000000000000000000006000171840cf4eac1a179a52889837c3cc0fa8fd6cf9801cd6de710db49b8f7d5090e0157a3ad4ee462a644de7ca8b9834c1cc9be94289d7c22c694f6da64f506a4815501d6ac0f69580e9168937c76884b7b9e6e94ff18c5f1d703c31d687d1242a7bed6019b9a0d7b2053bc80c5c94a9370bae00e4fa104e09e990976b16fe7359d8bc4f10181112f97bf44b681af987bc1ff0142aec7f7d113d40f290848323c0bc2163d38",
                    "got": "0x08fa34de272bd412715fee0ec87111e19e19ffc465859e61a65a69feafdd1da124ff35fa958a826eda386c5bc0b3950c5df905e30012a1c0452c093fa4a1662d6d4f8d5bdf93cd6febcac31485204e105c2ea2214019bc313d277e1685f14bad2d01cfc70cf415d32876a5d54a595efec2b15ccdf896f1dd36e13e4ea9929276f4530000000000000000000000000000000000000000000000000000000000000000448b25c29728c5fcb07ef17c989f8c578d21f832e925a69f5df92b35212972c870d15d584b64b7b02e37023166a7dfac2ec0f60f02fa84a9af839a80a113b87f228140b66f6a186788d2d6cee3eb34a0c19f9b1a33dc47efa2647cada0be779f01abcb310ddcd00c39a90294fe3332fbb8756d9e35004a73f80c9931fbb3e066f30000000000000000000000000000000000000000000000000000000000000000e7ace9f575bb2a69c9fb8381854c4952625cc14c83e931be2c159d8a0208bb98fe4260e7b2ffbc127168a735cba1783a39f3e76926fa7be604e0080410a043ed5020ff6cfe5d390a58b969dd5e48107bc1227e2b82e7945ea7af02b4945b674a00d69f36fc106716e91549cc798ffa4dd2c2fb097819e475a97b57a6bc40f9678e957f1a3db67f3874a614b50fd3b8b71141d4e7af72522064ba418ce7899ce6e3bf1b57eeb5a75107ccd56f455f4e588193cd24bbf498d5f43f322f356bcc43f301f516b290956599bc073d20d98bb560d624e88045b4acdce3e1178c9824b6a32b000000000000000000000000000000000000000000000000000000000000000029b03a19226d4756a15fee15db1cbac3a61896ca76dec0e6e40f5f365593f4f1d010e57d809ea9b9dc9cae45dbd3e35d24971be2eb846af50ed7fb8f561e16afef0ba82def2beacfc34ff79192403f8286aa678f012fa9385afd28559721ae41023ac7019d8bf46aa80f99100d0d07e80f15d2bdf62b194a64420d746cc0b30c870000000000000000000000000000000000000000000000000000000000000000c34882ed03baf15eeb8a5f6d6db5058bf9788e5f2ed448c91314804c904a01230000000000000000000000000000000000000000000000000000000000000000026cad98a8674ad6e02a8a1da6f23b1d73608f9568d8a93f3742019cceb69626ca25f41c46ac91316fc4d8ca328538eb868da61e859f5d3e74629a886cb8a9139bbc733a211d0adbcfd20e7bfeffe8e2ff9bb558a874c256c3e684224af92abc007f8fa13b1208d24534d2ccd08128f7ccdb6e7410359fb78487c0a5da8cbfb53767d26847561da9aeec0f5f0684646f9b13517276e28267afcb1baea26abe13ac3ff3d5ee72faa3b0bf6cbbc0ccd1a0c47eae238f55d6e4e8139abed40b8f8c2a021dcd8e81f443213b5efb3162e972f6f6e55eacedd061ccbc00653af63241ee040000000000000000000000000000000000000000000000000000000000000000fdcb28c2200612d9b839ac50b62d5156f562fe504aa82deb3c21610f1293ac650000000000000000000000000000000000000000000000000000000000000000b6c02becf2b2f39ca440690c856461967ac0c5203b5bca912bbeb733805eb1b9c8bd01970d3cf39e1cba8e092e866a1cd06b932fbf20f2f3851b3dd2f089cc590000000000000000000000000000000000000000000000000000000000000000018129ffa255879b3a3d2720b3ef4f2318b1fa63f7ae9873fe68df9b3e040794be0000000000000000000000000000000000000000000000000000000000000000060001ad3228b676f7d3cd4284a5443f17f1962b36e491b30a40b2405849e597ba5fb50157a3ad4ee462a644de7ca8b9834c1cc9be94289d7c22c694f6da64f506a4815501d6ac0f69580e9168937c76884b7b9e6e94ff18c5f1d703c31d687d1242a7bed6019b9a0d7b2053bc80c5c94a9370bae00e4fa104e09e990976b16fe7359d8bc4f10181112f97bf44b681af987bc1ff0142aec7f7d113d40f290848323c0bc2163d38"
                }
            },
            {
                "key": "0x0d000000000000000000000000000000000000000000000000000000000000",