{
    "config": {
        "seed": "42",
        "max_steps": 4294967295,
        "safrole": false,
        "profile": {
            "full": null
        },
        "fuzzy_profile": {
            "full": null
        },
        "max_work_items": 3,
        "mutation_ratio": 0.0,
        "max_mutations": 0
    },
    "stats": {
        "steps": 2,
        "imported": 1,
        "import_max_step": 2,
        "import_min": 9.520486,
        "import_max": 9.520486,
        "import_mean": 9.520486,
        "import_p50": 9.520486,
        "import_p75": 0.0,
        "import_p90": 9.520486,
        "import_p99": 0.0,
        "import_std_dev": 0.0
    },
    "target": {
        "info": {
            "fuzz_version": 1,
            "fuzz_features": 2,
            "jam_version": {
                "major": 0,
                "minor": 7,
                "patch": 2
            },
            "app_version": {
                "major": 0,
                "minor": 1,
                "patch": 2
            },
            "app_name": "jam-scala"
        },
        "stats": {
            "steps": 2,
            "imported": 1,
            "import_max_step": 2,
            "import_min": 746.542917,
            "import_max": 746.542917,
            "import_mean": 746.542917,
            "import_p50": 746.542917,
            "import_p75": 0.0,
            "import_p90": 746.542917,
            "import_p99": 0.0,
            "import_std_dev": 0.0
        }
    },
    "error": {
        "state_diff": {
            "roots": {
                "exp": "0x6f5cfd7c5b97ee699e1866e8418e757016763e273017fce985c96d754691fd94",
                "got": "0x05790ce4cc67e6a1ddeb3b5cb524af243680c98a28238d77514ccb31e68dbd47"
            },
            "keyvals": [
                {
                    "key": "0x03000000000000000000000000000000000000000000000000000000000000",
                    "diff": {
                        "exp": "0x08af47fadeb891cb0959f033a58b56c65409e11a56fe56fac9a1e8219e0c8bb0fb4f4cea6d4bcccdf15664c44b9750a6c12736aa08491192f9361e43c1c8d3aba63a1c15d9064365ec708949266dbf2c3024c70373d3303b4da143224391b9c0b8019160ee33e553f9e2da211e4165d84fbb3b30b52b095485675e0d19c26171c16000000000000000000000000000000000000000000000000000000000000000008bab982db65bc41ef43c2ad886b989d0891b2609c276977d078784c577076168f3c4a4fa0717b592230f95a5b6df1397bfcc22d789420d9c54a30fa0c85da768ebf479fa66a3f9c19bdc8d8d57a19e1870ac1858bc8491e5e69117c72d3b9d6201e8af1b40929fe9a817f8255afbb7372cebd9bb83ae3b837642d72beb54e5c5fb0000000000000000000000000000000000000000000000000000000000000000dcd43b16671f529e21d8999afd4e96390643208c3edc76cdfd015349d2ae475327e265c977201d6091208ffdcaac44cd16f42774cc19d5c8a65250c6fb839277aa190faf10bce12b4754eea9aaecfa5e9e133f53d023a7827bd16097bc48e5af002409bad562d73f8ef23ec9932e053bcc4d361e7ca78ed40433e721934488e1125514ae0712b5084a4832d3c47a0cbded9b7ff2de66f6c24e745c2d11c3f48196ebbaeadac1425f1d40ac41065b1da40bfb37ab6418b06f488f2d134c3e5d98050220dcec220ea6fa6704e0e5663b994ea0ad457c0e96c6ae680e4ec178f3c5032a0000000000000000000000000000000000000000000000000000000000000000c65ec076518c7d516ea4244e3f6a0655c1b5d2e7ebc8da2bd39f5f82e4a958a30000000000000000000000000000000000000000000000000000000000000000270d97fa18e73148b78436b29e8c3bfdfcd19839c92f31443449cfe19a5303dcb438bb398b2217a521e8aaeeeacb61be534bf2b954e589d1cafa6cbdfe036084473e8c6feb9148a0b40a24d9f76932ddb0729e0d321681b07c014941741ea2ae0180a87248529f73d9dd6c0124f31a7a6fd57358d8e0e1ab9d4c0257a0a8d2ee760000000000000000000000000000000000000000000000000000000000000000b517f580d64899673aaa359eb3ce89ea021bc8741c619d815a569702a41ae468b797017978295a3502742ffd56ae269d6f9f05b78c56ec076669495f9e6a524dcbc84b25291db132b51d6bbbde3b935a2dc2e5dcc01646e9a4263d36a566b768000ceebbd9452f6b4b8412e9cb2542c2273996e620c1e89f09245e1740b2cf4f5dd2f4dff58c9248a52294b7b4249f874f6adf4def07edc8aa0fa98d052b3bbd8d36809f4cf51a9ceacc51b81e90eb3078fc27d2d94cf1d405989bb705848598a4004cf585f67f04aea1cbe691cfb8a67b0ae074c16c513573ba19f26dca2b0fc49095136573a5501e56db3169aa779784a6ad207e76d232a282df6c185f618a441b000000000000000000000000000000000000000000000000000000000000000002752c871e6560b837a1cff0ca7593186ba61cfc05f6cce954d3a30d88045775370000000000000000000000000000000000000000000000000000000000000000881b976976408f3c1f9da575ee7d33dd37a52852ca39883eb51a72b9ca7fa532000000000000000000000000000000000000000000000000000000000000000008000001020d006dd677f535be4394db071eeab10f317d5d2ecc0b3859a17a7824cb2d840001282f56da1fcfd4dc641a85835d162b7a7f6849a869dd2ae23794fb703da830f6000001e478155c4055042aeeda13f46c7d9d671d89c613f5e2ef689e9a24b703470971",
                        "got": "0x08af47fadeb891cb0959f033a58b56c65409e11a56fe56fac9a1e8219e0c8bb0fb4f4cea6d4bcccdf15664c44b9750a6c12736aa08491192f9361e43c1c8d3aba63a1c15d9064365ec708949266dbf2c3024c70373d3303b4da143224391b9c0b8019160ee33e553f9e2da211e4165d84fbb3b30b52b095485675e0d19c26171c16000000000000000000000000000000000000000000000000000000000000000008bab982db65bc41ef43c2ad886b989d0891b2609c276977d078784c577076168f3c4a4fa0717b592230f95a5b6df1397bfcc22d789420d9c54a30fa0c85da768ebf479fa66a3f9c19bdc8d8d57a19e1870ac1858bc8491e5e69117c72d3b9d6201e8af1b40929fe9a817f8255afbb7372cebd9bb83ae3b837642d72beb54e5c5fb0000000000000000000000000000000000000000000000000000000000000000dcd43b16671f529e21d8999afd4e96390643208c3edc76cdfd015349d2ae475327e265c977201d6091208ffdcaac44cd16f42774cc19d5c8a65250c6fb839277aa190faf10bce12b4754eea9aaecfa5e9e133f53d023a7827bd16097bc48e5af002409bad562d73f8ef23ec9932e053bcc4d361e7ca78ed40433e721934488e1125514ae0712b5084a4832d3c47a0cbded9b7ff2de66f6c24e745c2d11c3f48196ebbaeadac1425f1d40ac41065b1da40bfb37ab6418b06f488f2d134c3e5d98050220dcec220ea6fa6704e0e5663b994ea0ad457c0e96c6ae680e4ec178f3c5032a0000000000000000000000000000000000000000000000000000000000000000c65ec076518c7d516ea4244e3f6a0655c1b5d2e7ebc8da2bd39f5f82e4a958a30000000000000000000000000000000000000000000000000000000000000000270d97fa18e73148b78436b29e8c3bfdfcd19839c92f31443449cfe19a5303dcb438bb398b2217a521e8aaeeeacb61be534bf2b954e589d1cafa6cbdfe036084473e8c6feb9148a0b40a24d9f76932ddb0729e0d321681b07c014941741ea2ae0180a87248529f73d9dd6c0124f31a7a6fd57358d8e0e1ab9d4c0257a0a8d2ee760000000000000000000000000000000000000000000000000000000000000000b517f580d64899673aaa359eb3ce89ea021bc8741c619d815a569702a41ae468b797017978295a3502742ffd56ae269d6f9f05b78c56ec076669495f9e6a524dcbc84b25291db132b51d6bbbde3b935a2dc2e5dcc01646e9a4263d36a566b768000ceebbd9452f6b4b8412e9cb2542c2273996e620c1e89f09245e1740b2cf4f5dd2f4dff58c9248a52294b7b4249f874f6adf4def07edc8aa0fa98d052b3bbd8d36809f4cf51a9ceacc51b81e90eb3078fc27d2d94cf1d405989bb705848598a4004cf585f67f04aea1cbe691cfb8a67b0ae074c16c513573ba19f26dca2b0fc49074af6c30a3164f7b15c69e1ac167667463bc6710b1575bf0fd670c35b3fd67f9000000000000000000000000000000000000000000000000000000000000000002752c871e6560b837a1cff0ca7593186ba61cfc05f6cce954d3a30d88045775370000000000000000000000000000000000000000000000000000000000000000881b976976408f3c1f9da575ee7d33dd37a52852ca39883eb51a72b9ca7fa532000000000000000000000000000000000000000000000000000000000000000008000001c02d5d65f57117003c40317bb174fc95637f06253a912506ee3c848478df4d210001282f56da1fcfd4dc641a85835d162b7a7f6849a869dd2ae23794fb703da830f6000001e478155c4055042aeeda13f46c7d9d671d89c613f5e2ef689e9a24b703470971"
                    }
                },
                {
                    "key": "0x0d000000000000000000000000000000000000000000000000000000000000",