{
    "config": {
        "seed": "42",
        "max_steps": 4294967295,
        "safrole": false,
        "profile": {
            "full": null
        },
        "fuzzy_profile": {
            "full": null
        },
        "max_work_items": 3,
        "mutation_ratio": 0.0,
        "max_mutations": 0
    },
    "stats": {
        "steps": 1,
        "imported": 1,
        "import_max_step": 1,
        "import_min": 12.802793,
        "import_max": 12.802793,
        "import_mean": 12.802793,
        "import_p50": 12.802793,
        "import_p75": 0.0,
        "import_p90": 12.802793,
        "import_p99": 0.0,
        "import_std_dev": 0.0
    },
    "target": {
        "info": {
            "fuzz_version": 1,
            "fuzz_features": 2,
            "jam_version": {
                "major": 0,
                "minor": 7,
                "patch": 1
            },
            "app_version": {
                "major": 0,
                "minor": 0,
                "patch": 15
            },
            "app_name": "spacejam"
        },
        "stats": {
            "steps": 1,
            "imported": 1,
            "import_max_step": 1,
            "import_min": 19.588485,
            "import_max": 19.588485,
            "import_mean": 19.588485,
            "import_p50": 19.588485,
            "import_p75": 0.0,
            "import_p90": 19.588485,
            "import_p99": 0.0,
            "import_std_dev": 0.0
        }
    },
    "diff": {
        "state": {
            "roots": {
                "exp": "0x65082ccccdb2701eb0775383c5dca0600685c76f81139d55a71397a0a0b51b18",
                "got": "0x3efbfdeb932323a6ad6f26c8124ab504ce787eecd6350f4309f8912447719479"
            },
            "keyvals": [
                {
                    "key": "0x0d000000000000000000000000000000000000000000000000000000000000",
                    "diff": {
                        "exp": "0x0100000000000000000000000000000001000000030000000000000000000000000000000000000002000000020000000000000000000000000000000000000002000000030000000200000000000000000000000000000001000000020000000000000000000000000000000000000001000000020000000100000000000000000000000000000002000000020000000000000000000000000000000000000000000000000000000000000000000000000000000000000000000000000000000000000000000000000000000000000000000000000000000000000000000000000000000000000000000000000000000000000000000000000000000000000000000000000000000000000000000000000000000000000000000000000000008c0a0500000000000083a706000000008b5ac225a30100000000000005c225a3000000000ac7c972",
                        "got": "0x0100000000000000000000000000000001000000030000000000000000000000000000000000000002000000020000000000000000000000000000000000000002000000030000000200000000000000000000000000000001000000020000000000000000000000000000000000000001000000020000000100000000000000000000000000000002000000020000000000000000000000000000000000000000000000000000000000000000000000000000000000000000000000000000000000000000000000000000000000000000000000000000000000000000000000000000000000000000000000000000000000000000000000000000000000000000000000000000000000000000000000000000000000000000000000000000008c0a0500000000000083a706000000008b5ac225a30200000000000005c225a3000000000ac7c972faa5dc6b00000000000000000000"
                    }
                },
                {
                    "key": "0xfffa00a500dc006b0000000000000000000000000000000000000000000000",
                    "diff": {
                        "exp": "0x00b966c7bc5cd787c524a8730eb7c953ef4732811c2e4290e041646123449b74cc105005000000000010270000000000001027000000000000f95f020000000000000000000000000002000000040000000000000000000000",
                        "got": "0x00b966c7bc5cd787c524a8730eb7c953ef4732811c2e4290e041646123449b74cc105005000000000010270000000000001027000000000000f95f020000000000000000000000000002000000040000000400000000000000"
                    }
                }
            ]
        }
    }
}