{
    "config": {
        "seed": "42",
        "profile": {
            "full": null
        },
        "safrole": false,
        "max_work_items": 3,
        "max_service_keys": 10,
        "mutation_ratio": 0.0,
        "max_mutations": 0,
        "max_steps": 4294967295
    },
    "stats": {
        "steps": 1,
        "imported": 1,
        "import_max_step": 1,
        "import_min": 21.29075,
        "import_max": 21.29075,
        "import_mean": 21.29075,
        "import_p50": 21.29075,
        "import_p75": 0.0,
        "import_p90": 21.29075,
        "import_p99": 0.0,
        "import_std_dev": 0.0
    },
    "target": {
        "info": {
            "fuzz_version": 1,
            "fuzz_features": 2,
            "jam_version": {
                "major": 0,
                "minor": 7,
                "patch": 1
            },
            "app_version": {
                "major": 0,
                "minor": 0,
                "patch": 14
            },
            "app_name": "spacejam"
        },
        "stats": {
            "steps": 1,
            "imported": 1,
            "import_max_step": 1,
            "import_min": 31.012792,
            "import_max": 31.012792,
            "import_mean": 31.012792,
            "import_p50": 31.012792,
            "import_p75": 0.0,
            "import_p90": 31.012792,
            "import_p99": 0.0,
            "import_std_dev": 0.0
        }
    },
    "state_diff": {
        "roots": {
            "exp": "0x65082ccccdb2701eb0775383c5dca0600685c76f81139d55a71397a0a0b51b18",
            "got": "0xc10cf7f6a97f2acefccf05b63b7381fdb9abc89cc0bf775404e3a19515e6f8e9"
        },
        "keyvals": [
            {
                "key": "0x00450019006a0051135ef0225518c5ddc999419ffbf52cf2d4213d55af782e",
                "diff": {
                    "exp": "0x01000000",
                    "got": "0x"
                }
            },
            {
                "key": "0x00f00078008e0099cd2569e9ccf2045b86062b3e1b16723b5cd83807dab284",
                "diff": {
                    "exp": "0x000000005d7b000000000000726566696c6c0000000000000000000000000000000000000000000000000000000000000000000000000000000000000000000000000000000000000000000000000000000000000000000000000000000000000000000000000000000000000000000000000000000000000000000000000000000000000000000000000000",
                    "got": "0x"
                }
            },
            {
                "key": "0x0d000000000000000000000000000000000000000000000000000000000000",
                "diff": {
                    "exp": "0x0100000000000000000000000000000001000000030000000000000000000000000000000000000002000000020000000000000000000000000000000000000002000000030000000200000000000000000000000000000001000000020000000000000000000000000000000000000001000000020000000100000000000000000000000000000002000000020000000000000000000000000000000000000000000000000000000000000000000000000000000000000000000000000000000000000000000000000000000000000000000000000000000000000000000000000000000000000000000000000000000000000000000000000000000000000000000000000000000000000000000000000000000000000000000000000000008c0a0500000000000083a706000000008b5ac225a30100000000000005c225a3000000000ac7c972",
                    "got": "0x0100000000000000000000000000000001000000030000000000000000000000000000000000000002000000020000000000000000000000000000000000000002000000030000000200000000000000000000000000000001000000020000000000000000000000000000000000000001000000020000000100000000000000000000000000000002000000020000000000000000000000000000000000000000000000000000000000000000000000000000000000000000000000000000000000000000000000000000000000000000000000000000000000000000000000000000000000000000000000000000000000000000000000000000000000000000000000000000000000000000000000000000000000000000000000000000008c0a0500000000000083a706000000008b5ac225a30100000000000005c225a3000000000ac78e4c"
                }
            },
            {
                "key": "0xff000000000000000000000000000000000000000000000000000000000000",
                "diff": {
                    "exp": "0x00f45d36b7af68cdd48be8b7793cff734678e8fcad41902f07fbb4383707775687efaffaffffffffff0a000000000000000a00000000000000321e020000000000ffffffffffffffff13000000000000000400000000000000",
                    "got": "0x00f45d36b7af68cdd48be8b7793cff734678e8fcad41902f07fbb4383707775687efaffaffffffffff0a000000000000000a00000000000000471d020000000000ffffffffffffffff11000000000000000400000000000000"
                }
            }
        ]
    },
    "import_diff": null
}