{
    "config": {
        "seed": "42",
        "profile": {
            "empty": null
        },
        "safrole": false,
        "max_work_items": 1,
        "max_service_keys": 10,
        "mutation_ratio": 0.1,
        "max_mutations": 0,
        "max_steps": 10000
    },
    "stats": {
        "steps": 1,
        "imported": 1,
        "import_max_step": 1,
        "import_min": 9.064909,
        "import_max": 9.064909,
        "import_mean": 9.064909,
        "import_p50": 9.064909,
        "import_p75": 0.0,
        "import_p90": 9.064909,
        "import_p99": 0.0,
        "import_std_dev": 0.0
    },
    "target": {
        "info": {
            "fuzz_version": 1,
            "fuzz_features": 2,
            "jam_version": {
                "major": 0,
                "minor": 7,
                "patch": 0
            },
            "app_version": {
                "major": 0,
                "minor": 1,
                "patch": 15
            },
            "app_name": "PyJAMaz"
        },
        "stats": {
            "steps": 1,
            "imported": 1,
            "import_max_step": 1,
            "import_min": 65.247253,
            "import_max": 65.247253,
            "import_mean": 65.247253,
            "import_p50": 65.247253,
            "import_p75": 0.0,
            "import_p90": 65.247253,
            "import_p99": 0.0,
            "import_std_dev": 0.0
        }
    },
    "state_diff": {
        "roots": {
            "exp": "0x84b35458a3d7a7827c640c8190337c78de3d6675a8a3b886ee3c79feb75648ee",
            "got": "0xd8c553140f188d12f8a61c4eaaf9a1617a207dab982fb5777e527d9236bc95a3"
        },
        "keyvals": [
            {
                "key": "0x03000000000000000000000000000000000000000000000000000000000000",
                "diff": {
                    "exp": "0x08a83036bd111e57465f2e4def10c9ffa12706ac148adb5e9647314d8c5e9319679faa0c43252e1ba7c1ef557ea9878bb782a2b020ca7d6224637e5a3924ba159a514dd144bfd2ff498694aabc7b273c79395857cf1ccc9fd1d04119dc0a95b940006851dc1aa0eece882d29e5f4abf7eada07846fbb9cdae62423fe0fb91c2fb6fcc533236987243f5cfa2d9bf16377c9a55abf736f74b8d2d069ee9a361c9df0ddf3ab0878e4b5c87c5602b670bd7f6b0b204ce7bfa0ff2ed08821cf6862d5f8570227bf8ca4d0645bdb05522939c98f4d9f66de6a7d7120dd562d1a775be1ad9a240000000000000000000000000000000000000000000000000000000000000000ddb8552e2d72192ac1bd552783475ad6552b3dfa8c20e54d884a2179d7a08ad80000000000000000000000000000000000000000000000000000000000000000dd4948aed65dde0f002c98d509c283c854a1d5b214fa78369230fe4767c573ad21798dc3fb02337e41caa0455ded3f9fa93c3272bad79eb6fca6a94ea430eb7c35eea205027621eebad7d16d4ef0581300a5d7d911fce826e82a69bf9b3e41a900f95ebea59494838dd033e719bbd428a8e6c883764969d56e96be6b77bf25cf1b013ecc812e64ed7ada790b3e46cb9a9fb28f55f2f4a97511ce238f74a88c10cec4897532153076bb1c1ab98f9b03399cc3e9aede3ad01d505281e0f893882735025813bef16dc29c00c345f1fea65893d7da72d3a28557ed3743f2da7995f7475d00000000000000000000000000000000000000000000000000000000000000007ee8d105597de32c0de4a8faec6d8b1b627905f4027367fd08dbd0c63faa7e330000000000000000000000000000000000000000000000000000000000000000a21b839fea5a2ea25749c1c8fc9f9174f016572fca255c9ace81f4c4a327f0830673ac652cf084ba7182d262b474aad5f8a4ea0ac6280cb8f98ee9db9710745c35dbb9fbf16a7508439599b27167bfa53f4024a9fff708b6c0d1e9bbcd2cf24001dc1287332c7f1c7068ea24d12d2c938db22de82fa51e95dd79ad9ba7aea51626000000000000000000000000000000000000000000000000000000000000000004acc6e726dd696ec471414a8060e08e6ad72d55098523d324dca6adf8403c66819337875a951d06b127938025478761ef58810e2e0d7599d54ed0dfb001f11da51050d43a2674126faef3cad452dafb40a80747cc1a8019cb9c8646fdc3b33b00cb4f70f4a9fcfbf03a10b526c738773137b94b9b9827d9ed91a77127b64660dad3b16455aad1283a801add21ada8a434d231925eb588ef00828f70dafa934b5506cdd737db1511f31682f15353f5d6297f0efcbd14c1f1c7ddcbdb83115b344401f61253911ff0f896286a80bfd5752dc8929da2cb6952b09db1a64f73e4271d99000000000000000000000000000000000000000000000000000000000000000089f43be94842675e751f287f6b4903f35f68ec448cff7d4e4f18dd71af45b0b682f602a913b300d5fe085b000c626e2732c031faffb9cd5a825d1e99fdbd75800000000000000000000000000000000000000000000000000000000000000000000501000000000000000000000000000000000000000000000000000000000000000000000121ddb9a356815c3fac1026b6dec5df3124afbadb485c9ba5a3e3398a04b7ba8501e58769b32a1beaf1ea27375a44095a0d1fb664ce2dd358e7fcbfb78c26a19344",
                    "got": "0x08f875b3ef6205145dff244616dbe24e2a57ce91351439a2aee2213b0d130968af1c28d7753d0da2a474006b499e96ffb0ee39817ab95a6ac4c4df44e5ce771a25d3f43429759bc1d392ac791696920dd398d19a31d1e500906ad5b1e002f314fd016feb3a13459e4a353f41d4d0686e71a085cbfad016ff38185e4918945246ec400000000000000000000000000000000000000000000000000000000000000000a83036bd111e57465f2e4def10c9ffa12706ac148adb5e9647314d8c5e9319679faa0c43252e1ba7c1ef557ea9878bb782a2b020ca7d6224637e5a3924ba159a514dd144bfd2ff498694aabc7b273c79395857cf1ccc9fd1d04119dc0a95b940006851dc1aa0eece882d29e5f4abf7eada07846fbb9cdae62423fe0fb91c2fb6fcc533236987243f5cfa2d9bf16377c9a55abf736f74b8d2d069ee9a361c9df0ddf3ab0878e4b5c87c5602b670bd7f6b0b204ce7bfa0ff2ed08821cf6862d5f8570227bf8ca4d0645bdb05522939c98f4d9f66de6a7d7120dd562d1a775be1ad9a240000000000000000000000000000000000000000000000000000000000000000ddb8552e2d72192ac1bd552783475ad6552b3dfa8c20e54d884a2179d7a08ad80000000000000000000000000000000000000000000000000000000000000000dd4948aed65dde0f002c98d509c283c854a1d5b214fa78369230fe4767c573ad21798dc3fb02337e41caa0455ded3f9fa93c3272bad79eb6fca6a94ea430eb7c35eea205027621eebad7d16d4ef0581300a5d7d911fce826e82a69bf9b3e41a900f95ebea59494838dd033e719bbd428a8e6c883764969d56e96be6b77bf25cf1b013ecc812e64ed7ada790b3e46cb9a9fb28f55f2f4a97511ce238f74a88c10cec4897532153076bb1c1ab98f9b03399cc3e9aede3ad01d505281e0f893882735025813bef16dc29c00c345f1fea65893d7da72d3a28557ed3743f2da7995f7475d00000000000000000000000000000000000000000000000000000000000000007ee8d105597de32c0de4a8faec6d8b1b627905f4027367fd08dbd0c63faa7e330000000000000000000000000000000000000000000000000000000000000000a21b839fea5a2ea25749c1c8fc9f9174f016572fca255c9ace81f4c4a327f0830673ac652cf084ba7182d262b474aad5f8a4ea0ac6280cb8f98ee9db9710745c35dbb9fbf16a7508439599b27167bfa53f4024a9fff708b6c0d1e9bbcd2cf24001dc1287332c7f1c7068ea24d12d2c938db22de82fa51e95dd79ad9ba7aea51626000000000000000000000000000000000000000000000000000000000000000004acc6e726dd696ec471414a8060e08e6ad72d55098523d324dca6adf8403c66819337875a951d06b127938025478761ef58810e2e0d7599d54ed0dfb001f11da51050d43a2674126faef3cad452dafb40a80747cc1a8019cb9c8646fdc3b33b00cb4f70f4a9fcfbf03a10b526c738773137b94b9b9827d9ed91a77127b64660dad3b16455aad1283a801add21ada8a434d231925eb588ef00828f70dafa934b55000000000000000000000000000000000000000000000000000000000000000001f61253911ff0f896286a80bfd5752dc8929da2cb6952b09db1a64f73e4271d990000000000000000000000000000000000000000000000000000000000000000050000000121ddb9a356815c3fac1026b6dec5df3124afbadb485c9ba5a3e3398a04b7ba8501e58769b32a1beaf1ea27375a44095a0d1fb664ce2dd358e7fcbfb78c26a19344"
                }
            },
            {
                "key": "0x06000000000000000000000000000000000000000000000000000000000000",
                "diff": {
                    "exp": "0xde03a6f7124591deae50a83c70db4f924ba533885dead6311732d0ccdb086f1920265a5e149cf8b6faabc54f1e155e92adc17f737506a023b3a5c98d6fa21d5b0ce5423aebf50cd16407a606e48b59d039b460d9805edc8b0ffa24ee3db70ea6504e96139ef67184a6d0d9f882166a3a843eb5f50ffdd7c723bbb331119be626",
                    "got": "0x4666c39de8c6454f934246f7827449423fcb7400aab06df9a984a634510f53b420265a5e149cf8b6faabc54f1e155e92adc17f737506a023b3a5c98d6fa21d5b0ce5423aebf50cd16407a606e48b59d039b460d9805edc8b0ffa24ee3db70ea6504e96139ef67184a6d0d9f882166a3a843eb5f50ffdd7c723bbb331119be626"
                }
            },
            {
                "key": "0x0a000000000000000000000000000000000000000000000000000000000000",