{
    "config": {
        "seed": "42",
        "profile": {
            "empty": null
        },
        "safrole": false,
        "max_work_items": 1,
        "max_service_keys": 10,
        "mutation_ratio": 0.1,
        "max_mutations": 0,
        "max_steps": 10000
    },
    "stats": {
        "steps": 1,
        "imported": 1,
        "import_max_step": 1,
        "import_min": 9.403724,
        "import_max": 9.403724,
        "import_mean": 9.403724,
        "import_p50": 9.403724,
        "import_p75": 0.0,
        "import_p90": 9.403724,
        "import_p99": 0.0,
        "import_std_dev": 0.0
    },
    "target": {
        "info": {
            "fuzz_version": 1,
            "fuzz_features": 0,
            "jam_version": {
                "major": 0,
                "minor": 7,
                "patch": 0
            },
            "app_version": {
                "major": 0,
                "minor": 1,
                "patch": 4
            },
            "app_name": "turbojam"
        },
        "stats": {
            "steps": 1,
            "imported": 1,
            "import_max_step": 1,
            "import_min": 4.674964,
            "import_max": 4.674964,
            "import_mean": 4.674964,
            "import_p50": 4.674964,
            "import_p75": 0.0,
            "import_p90": 4.674964,
            "import_p99": 0.0,
            "import_std_dev": 0.0
        }
    },
    "state_diff": {
        "roots": {
            "exp": "0x1e03b4c5479892d00888ec22c2575d29073d241a194d7559536a69f1bab751eb",
            "got": "0xe8529addab6524545e5004eb216c38fab0514b28b5349dac849cb18c4f5af899"
        },
        "keyvals": [
            {
                "key": "0x0d000000000000000000000000000000000000000000000000000000000000",
                "diff": {
                    "exp": "0x03000000000000000000000000000000050000000b00000001000000000000000000000000000000050000000900000000000000000000000000000000000000050000000a00000003000000000000000000000000000000050000000b00000002000000000000000000000000000000040000000b000000020000000000000001000000cd3f0100050000000b00000001000000000000000000000000000000050000000c00000001000000000000000000000000000000040000000b000000020000000000000001000000cd3f0100050000000c00000003000000000000000000000000000000040000000a00000003000000000000000000000000000000050000000b00000002000000000000000000000000000000050000000a00000080ed0600000000812e91fc812e0600000000810d88e9027d66a0bf00000189130000000001c0085b0000548a3cc800000291d20000000002c028590000",
                    "got": "0x03000000000000000000000000000000050000000b00000001000000000000000000000000000000050000000900000000000000000000000000000000000000050000000a00000003000000000000000000000000000000050000000b00000002000000000000000000000000000000040000000b000000020000000000000001000000cd3f0100050000000b00000001000000000000000000000000000000050000000c00000001000000000000000000000000000000040000000b000000020000000000000001000000cd3f0100050000000c00000003000000000000000000000000000000040000000a00000003000000000000000000000000000000050000000b00000002000000000000000000000000000000050000000a00000080ed0600000000812e91fc812e0600000000810d88e9027d66a0bf00000189130000000001c0085b0000548a3cc800000291d20000000002c01e590000"
                }
            }
        ]
    },
    "import_diff": null
}
