{
    "config": {
        "seed": "42",
        "max_steps": 4294967295,
        "safrole": false,
        "profile": {
            "full": null
        },
        "fuzzy_profile": {
            "full": null
        },
        "max_work_items": 3,
        "mutation_ratio": 0.0,
        "max_mutations": 0
    },
    "stats": {
        "steps": 6,
        "imported": 1,
        "import_max_step": 6,
        "import_min": 8.838106999999999,
        "import_max": 8.838106999999999,
        "import_mean": 8.838106999999999,
        "import_p50": 8.838106999999999,
        "import_p75": 0.0,
        "import_p90": 8.838106999999999,
        "import_p99": 0.0,
        "import_std_dev": 0.0
    },
    "target": {
        "info": {
            "fuzz_version": 1,
            "fuzz_features": 2,
            "jam_version": {
                "major": 0,
                "minor": 7,
                "patch": 2
            },
            "app_version": {
                "major": 0,
                "minor": 7,
                "patch": 2
            },
            "app_name": "jampy"
        },
        "stats": {
            "steps": 6,
            "imported": 1,
            "import_max_step": 6,
            "import_min": 512.808187,
            "import_max": 512.808187,
            "import_mean": 512.808187,
            "import_p50": 512.808187,
            "import_p75": 0.0,
            "import_p90": 512.808187,
            "import_p99": 0.0,
            "import_std_dev": 0.0
        }
    },
    "error": {
        "state_diff": {
            "roots": {
                "exp": "0x4fdce8cd63d3be3f35158e793e021b42bcc0a22e94a4a05befaed75dee375d39",
                "got": "0x1327cf6917ce457430fbd33970383190c96166d3ba6367a0f40bf928ff13f1cf"
            },
            "keyvals": [
                {
                    "key": "0x0d000000000000000000000000000000000000000000000000000000000000",
                    "diff": {
                        "exp": "0x0300000000000000010000003d39020003000000090000000000000000000000000000000000000003000000080000000100000000000000000000000000000003000000080000000200000000000000000000000000000005000000080000000200000000000000000000000000000005000000080000000200000000000000000000000000000005000000060000000100000000000000000000000000000002000000070000000200000000000000000000000000000000000000050000000100000000000000000000000000000000000000060000000100000000000000000000000000000002000000040000000000000000000000000000000000000002000000060000000200000000000000000000000000000000000000040000008fb1050000000000008d8d060014858e008b76ba0306fb8d9d0d0000018c2b0005814b0004c0288786dcaf560000018b550007823d0001c025eacd5dd157000000000000000001af88d08cb464000000000000000001c0c8f3176bcd980000018b81000280a500000059229ac8000002970200068161000000",
                        "got": "0x0300000000000000010000003d39020003000000090000000000000000000000000000000000000003000000080000000100000000000000000000000000000003000000080000000200000000000000000000000000000005000000080000000200000000000000000000000000000005000000080000000200000000000000000000000000000005000000060000000100000000000000000000000000000002000000070000000200000000000000000000000000000000000000050000000100000000000000000000000000000000000000060000000100000000000000000000000000000002000000040000000000000000000000000000000000000002000000060000000200000000000000000000000000000000000000040000008fb1050000000000008d8d060014858e008b76ba0306fb8d9d0d0000018c2b0005814b0004c0a56b86dcaf560000018b550007823d0001c025eacd5dd157000000000000000001af88d08cb464000000000000000001c0c8f3176bcd980000018b81000280a500000059229ac8000002970200068161000000"
                    }
                },
                {
                    "key": "0xfbd78d459db70dfec13e507a95e86ec03add50794acc76edd9370aca5ecbf2",
                    "diff": {
                        "exp": "0x0d283bc3b774c145",
                        "got": "0xc5bcc763367a216a"
                    }
                },
                {
                    "key": "0xfbd98dd89dc70da728716601ff41b69f853105e6485a79109d4d3e252fb630",
                    "diff": {
                        "exp": "0x1000000000fb8d9d0d51fb1415c6e1642d342f7b4705d2f34c86dcaf56cd5dd157929d705bd08cb46476a68877176bcd984b6403b559229ac8caf1fef881daa826",
                        "got": "0x1000000000fb8d9d0d51fb1415c6e1642d342f7b4705d2f34c86dcaf56cd5dd157929d705bd08cb46476a68877176bcd984b6403b559229ac8caf1fef826862784"
                    }
                }
            ]
        }
    }
}