{
    "config": {
        "seed": "42",
        "max_steps": 4294967295,
        "safrole": false,
        "profile": {
            "full": null
        },
        "fuzzy_profile": {
            "full": null
        },
        "max_work_items": 3,
        "mutation_ratio": 0.0,
        "max_mutations": 0
    },
    "stats": {
        "steps": 1,
        "imported": 1,
        "import_max_step": 1,
        "import_min": 28.019568000000003,
        "import_max": 28.019568000000003,
        "import_mean": 28.019568000000003,
        "import_p50": 28.019568000000003,
        "import_p75": 0.0,
        "import_p90": 28.019568000000003,
        "import_p99": 0.0,
        "import_std_dev": 0.0
    },
    "target": null,
    "diff": null
}