{
    "config": {
        "seed": "42",
        "profile": {
            "Empty": null
        },
        "safrole": false,
        "max_work_items": 1,
        "max_service_keys": 10,
        "mutation_ratio": 0.1,
        "max_mutations": 0,
        "max_steps": 10000
    },
    "stats": {
        "steps": 2,
        "imported": 2,
        "import_max_step": 1,
        "import_min": 6.270802,
        "import_max": 7.2866040000000005,
        "import_mean": 6.778703,
        "import_p50": 6.27,
        "import_p75": 6.27,
        "import_p90": 6.27,
        "import_p99": 6.27,
        "import_std_dev": 0.7182804825428579
    },
    "target": {
        "info": {
            "name": "PyJAMaz",
            "app_version": {
                "major": 0,
                "minor": 1,
                "patch": 9
            },
            "jam_version": {
                "major": 0,
                "minor": 7,
                "patch": 0
            }
        },
        "stats": {
            "steps": 1,
            "imported": 1,
            "import_max_step": 1,
            "import_min": 171.07396799999998,
            "import_max": 171.07396799999998,
            "import_mean": 171.07396799999998,
            "import_p50": 171.07396799999998,
            "import_p75": 0.0,
            "import_p90": 171.07396799999998,
            "import_p99": 0.0,
            "import_std_dev": 0.0
        }
    },
    "diff": {
        "roots": {
            "exp": "0xb63b32adaf607193b1513525bad182009e930b90b8214715c2ccae45667e72c0",
            "got": "0x203a92ce47e556a89f655e1075ac20d98ae6050e528fcf1190852462fad93f00"
        },
        "keyvals": [
            {
                "key": "0x03000000000000000000000000000000000000000000000000000000000000",
                "diff": {
                    "exp": "0x032bf11dc5e1c7b9bbaafc2c8533017abc12daeb0baf22c92509ad50f7875e571600000000000000000000000000000000000000000000000000000000000000005c38aeccc2a2135cfae1e06b14ae5f64fd90047f01e97268de2e86fc7383b59100b1c143440cd462ccefcc5a2d8c5a260218de4e42daa08b4092d551ddbaf3c1390000000000000000000000000000000000000000000000000000000000000000c0abcfb2c41d9494b05a0372be2819e0b6178143791c1c9252ac5c03acbb1240019dad1f3c3911787565063acb4d054290840f3fc2f997b89f8c34c443cbdf7fe90000000000000000000000000000000000000000000000000000000000000000f807e2876b1b4d2e5a353804f91f194610b63ef44a2e86311d2b9f67b5a8c4fead3228b676f7d3cd4284a5443f17f1962b36e491b30a40b2405849e597ba5fb500000000000000000000000000000000000000000000000000000000000000000137cd7580fb38a71dd25889f7eee29ce3e4bd1c00eb92cc1b75d1f6c0d856ff830000000000000000000000000000000000000000000000000000000000000000020001ad3228b676f7d3cd4284a5443f17f1962b36e491b30a40b2405849e597ba5fb5",
                    "got": "0x032bf11dc5e1c7b9bbaafc2c8533017abc12daeb0baf22c92509ad50f7875e571600000000000000000000000000000000000000000000000000000000000000005c38aeccc2a2135cfae1e06b14ae5f64fd90047f01e97268de2e86fc7383b59100b1c143440cd462ccefcc5a2d8c5a260218de4e42daa08b4092d551ddbaf3c1390000000000000000000000000000000000000000000000000000000000000000c0abcfb2c41d9494b05a0372be2819e0b6178143791c1c9252ac5c03acbb1240019dad1f3c3911787565063acb4d054290840f3fc2f997b89f8c34c443cbdf7fe9000000000000000000000000000000000000000000000000000000000000000082cd1518d1aa2fac67d3234a66dcdb35d64ec3dc2b9d5486bf4e444d2e69aecfad3228b676f7d3cd4284a5443f17f1962b36e491b30a40b2405849e597ba5fb5000000000000000000000000000000000000000000000000000000000000000000020001ad3228b676f7d3cd4284a5443f17f1962b36e491b30a40b2405849e597ba5fb5"
                }
            },
            {
                "key": "0x0a000000000000000000000000000000000000000000000000000000000000",
                "diff": {
                    "exp": "0x000137cd7580fb38a71dd25889f7eee29ce3e4bd1c00eb92cc1b75d1f6c0d856ff8311020000d60b7cf47613e6df5b2797dccde204b078a7cd82aec85d5edc19a3f24be68cfc00000000000000000000000000000000000000000000000000000000000000000000b1c143440cd462ccefcc5a2d8c5a260218de4e42daa08b4092d551ddbaf3c139c0abcfb2c41d9494b05a0372be2819e0b6178143791c1c9252ac5c03acbb12400000000000000000000000000000000000000000000000000000000000000000b1c143440cd462ccefcc5a2d8c5a260218de4e42daa08b4092d551ddbaf3c139010000000001a33fd62c73aa99798665aacb88b9aad62c82389e49b06838e6fbc2dd04fbd78c9c3907417574683d3c3e0001000000003f72b36f023e0a26ba5e3bb25dccd8bc38055b9561f7ca61fecb0c957de7e5772c38c975521320e9c9be81d7c1bba4c7012154bd80d7d5cb041fe86d5bee6ca1809698000000000000812c01050920a749f5276068983ccfd5dc4cd453187712fa8e678c3929fc1bb307204a6f4b2b20952949d0587e7f263f5afb8eaa4bdd689e79a37fff5c505b69ad0fc12b84ff8b20d5a55e3886abd544b9c20b259c10394821b577ecd1c917b323f5916e1b04b338207cec52460716ad13c562e01721f90b1dfd924367b268dce62a093c640eca1c532013717d587c3a156efb6892b22c32efe6569032143bf8456744734672d84df15f2065baa30419b56fc73ae6454529dfeb3038af8ac5ce2a57305d85db4dbf049b9420333adc619129bd8cdae03b04e7072c5560ab519beba06397e8f62890fae2083d205251fc63d6ad1a0cd5d52734c02ba70f317dfcb2d63614c12835d07aa8f15f40200b53eec90039290096fa08f2b29f79e87a25642af1e5754a7b44f199fc71b2c7c1395b0000000002000000",
                    "got": "0x0000"
                }
            },
            {
                "key": "0x0d000000000000000000000000000000000000000000000000000000000000",
                "diff": {
                    "exp": "0x010000000000000000000000000000000100000001000000000000000000000000000000000000000100000001000000000000000000000000000000000000000100000001000000010000000000000000000000000000000100000001000000000000000000000000000000000000000100000001000000000000000000000000000000000000000100000001000000000000000000000000000000000000000000000000000000000000000000000000000000000000000000000000000000000000000000000000000000000000000000000000000000000000000000000000000000000000000000000000000000000000000000000000000000000000000000000000000000000000000000000000000000000000000000000000000000816c060000000000000000000000008211c1395b0100000000000001c1395b0000000001a96d0000",
                    "got": "0x010000000000000000000000000000000100000001000000000000000000000000000000000000000100000001000000000000000000000000000000000000000100000001000000010000000000000000000000000000000000000001000000000000000000000000000000000000000000000001000000000000000000000000000000000000000000000001000000000000000000000000000000000000000000000000000000000000000000000000000000000000000000000000000000000000000000000000000000000000000000000000000000000000000000000000000000000000000000000000000000000000000000000000000000000000000000000000000000000000000000000000000000000000000000000000000000816c0600000000000000000000000000000100000000000000000000000001a96d0000"
                }
            }
        ]
    }
}
