{
    "config": {
        "seed": "42",
        "profile": {
            "empty": null
        },
        "safrole": false,
        "max_work_items": 1,
        "max_service_keys": 10,
        "mutation_ratio": 0.1,
        "max_mutations": 0,
        "max_steps": 10000
    },
    "stats": {
        "steps": 1,
        "imported": 1,
        "import_max_step": 1,
        "import_min": 8.320889999999999,
        "import_max": 8.320889999999999,
        "import_mean": 8.320889999999999,
        "import_p50": 8.320889999999999,
        "import_p75": 0.0,
        "import_p90": 8.320889999999999,
        "import_p99": 0.0,
        "import_std_dev": 0.0
    },
    "target": {
        "info": {
            "fuzz_version": 1,
            "fuzz_features": 2,
            "jam_version": {
                "major": 0,
                "minor": 7,
                "patch": 0
            },
            "app_version": {
                "major": 0,
                "minor": 1,
                "patch": 0
            },
            "app_name": "boka-fuzzing-target"
        },
        "stats": {
            "steps": 1,
            "imported": 1,
            "import_max_step": 1,
            "import_min": 22.873616,
            "import_max": 22.873616,
            "import_mean": 22.873616,
            "import_p50": 22.873616,
            "import_p75": 0.0,
            "import_p90": 22.873616,
            "import_p99": 0.0,
            "import_std_dev": 0.0
        }
    },
    "state_diff": {
        "roots": {
            "exp": "0x7dcc9504606e6b62e0cf4ede671b11eb39bcd0a8beaec6d5042f6c27c3772441",
            "got": "0x42587eaf157fb3c32b1725e20106aa3614e2c76f88c993b3bfbc6b42c10cf808"
        },
        "keyvals": [
            {
                "key": "0x0d000000000000000000000000000000000000000000000000000000000000",
                "diff": {
                    "exp": "0x02000000000000000000000000000000050000000a00000000000000000000000000000000000000050000000c00000001000000000000000000000000000000070000000900000002000000000000000000000000000000050000000a00000005000000000000000100000034660100070000000c00000002000000000000000000000000000000070000000a00000002000000000000000100000034660100030000000800000000000000000000000000000000000000040000000800000001000000000000000000000000000000040000000900000004000000000000000100000034660100030000000800000002000000000000000000000000000000040000000700000002000000000000000100000034660100030000000900000080ff0600000000813f88d2000400000000000002ad65952e000000000000000001c0aa63000053c376c400000188d2000000000000019d89",
                    "got": "0x02000000000000000000000000000000050000000a00000000000000000000000000000000000000050000000c00000001000000000000000000000000000000070000000900000002000000000000000000000000000000050000000a00000005000000000000000100000034660100070000000c00000002000000000000000000000000000000070000000a00000002000000000000000100000034660100030000000800000000000000000000000000000000000000040000000800000001000000000000000000000000000000040000000900000004000000000000000100000034660100030000000800000002000000000000000000000000000000040000000700000002000000000000000100000034660100030000000900000080ff0600000000813f88d2000400000000000002ad65952e000000000000000001c01c65000053c376c400000188d2000000000000019dbe"
                }
            },
            {
                "key": "0xadbf658095c42e15a6de0d53b81f75fb91e9487af71c623599e8ecb38e7204",
                "diff": {
                    "exp": "0x01000000",
                    "got": "0x00000000"
                }
            }
        ]
    },
    "import_diff": null
}
