{
    "config": {
        "seed": "42",
        "max_steps": 4294967295,
        "safrole": false,
        "profile": {
            "full": null
        },
        "fuzzy_profile": {
            "full": null
        },
        "max_work_items": 3,
        "mutation_ratio": 0.0,
        "max_mutations": 0
    },
    "stats": {
        "steps": 2,
        "imported": 1,
        "import_max_step": 2,
        "import_min": 7.144558,
        "import_max": 7.144558,
        "import_mean": 7.144558,
        "import_p50": 7.144558,
        "import_p75": 0.0,
        "import_p90": 7.144558,
        "import_p99": 0.0,
        "import_std_dev": 0.0
    },
    "target": {
        "info": {
            "fuzz_version": 1,
            "fuzz_features": 2,
            "jam_version": {
                "major": 0,
                "minor": 7,
                "patch": 2
            },
            "app_version": {
                "major": 0,
                "minor": 1,
                "patch": 0
            },
            "app_name": "jamzig-target"
        },
        "stats": {
            "steps": 2,
            "imported": 1,
            "import_max_step": 2,
            "import_min": 10.426237,
            "import_max": 10.426237,
            "import_mean": 10.426237,
            "import_p50": 10.426237,
            "import_p75": 0.0,
            "import_p90": 10.426237,
            "import_p99": 0.0,
            "import_std_dev": 0.0
        }
    },
    "error": {
        "state_diff": {
            "roots": {
                "exp": "0xf968798aa238d396d8f0127237f8eae8736297ff3fa046b9ebd5633f2b0bf4ad",
                "got": "0xfff3649b4e6057e863aeae66b95f08d15228ab6505499548f82400957536072c"
            },
            "keyvals": [
                {
                    "key": "0xff5a0049000200900000000000000000000000000000000000000000000000",
                    "diff": {
                        "exp": "0x000000000000000000000000000000000000000000000000000000000000000000ae45050000000000000000000000000000000000000000008e39020000000000000000000000000002000000090000003000000000000000",
                        "got": "0x0000000000000000000000000000000000000000000000000000000000000000006d31050000000000000000000000000000000000000000008e39020000000000000000000000000002000000090000003000000000000000"
                    }
                }
            ]
        }
    }
}