{
    "config": {
        "seed": "42",
        "profile": {
            "empty": null
        },
        "safrole": false,
        "max_work_items": 1,
        "max_service_keys": 10,
        "mutation_ratio": 0.1,
        "max_mutations": 0,
        "max_steps": 10000
    },
    "stats": {
        "steps": 1,
        "imported": 1,
        "import_max_step": 1,
        "import_min": 12.86526,
        "import_max": 12.86526,
        "import_mean": 12.86526,
        "import_p50": 12.86526,
        "import_p75": 0.0,
        "import_p90": 12.86526,
        "import_p99": 0.0,
        "import_std_dev": 0.0
    },
    "target": {
        "info": {
            "fuzz_version": 1,
            "fuzz_features": 2,
            "jam_version": {
                "major": 0,
                "minor": 7,
                "patch": 0
            },
            "app_version": {
                "major": 0,
                "minor": 1,
                "patch": 0
            },
            "app_name": "jamzilla"
        },
        "stats": {
            "steps": 1,
            "imported": 1,
            "import_max_step": 1,
            "import_min": 16.315577,
            "import_max": 16.315577,
            "import_mean": 16.315577,
            "import_p50": 16.315577,
            "import_p75": 0.0,
            "import_p90": 16.315577,
            "import_p99": 0.0,
            "import_std_dev": 0.0
        }
    },
    "state_diff": {
        "roots": {
            "exp": "0x7e2744ab7947a5b0c2ee2238d9a38026b83dd5f0500fb4c06a2a1300b558fe34",
            "got": "0xced8de350e1d97c05008c789b24f8e3619e586b66a6e596d30a2e0b70846de8c"
        },
        "keyvals": [
            {
                "key": "0x0d000000000000000000000000000000000000000000000000000000000000",
                "diff": {
                    "exp": "0x02000000000000000000000000000000020000000400000002000000000000000000000000000000030000000600000001000000000000000000000000000000030000000700000000000000000000000000000000000000040000000500000001000000000000000000000000000000030000000500000001000000000000000000000000000000030000000600000001000000000000000000000000000000040000000900000003000000000000000000000000000000040000000800000002000000000000000000000000000000040000000a00000003000000000000000000000000000000030000000900000000000000000000000000000000000000030000000a000000030000000000000000000000000000000300000009000000810f050000000081a8b889810f0600000000816f88f20500000000000001b8890000000000000000783bbe650000000000000000000001b3a524a7db6b000000000000000001c0d365000024e9488e00000188f20000000000000000925bae94000000000000000001c0d2650000",
                    "got": "0x02000000000000000000000000000000020000000400000002000000000000000000000000000000030000000600000001000000000000000000000000000000030000000700000000000000000000000000000000000000040000000500000001000000000000000000000000000000030000000500000001000000000000000000000000000000030000000600000001000000000000000000000000000000040000000900000003000000000000000000000000000000040000000800000002000000000000000000000000000000040000000a00000003000000000000000000000000000000030000000900000000000000000000000000000000000000030000000a000000030000000000000000000000000000000300000009000000810f050000000081a8b889810f0600000000816f88f20500000000000001b8890000000000000000783bbe650000000000000000000002b3a524a7db6b000000000000000001c0d365000024e9488e00000188f20000000000000000925bae94000000000000000001c0d2650000"
                }
            }
        ]
    },
    "import_diff": null
}
