{
    "config": {
        "seed": "42",
        "profile": {
            "empty": null
        },
        "safrole": false,
        "max_work_items": 1,
        "max_service_keys": 10,
        "mutation_ratio": 0.1,
        "max_mutations": 0,
        "max_steps": 10000
    },
    "stats": {
        "steps": 1,
        "imported": 1,
        "import_max_step": 1,
        "import_min": 8.661123,
        "import_max": 8.661123,
        "import_mean": 8.661123,
        "import_p50": 8.661123,
        "import_p75": 0.0,
        "import_p90": 8.661123,
        "import_p99": 0.0,
        "import_std_dev": 0.0
    },
    "target": {
        "info": {
            "fuzz_version": 1,
            "fuzz_features": 2,
            "jam_version": {
                "major": 0,
                "minor": 7,
                "patch": 0
            },
            "app_version": {
                "major": 0,
                "minor": 1,
                "patch": 0
            },
            "app_name": "boka-fuzzing-target"
        },
        "stats": {
            "steps": 1,
            "imported": 1,
            "import_max_step": 1,
            "import_min": 26.112775000000003,
            "import_max": 26.112775000000003,
            "import_mean": 26.112775000000003,
            "import_p50": 26.112775000000003,
            "import_p75": 0.0,
            "import_p90": 26.112775000000003,
            "import_p99": 0.0,
            "import_std_dev": 0.0
        }
    },
    "state_diff": {
        "roots": {
            "exp": "0x5711000cfeae6374d13513c905b9a5e00649946b90d9e5da4b46d34b6354fee2",
            "got": "0x5361a2b9c0b56bb4edb8b0e488bfa20c1c11efc68cddf22beb9ffc7fc0e864fb"
        },
        "keyvals": [
            {
                "key": "0x0d000000000000000000000000000000000000000000000000000000000000",
                "diff": {
                    "exp": "0x000000000000000000000000000000000200000007000000030000000000000000000000000000000200000005000000010000000000000000000000000000000200000005000000000000000000000000000000000000000300000006000000020000000000000000000000000000000300000005000000010000000000000000000000000000000300000003000000020000000000000004000000d0980500050000000a00000000000000000000000000000000000000060000000900000001000000000000000000000000000000050000000a00000004000000000000000200000068cc0200060000000a00000002000000000000000000000000000000050000000900000002000000000000000000000000000000060000000900000081070600000000810788e2000000000000810788e203f4c6469000000188e200000000000000002f1b96a200000000000000000000019da62cc2eef700000188e20000000001c05e650000",
                    "got": "0x000000000000000000000000000000000200000007000000030000000000000000000000000000000200000005000000010000000000000000000000000000000200000005000000000000000000000000000000000000000300000006000000020000000000000000000000000000000300000005000000010000000000000000000000000000000300000003000000020000000000000004000000d0980500050000000a00000000000000000000000000000000000000060000000900000001000000000000000000000000000000050000000a00000004000000000000000200000068cc0200060000000a00000002000000000000000000000000000000050000000900000002000000000000000000000000000000060000000900000081070600000000810788e2000000000000810788e203f4c6469000000188e200000000000000002f1b96a200000000000000000000019dd02cc2eef700000188e20000000001c0d0660000"
                }
            },
            {
                "key": "0x2cbfc280eec4f715a6de0d53b81f75fb91e9487af71c623599e8ecb38e7204",
                "diff": {
                    "exp": "0x01000000",
                    "got": "0x00000000"
                }
            }
        ]
    },
    "import_diff": null
}
