{
    "config": {
        "seed": "42",
        "max_steps": 1000000,
        "safrole": true,
        "profile": {
            "fuzzy": null
        },
        "fuzzy_profile": {
            "rand": null
        },
        "max_work_items": 5,
        "mutation_ratio": 0.1,
        "max_mutations": 0
    },
    "stats": {
        "steps": 47,
        "imported": 47,
        "import_max_step": 35,
        "import_min": 1.478062,
        "import_max": 176.01276399999998,
        "import_mean": 19.121383297872338,
        "import_p50": 8.638,
        "import_p75": 13.717,
        "import_p90": 21.669,
        "import_p99": 176.012,
        "import_std_dev": 40.01821153723239
    },
    "target": {
        "info": {
            "fuzz_version": 1,
            "fuzz_features": 2,
            "jam_version": {
                "major": 0,
                "minor": 7,
                "patch": 2
            },
            "app_version": {
                "major": 0,
                "minor": 0,
                "patch": 2
            },
            "app_name": "strawberry"
        },
        "stats": {
            "steps": 47,
            "imported": 47,
            "import_max_step": 11,
            "import_min": 63.233655999999996,
            "import_max": 7098.920261,
            "import_mean": 669.9058378510638,
            "import_p50": 349.575,
            "import_p75": 624.948,
            "import_p90": 1482.523,
            "import_p99": 7098.92,
            "import_std_dev": 1111.8116682336802
        }
    },
    "error": {
        "state_diff": {
            "roots": {
                "exp": "0x5db6c6631f7568bcf7120c784dff4419b60f8370cc3f75b42038045be377813f",
                "got": "0x367708d64bd0f86c68fe644417c8e2632f5f63a341274f32584199a3a940bb4c"
            },
            "keyvals": [
                {
                    "key": "0x03000000000000000000000000000000000000000000000000000000000000",
                    "diff": {
                        "exp": "0x08191fb10cc8eb17cff29e78ed228f5d73a98f707c2e112e962a42b95431f82e51bb99c9738dcc922bc2762036b221412d07a8eadfe4ac00aa13a3f4dec7b64a2cdbb9f6571f577a9cd9796a6c3d8d9b2fee5432ba103aa0dd33f5550ed603f308017b4cb9a93b4a9c12992660058383c4819ff658a6179b3aede8832be0f872f4650000000000000000000000000000000000000000000000000000000000000000d19eb89b1b5655ef364da0f7e4b8275a28ecc355be430ffdb39400b618a4263e041eb8ba3d88df4d685c946ea8e4a44dce1f9516dd8a8ffbb4e983b21aa229fdfde0beecad86db420fa437864c19576f8f643554c2f5dd9c16557e67aa100073016ed71a160dd5211311dd48daca808283e869e1079998d291fb6d67e5db6bd52100000000000000000000000000000000000000000000000000000000000000003975d8a57ef048be06b1d6005b76fffd524fa8d90d731058599bae6bbaaf589e806ee27c5463e8ac2a96eafa01e2c0e25f39270c5eb30c6022771b604af3734c49c8ab6c0a1b9dcc5f1ce5921e4f19ec0a033e9489b4ff5cdca264d9195fd54f003082eb6ddbd6a994a2c73634162a3f1483b500e79b45211e2536f978682701f8d1fa25023f5f5e608120d0e4abf15647d2fbe362b19460fabc87648ebf1e8ec92d3438cce8c3a905083203678f0ad6beb87384fb9ed44089c1584c2b169f3a2300647ecceb594d9c31f67b40095416acd5fd3481b6ebac17d4e869bfe21f8830830e0b3490791363594a4e5d7d19d20a2d262296a4f462fb108eccbeac11ae7440b933b11b2aaa9edb2c7d0ec47c29cab62091a0879c4da54c528dd92dae62b5ff0212abde3790386fca353aeee030e226934a76edbc1f135d992b0056136511b0060000000000000000000000000000000000000000000000000000000000000000a9f84a95ef387f1a519f2ccb6e0c20728b0b2b3df0a67306a9b47121a7a8810e0000000000000000000000000000000000000000000000000000000000000000c97e598f5b581390a7ce97d2b6cf2feab68cc2bc53d348879abd272b181e7be2eb986e24eafc7fc6ca0b4e55fde6f3f533cbca19c3a958bf879e9ddda360f0fd42046a6b9534416a99d081c05d1020f5ebdfa65710cb7077bb3326ca01279ebd010fccb196b3dbfd946bbe6eb607ceb5d0002e01217a138c73a2e6a510c245d3ab000000000000000000000000000000000000000000000000000000000000000004d10e3ed0b0cdfe6a63fa5849822a7ea086d5354ea8ca7246a15db4b041f883559ed806e1380b01e37ab821dd965246aaa216074e6eb0e93cb5be725281c83520b85485126ebcc97b1fe8aec0dd556329430d52f59340e3e6e4d6719ade624b00054499ec93e3f9ca5cd2df4062c81fc4c27e2b4cc7810bba0e73363cb93b53c34d755cf543d1f9b95fb38945d7203221af39e63c6cf2814f55797eae3988d2e2000000000000000000000000000000000000000000000000000000000000000001c2d9e101d4223bf135616df034d27a3605ffc96db84bb04c58aa32c8b5afb49e00000000000000000000000000000000000000000000000000000000000000000601a79fc9ead1333c025ba40ec69183bbe348f4ab078ec0196098cd88a05fcc3261011c92b4ba45de8b7341cd6e4e772c8990652992b0db8b5d6f0f789a10abe62fb301b4c11951957c6f8f642c4af61cd6b24640fec6dc7fc607ee8206a99e92410d30014ec559669f80a00b9a9a1286a93c7c30abbb50513fcbb17e9e3a8c11fb924a9a000115cf560a6fe957dd9e30afbcd14a65a387caef4b1d3404fb851c450764642db0",
                        "got": "0x08191fb10cc8eb17cff29e78ed228f5d73a98f707c2e112e962a42b95431f82e51bb99c9738dcc922bc2762036b221412d07a8eadfe4ac00aa13a3f4dec7b64a2cdbb9f6571f577a9cd9796a6c3d8d9b2fee5432ba103aa0dd33f5550ed603f308017b4cb9a93b4a9c12992660058383c4819ff658a6179b3aede8832be0f872f4650000000000000000000000000000000000000000000000000000000000000000d19eb89b1b5655ef364da0f7e4b8275a28ecc355be430ffdb39400b618a4263e041eb8ba3d88df4d685c946ea8e4a44dce1f9516dd8a8ffbb4e983b21aa229fdfde0beecad86db420fa437864c19576f8f643554c2f5dd9c16557e67aa100073016ed71a160dd5211311dd48daca808283e869e1079998d291fb6d67e5db6bd52100000000000000000000000000000000000000000000000000000000000000003975d8a57ef048be06b1d6005b76fffd524fa8d90d731058599bae6bbaaf589e806ee27c5463e8ac2a96eafa01e2c0e25f39270c5eb30c6022771b604af3734c49c8ab6c0a1b9dcc5f1ce5921e4f19ec0a033e9489b4ff5cdca264d9195fd54f003082eb6ddbd6a994a2c73634162a3f1483b500e79b45211e2536f978682701f8d1fa25023f5f5e608120d0e4abf15647d2fbe362b19460fabc87648ebf1e8ec92d3438cce8c3a905083203678f0ad6beb87384fb9ed44089c1584c2b169f3a2300647ecceb594d9c31f67b40095416acd5fd3481b6ebac17d4e869bfe21f8830830e0b3490791363594a4e5d7d19d20a2d262296a4f462fb108eccbeac11ae7440b933b11b2aaa9edb2c7d0ec47c29cab62091a0879c4da54c528dd92dae62b5ff0212abde3790386fca353aeee030e226934a76edbc1f135d992b0056136511b0060000000000000000000000000000000000000000000000000000000000000000a9f84a95ef387f1a519f2ccb6e0c20728b0b2b3df0a67306a9b47121a7a8810e0000000000000000000000000000000000000000000000000000000000000000c97e598f5b581390a7ce97d2b6cf2feab68cc2bc53d348879abd272b181e7be2eb986e24eafc7fc6ca0b4e55fde6f3f533cbca19c3a958bf879e9ddda360f0fd42046a6b9534416a99d081c05d1020f5ebdfa65710cb7077bb3326ca01279ebd010fccb196b3dbfd946bbe6eb607ceb5d0002e01217a138c73a2e6a510c245d3ab000000000000000000000000000000000000000000000000000000000000000004d10e3ed0b0cdfe6a63fa5849822a7ea086d5354ea8ca7246a15db4b041f883559ed806e1380b01e37ab821dd965246aaa216074e6eb0e93cb5be725281c83520b85485126ebcc97b1fe8aec0dd556329430d52f59340e3e6e4d6719ade624b00054499ec93e3f9ca5cd2df4062c81fc4c27e2b4cc7810bba0e73363cb93b53c32cf7bc2bbe77c1539a7bddc0c2c815bbb48b7683a6994dc67c1f9238e0cc0722000000000000000000000000000000000000000000000000000000000000000001c2d9e101d4223bf135616df034d27a3605ffc96db84bb04c58aa32c8b5afb49e000000000000000000000000000000000000000000000000000000000000000006010000000000000000000000000000000000000000000000000000000000000000011c92b4ba45de8b7341cd6e4e772c8990652992b0db8b5d6f0f789a10abe62fb301b4c11951957c6f8f642c4af61cd6b24640fec6dc7fc607ee8206a99e92410d30014ec559669f80a00b9a9a1286a93c7c30abbb50513fcbb17e9e3a8c11fb924a9a000115cf560a6fe957dd9e30afbcd14a65a387caef4b1d3404fb851c450764642db0"
                    }
                },
                {
                    "key": "0x0d000000000000000000000000000000000000000000000000000000000000",