{
    "config": {
        "seed": "42",
        "profile": {
            "empty": null
        },
        "safrole": false,
        "max_work_items": 1,
        "max_service_keys": 10,
        "mutation_ratio": 0.1,
        "max_mutations": 0,
        "max_steps": 10000
    },
    "stats": {
        "steps": 1,
        "imported": 1,
        "import_max_step": 1,
        "import_min": 15.389534999999999,
        "import_max": 15.389534999999999,
        "import_mean": 15.389534999999999,
        "import_p50": 15.389534999999999,
        "import_p75": 0.0,
        "import_p90": 15.389534999999999,
        "import_p99": 0.0,
        "import_std_dev": 0.0
    },
    "target": {
        "info": {
            "fuzz_version": 1,
            "fuzz_features": 0,
            "jam_version": {
                "major": 0,
                "minor": 7,
                "patch": 0
            },
            "app_version": {
                "major": 0,
                "minor": 0,
                "patch": 1
            },
            "app_name": "gossamer-jam"
        },
        "stats": {
            "steps": 1,
            "imported": 1,
            "import_max_step": 1,
            "import_min": 401.173357,
            "import_max": 401.173357,
            "import_mean": 401.173357,
            "import_p50": 401.173357,
            "import_p75": 0.0,
            "import_p90": 401.173357,
            "import_p99": 0.0,
            "import_std_dev": 0.0
        }
    },
    "state_diff": {
        "roots": {
            "exp": "0x483e00438ad0f800a853e81ee537ae1ad22cbd4e994907dc7b5f10c158607086",
            "got": "0x33e01de3e3dbfd57c79fdb4eed88ef95e4b4de308e9fdef1659bb54c076699b5"
        },
        "keyvals": [
            {
                "key": "0x0d000000000000000000000000000000000000000000000000000000000000",
                "diff": {
                    "exp": "0x010000000000000000000000000000000200000007000000000000000000000000000000000000000400000005000000010000000000000000000000000000000400000006000000030000000000000000000000000000000200000006000000010000000000000000000000000000000200000006000000020000000000000003000000e6bb0300040000000600000000000000000000000000000000000000000000000000000000000000000000000000000000000000000000000000000000000000000000000000000000000000000000000000000000000000000000000000000000000000000000000000000000000000000000000000000000000000000000000000000000000000000000000000000000000000000000000000000080ed060000000080ed88da81e8050000000080ed000400000000000000000000000002c099b40000faa6db6b000001000000000001c0a340000024e9488e000000000000000000000100622ae7be00000188da0000000000000000",
                    "got": "0x010000000000000000000000000000000200000007000000000000000000000000000000000000000400000005000000010000000000000000000000000000000400000006000000030000000000000000000000000000000200000006000000010000000000000000000000000000000200000006000000020000000000000003000000e6bb0300040000000600000000000000000000000000000000000000000000000000000000000000000000000000000000000000000000000000000000000000000000000000000000000000000000000000000000000000000000000000000000000000000000000000000000000000000000000000000000000000000000000000000000000000000000000000000000000000000000000000000080ed060000000080ed88da81e8050000000080ed000400000000000000000000000002bc220000faa6db6b000001000000000001c0a340000024e9488e000000000000000000000100622ae7be00000188da0000000000000000"
                }
            },
            {
                "key": "0x246de9b8487f8e4c24b7cc068c0a1f7a5a2f04094df1b6dfd2e4b1ae14cffe",
                "diff": {
                    "exp": "0x00",
                    "got": "0x"
                }
            }
        ]
    },
    "import_diff": null
}
