{
    "config": {
        "seed": "1767889897_6429",
        "max_steps": 1000000,
        "safrole": false,
        "profile": {
            "fuzzy": null
        },
        "fuzzy_profile": {
            "rand": null
        },
        "max_work_items": 5,
        "mutation_ratio": 0.1,
        "max_mutations": 5
    },
    "stats": {
        "steps": 5924,
        "imported": 1919,
        "import_max_step": 416,
        "import_min": 1.2588650000000001,
        "import_max": 2629.054569,
        "import_mean": 10.26965663105785,
        "import_p50": 5.064,
        "import_p75": 7.446,
        "import_p90": 10.228,
        "import_p99": 112.674,
        "import_std_dev": 64.27349732497468
    },
    "target": {
        "info": {
            "fuzz_version": 1,
            "fuzz_features": 2,
            "jam_version": {
                "major": 0,
                "minor": 7,
                "patch": 2
            },
            "app_version": {
                "major": 0,
                "minor": 3,
                "patch": 8
            },
            "app_name": "vinwolf-target"
        },
        "stats": {
            "steps": 5924,
            "imported": 1919,
            "import_max_step": 416,
            "import_min": 2.2505580000000003,
            "import_max": 709.446932,
            "import_mean": 34.739806207920815,
            "import_p50": 23.503,
            "import_p75": 32.922,
            "import_p90": 43.953,
            "import_p99": 470.992,
            "import_std_dev": 68.92863022844773
        }
    },
    "error": {
        "state_diff": {
            "roots": {
                "exp": "0x8e7ff6b01d5cac6bf4692190b81f4c2046f7749767a7bf6e376f17b74274ee96",
                "got": "0x03563cd26002ffa9ab7baf7fb72360cd4a0c954a458152f44c974a2d33aa1102"
            },
            "keyvals": [
                {
                    "key": "0x0e000000000000000000000000000000000000000000000000000000000000",
                    "diff": {
                        "exp": "0x0000000001cb820c29f1dd2b98bdd33503a659a8d7adac858aa32b4e0673715fd31f75e4f7210900004b241258c861aa59c734c9fb8aa5b71238b20ec0e7ec21e155cf30b4214e3a8100000000000000000000000000000000000000000000000000000000000000000000989fb8316db7be1b69ad12b36bf8ef057626762d4860b07badb8247c02c1db8a1508a88dea4d9d02da5da515ed0f2b680fb26c24aabfd379008490f93071dd2f11e91d6a72b703766da750e96b9f1724f626c8b0b231d89e6c99e602ff489a1f989fb8316db7be1b69ad12b36bf8ef057626762d4860b07badb8247c02c1db8aa60600000392e71c0f4cc6b4f3ad2e5225c770edc921740b035f768c0b1a14465f2af22517a051c5e6933391766ed24b2f57ca29d16a01b8604bee60de9728195bece96132b02ee84c47f147843c808167bc84928a08abab20d105ecc6ce43536a92d180d4012357426f2313559a271d6782dc00197b379f79cbe3c6a1e72f61f7b592c509f803000002434ef3c8bb8648e2eb5cab1ebb8129eca29c8af2e5155fe1ac9400ab01852a1e0cc82b1ea8d374272184fb3894e261b89761b4b19233cb3530ee1652ba22b603183ca8f7404b4c000000000000430101100000000023f27f06edc4d90dbb4637245f3fcc538c1c2b7dc4026986e8678b8712688b87434ef3c88ea804c9e1d07bd614dbcdde6b03abe7e97f30e98ea469a38b55000a81d70012688b87bb8648e2eb5cab1ebb8129eca29c8af2e5155fe1ac9400ab01852a1e0cc82b1e89c03b9720bd272b6b0e28631c81b48fe4a0aa7a60a4cec35a9abcd5f9596d05404b4c000000000000430101100000000023f27f06edc4d90dbb4637245f3fcc538c1c2b7dc4026986e8678b8712688b87434ef3c88ea804c9e1d07bd614dbcdde6b03abe7e97f30e928cb508f8b81000a8276000192e71c0f4cc6b4f3ad2e5225c770edc921740b035f768c0b1a14465f2af2251700000000000000",
                        "got": "0x0000000001cb820c29f1dd2b98bdd33503a659a8d7adac858aa32b4e0673715fd31f75e4f7210900004b241258c861aa59c734c9fb8aa5b71238b20ec0e7ec21e155cf30b4214e3a8100000000000000000000000000000000000000000000000000000000000000000000989fb8316db7be1b69ad12b36bf8ef057626762d4860b07badb8247c02c1db8a1508a88dea4d9d02da5da515ed0f2b680fb26c24aabfd379008490f93071dd2f11e91d6a72b703766da750e96b9f1724f626c8b0b231d89e6c99e602ff489a1f989fb8316db7be1b69ad12b36bf8ef057626762d4860b07badb8247c02c1db8aa60600000392e71c0f4cc6b4f3ad2e5225c770edc921740b035f768c0b1a14465f2af22517a051c5e6933391766ed24b2f57ca29d16a01b8604bee60de9728195bece96132b02ee84c47f147843c808167bc84928a08abab20d105ecc6ce43536a92d180d4012357426f2313559a271d6782dc00197b379f79cbe3c6a1e72f61f7b592c509f803000002434ef3c8bb8648e2eb5cab1ebb8129eca29c8af2e5155fe1ac9400ab01852a1e0cc82b1ea8d374272184fb3894e261b89761b4b19233cb3530ee1652ba22b603183ca8f7404b4c000000000000430101100000000023f27f06edc4d90dbb4637245f3fcc538c1c2b7dc4026986e8678b8712688b87434ef3c88ea804c9e1d07bd614dbcdde6b03abe7e97f30e98ea469a38b55000a81d70012688b87bb8648e2eb5cab1ebb8129eca29c8af2e5155fe1ac9400ab01852a1e0cc82b1e89c03b9720bd272b6b0e28631c81b48fe4a0aa7a60a4cec35a9abcd5f9596d05404b4c000000000000430101100000000023f27f06edc4d90dbb4637245f3fcc538c1c2b7dc4026986e8678b8712688b87434ef3c88ea804c9e1d07bd614dbcdde6b03abe7e97f30e928cb508f8b81000a8276000292e71c0f4cc6b4f3ad2e5225c770edc921740b035f768c0b1a14465f2af22517a051c5e6933391766ed24b2f57ca29d16a01b8604bee60de9728195bece9613200000000000000"
                    }
                }
            ]
        }
    }
}