{
    "config": {
        "seed": "42",
        "max_steps": 4294967295,
        "safrole": false,
        "profile": {
            "full": null
        },
        "fuzzy_profile": {
            "full": null
        },
        "max_work_items": 3,
        "max_service_keys": 10,
        "mutation_ratio": 0.0,
        "max_mutations": 0
    },
    "stats": {
        "steps": 1,
        "imported": 1,
        "import_max_step": 1,
        "import_min": 8.92801,
        "import_max": 8.92801,
        "import_mean": 8.92801,
        "import_p50": 8.92801,
        "import_p75": 0.0,
        "import_p90": 8.92801,
        "import_p99": 0.0,
        "import_std_dev": 0.0
    },
    "target": {
        "info": {
            "fuzz_version": 1,
            "fuzz_features": 2,
            "jam_version": {
                "major": 0,
                "minor": 7,
                "patch": 1
            },
            "app_version": {
                "major": 0,
                "minor": 2,
                "patch": 0
            },
            "app_name": "@typeberry/jam"
        },
        "stats": {
            "steps": 1,
            "imported": 1,
            "import_max_step": 1,
            "import_min": 161.7968,
            "import_max": 161.7968,
            "import_mean": 161.7968,
            "import_p50": 161.7968,
            "import_p75": 0.0,
            "import_p90": 161.7968,
            "import_p99": 0.0,
            "import_std_dev": 0.0
        }
    },
    "diff": {
        "state": {
            "roots": {
                "exp": "0x72f702e54197780f31383a7240f8605b433c76339795983d5e0b924f5373e7f9",
                "got": "0x00cabdc83fe7605c07a8e475d0dd6c26138858f1fc645787d6781d319283a2b1"
            },
            "keyvals": [
                {
                    "key": "0x00450019006a0051135ef0225518c5ddc999419ffbf52cf2d4213d55af782e",
                    "diff": {
                        "exp": "0x01000000",
                        "got": "0x"
                    }
                },
                {
                    "key": "0x00f00078008e0099cd2569e9ccf2045b86062b3e1b16723b5cd83807dab284",
                    "diff": {
                        "exp": "0x000000005d7b000000000000726566696c6c0000000000000000000000000000000000000000000000000000000000000000000000000000000000000000000000000000000000000000000000000000000000000000000000000000000000000000000000000000000000000000000000000000000000000000000000000000000000000000000000000000",
                        "got": "0x"
                    }
                },
                {
                    "key": "0x0d000000000000000000000000000000000000000000000000000000000000",
                    "diff": {
                        "exp": "0x010000000000000000000000000000000100000003000000000000000000000000000000000000000200000002000000000000000000000000000000000000000200000003000000020000000000000000000000000000000100000002000000000000000000000000000000000000000100000002000000010000000000000000000000000000000200000002000000000000000000000000000000000000000000000000000000000000000000000000000000000000000000000000000000000000000000000000000000000000000000000000000000000000000000000000000000000000000000000000000000000000000000000000000000000000000000000000000000000000000000000000000000000000000000000000000000827705000000000000833a060000000080f79b5d01000000000000019b5d0000000006c28056",
                        "got": "0x010000000000000000000000000000000100000003000000000000000000000000000000000000000200000002000000000000000000000000000000000000000200000003000000020000000000000000000000000000000100000002000000000000000000000000000000000000000100000002000000010000000000000000000000000000000200000002000000000000000000000000000000000000000000000000000000000000000000000000000000000000000000000000000000000000000000000000000000000000000000000000000000000000000000000000000000000000000000000000000000000000000000000000000000000000000000000000000000000000000000000000000000000000000000000000000000827705000000000000833a060000000080f79b5d01000000000000019b5d0000000006c24530"
                    }
                },
                {
                    "key": "0xff000000000000000000000000000000000000000000000000000000000000",
                    "diff": {
                        "exp": "0x00f45d36b7af68cdd48be8b7793cff734678e8fcad41902f07fbb4383707775687870af1ffffffffff0a000000000000000a000000000000001d1a020000000000ffffffffffffffff08000000000000000400000000000000",
                        "got": "0x00f45d36b7af68cdd48be8b7793cff734678e8fcad41902f07fbb43837077756872a8ff0ffffffffff0a000000000000000a000000000000003219020000000000ffffffffffffffff06000000000000000400000000000000"
                    }
                }
            ]
        }
    }
}