{
  "info": {
    "fuzz_version": 1,
    "fuzz_features": 2,
    "jam_version": {
      "major": 0,
      "minor": 7,
      "patch": 2
    },
    "app_version": {
      "major": 0,
      "minor": 1,
      "patch": 0
    },
    "app_name": "jamzilla"
  },
  "stats": {
    "steps": 100,
    "imported": 100,
    "import_max_step": 50,
    "import_min": 0.6915520000000001,
    "import_max": 27.121543000000003,
    "import_mean": 9.349280130000002,
    "import_p50": 10.225,
    "import_p75": 14.902,
    "import_p90": 18.007,
    "import_p99": 26.714,
    "import_std_dev": 7.165974669610336
  }
}
