{
    "config": {
        "seed": "42",
        "profile": {
            "empty": null
        },
        "safrole": false,
        "max_work_items": 1,
        "max_service_keys": 10,
        "mutation_ratio": 0.1,
        "max_mutations": 0,
        "max_steps": 10000
    },
    "stats": {
        "steps": 1,
        "imported": 1,
        "import_max_step": 1,
        "import_min": 11.153449,
        "import_max": 11.153449,
        "import_mean": 11.153449,
        "import_p50": 11.153449,
        "import_p75": 0.0,
        "import_p90": 11.153449,
        "import_p99": 0.0,
        "import_std_dev": 0.0
    },
    "target": {
        "info": {
            "fuzz_version": 1,
            "fuzz_features": 2,
            "jam_version": {
                "major": 0,
                "minor": 7,
                "patch": 0
            },
            "app_version": {
                "major": 0,
                "minor": 1,
                "patch": 0
            },
            "app_name": "jamzilla"
        },
        "stats": {
            "steps": 1,
            "imported": 1,
            "import_max_step": 1,
            "import_min": 10.681403000000001,
            "import_max": 10.681403000000001,
            "import_mean": 10.681403000000001,
            "import_p50": 10.681403000000001,
            "import_p75": 0.0,
            "import_p90": 10.681403000000001,
            "import_p99": 0.0,
            "import_std_dev": 0.0
        }
    },
    "state_diff": {
        "roots": {
            "exp": "0x1bc93b1c6f4d2271d6f243c4e2817581337141692868f362b642338b9bdce3ab",
            "got": "0x06c7a4a901fee00a797969351c07bc281794a46ff883755f169f2ecbcdba8d4a"
        },
        "keyvals": [
            {
                "key": "0xff92005b00ae00940000000000000000000000000000000000000000000000",
                "diff": {
                    "exp": "0x5e619be5ca9078d2718bf57c7c4d8f8297eb897592390a4922b342e77707b0f91d1f020000000000102700000000000010270000000000001867010000000000000000000000000004000000060000001600000000000000",
                    "got": "0x5e619be5ca9078d2718bf57c7c4d8f8297eb897592390a4922b342e77707b0f91d1f020000000000102700000000000010270000000000006866010000000000000000000000000003000000060000001600000000000000"
                }
            }
        ]
    },
    "import_diff": null
}
