{
    "config": {
        "seed": "42",
        "profile": {
            "empty": null
        },
        "safrole": false,
        "max_work_items": 1,
        "max_service_keys": 10,
        "mutation_ratio": 0.1,
        "max_mutations": 0,
        "max_steps": 10000
    },
    "stats": {
        "steps": 1,
        "imported": 1,
        "import_max_step": 1,
        "import_min": 8.96372,
        "import_max": 8.96372,
        "import_mean": 8.96372,
        "import_p50": 8.96372,
        "import_p75": 0.0,
        "import_p90": 8.96372,
        "import_p99": 0.0,
        "import_std_dev": 0.0
    },
    "target": {
        "info": {
            "fuzz_version": 1,
            "fuzz_features": 2,
            "jam_version": {
                "major": 0,
                "minor": 7,
                "patch": 0
            },
            "app_version": {
                "major": 1,
                "minor": 0,
                "patch": 0
            },
            "app_name": "tessera-target"
        },
        "stats": {
            "steps": 1,
            "imported": 1,
            "import_max_step": 1,
            "import_min": 72.381523,
            "import_max": 72.381523,
            "import_mean": 72.381523,
            "import_p50": 72.381523,
            "import_p75": 0.0,
            "import_p90": 72.381523,
            "import_p99": 0.0,
            "import_std_dev": 0.0
        }
    },
    "state_diff": {
        "roots": {
            "exp": "0x1bc93b1c6f4d2271d6f243c4e2817581337141692868f362b642338b9bdce3ab",
            "got": "0x11e34451ccd51ec12d483ca717ca2b43a3db8c851b49de711dd5c94e085b75ad"
        },
        "keyvals": [
            {
                "key": "0x0d000000000000000000000000000000000000000000000000000000000000",
                "diff": {
                    "exp": "0x00000000000000000000000000000000000000000200000000000000000000000000000000000000000000000200000000000000000000000000000000000000000000000200000002000000000000000000000000000000010000000200000000000000000000000000000000000000010000000200000000000000000000000000000000000000010000000200000002000000000000000000000000000000060000000a00000001000000000000000000000000000000060000000c000000020000000000000003000000cd310400060000000b00000003000000000000000000000000000000040000000c00000003000000000000000000000000000000040000000b000000010000000000000002000000decb0200040000000b0000000003000000000000810f06000000000000024ee9488e000000000000000001c06e640000925bae9400000000000000000000019da6",
                    "got": "0x00000000000000000000000000000000000000000200000000000000000000000000000000000000000000000200000000000000000000000000000000000000000000000200000002000000000000000000000000000000010000000200000000000000000000000000000000000000010000000200000000000000000000000000000000000000010000000200000002000000000000000000000000000000060000000a00000001000000000000000000000000000000060000000c000000020000000000000003000000cd310400060000000b00000003000000000000000000000000000000040000000c00000003000000000000000000000000000000040000000b000000010000000000000002000000decb0200040000000b0000000003000000000000810f06000000000000014ee9488e000000000000000001c06e640000"
                }
            },
            {
                "key": "0x92665be3ae4c942422b3b7984e6961c6789c2c7242d8374714705c9161d2a7",
                "diff": {
                    "exp": "0x4ee9488ed68b000000000000676966742c20613d2c20623d72656164206f6620203c3d207065656b706f6b65646174612028307802000000000000000000000000000000020000000000000000000000000000000000000000000000200000e00000000002000000000000000000000000000000000008000000000000000000000000000100000000000000",
                    "got": "0x"
                }
            },
            {
                "key": "0xff92005b00ae00940000000000000000000000000000000000000000000000",
                "diff": {
                    "exp": "0x5e619be5ca9078d2718bf57c7c4d8f8297eb897592390a4922b342e77707b0f91d1f020000000000102700000000000010270000000000001867010000000000000000000000000004000000060000001600000000000000",
                    "got": "0x5e619be5ca9078d2718bf57c7c4d8f8297eb897592390a4922b342e77707b0f94793010000000000102700000000000010270000000000006866010000000000000000000000000003000000060000001600000000000000"
                }
            }
        ]
    },
    "import_diff": null
}
