{
    "config": {
        "seed": "42",
        "max_steps": 4294967295,
        "safrole": false,
        "profile": {
            "full": null
        },
        "fuzzy_profile": {
            "full": null
        },
        "max_work_items": 3,
        "mutation_ratio": 0.0,
        "max_mutations": 0
    },
    "stats": {
        "steps": 1,
        "imported": 1,
        "import_max_step": 1,
        "import_min": 7.4634089999999995,
        "import_max": 7.4634089999999995,
        "import_mean": 7.4634089999999995,
        "import_p50": 7.4634089999999995,
        "import_p75": 0.0,
        "import_p90": 7.4634089999999995,
        "import_p99": 0.0,
        "import_std_dev": 0.0
    },
    "target": {
        "info": {
            "fuzz_version": 1,
            "fuzz_features": 2,
            "jam_version": {
                "major": 0,
                "minor": 7,
                "patch": 2
            },
            "app_version": {
                "major": 0,
                "minor": 1,
                "patch": 0
            },
            "app_name": "jamzig-target"
        },
        "stats": {
            "steps": 1,
            "imported": 1,
            "import_max_step": 1,
            "import_min": 14.72003,
            "import_max": 14.72003,
            "import_mean": 14.72003,
            "import_p50": 14.72003,
            "import_p75": 0.0,
            "import_p90": 14.72003,
            "import_p99": 0.0,
            "import_std_dev": 0.0
        }
    },
    "error": {
        "state_diff": {
            "roots": {
                "exp": "0x1227f691fdcac82de6b3546a160da49318d1f28bfc31fe47cc455f65b284ce80",
                "got": "0x5f4ba8223e113354c05b9676b0d26fb02a5a9bf307fdaaa7c969c35ca8e04c08"
            },
            "keyvals": [
                {
                    "key": "0xff24005700d900810000000000000000000000000000000000000000000000",
                    "diff": {
                        "exp": "0x0000000000000000000000000000000000000000000000000000000000000000000d0d040000000000000000000000000000000000000000008e390200000000000000000000000000020000000a000000ad0000001af1420e",
                        "got": "0x000000000000000000000000000000000000000000000000000000000000000000a83d030000000000000000000000000000000000000000008e390200000000000000000000000000020000000a000000ad0000001af1420e"
                    }
                }
            ]
        }
    }
}