{
    "config": {
        "seed": "42",
        "profile": {
            "empty": null
        },
        "safrole": false,
        "max_work_items": 1,
        "max_service_keys": 10,
        "mutation_ratio": 0.1,
        "max_mutations": 0,
        "max_steps": 10000
    },
    "stats": {
        "steps": 1,
        "imported": 1,
        "import_max_step": 1,
        "import_min": 18.482912,
        "import_max": 18.482912,
        "import_mean": 18.482912,
        "import_p50": 18.482912,
        "import_p75": 0.0,
        "import_p90": 18.482912,
        "import_p99": 0.0,
        "import_std_dev": 0.0
    },
    "target": {
        "info": {
            "fuzz_version": 1,
            "fuzz_features": 2,
            "jam_version": {
                "major": 0,
                "minor": 7,
                "patch": 0
            },
            "app_version": {
                "major": 0,
                "minor": 1,
                "patch": 0
            },
            "app_name": "boka-fuzzing-target"
        },
        "stats": {
            "steps": 1,
            "imported": 1,
            "import_max_step": 1,
            "import_min": 38.889999,
            "import_max": 38.889999,
            "import_mean": 38.889999,
            "import_p50": 38.889999,
            "import_p75": 0.0,
            "import_p90": 38.889999,
            "import_p99": 0.0,
            "import_std_dev": 0.0
        }
    },
    "state_diff": {
        "roots": {
            "exp": "0xc97ca1e37a86315a5d72aad2ca17a2c896dee59441dfdc643eda90f00dfcc5e6",
            "got": "0x9a0cf9c0a853567ddfa47d0d32892f2fc889bf7fab7f71ab59c6fe49b3e8ce9a"
        },
        "keyvals": [
            {
                "key": "0x06bf8d800ec4d515a6de0d53b81f75fb91e9487af71c623599e8ecb38e7204",
                "diff": {
                    "exp": "0x01000000",
                    "got": "0x00000000"
                }
            },
            {
                "key": "0x0d000000000000000000000000000000000000000000000000000000000000",
                "diff": {
                    "exp": "0x03000000000000000000000000000000040000000700000002000000000000000000000000000000040000000400000001000000000000000100000034660100040000000700000000000000000000000000000000000000000000000800000001000000000000000000000000000000000000000600000001000000000000000000000000000000000000000600000002000000000000000100000034660100060000000900000000000000000000000000000000000000060000000900000001000000000000000000000000000000060000000700000004000000000000000500000004ff0600040000000700000002000000000000000000000000000000040000000800000002000000000000000500000004ff060004000000090000000003000000000000820506000000008192925006dbdd0e140000000000000000000002b3a50a48ced3000001891200000000000000003448ced3000000000000000001c09767019da6068d0ed5000000000000000001c0cc640000308d0ed5000000000000000001c064630000848d0ed5000001893e0000000000000000",
                    "got": "0x03000000000000000000000000000000040000000700000002000000000000000000000000000000040000000400000001000000000000000100000034660100040000000700000000000000000000000000000000000000000000000800000001000000000000000000000000000000000000000600000001000000000000000000000000000000000000000600000002000000000000000100000034660100060000000900000000000000000000000000000000000000060000000900000001000000000000000000000000000000060000000700000004000000000000000500000004ff0600040000000700000002000000000000000000000000000000040000000800000002000000000000000500000004ff060004000000090000000003000000000000820506000000008192925006dbdd0e140000000000000000000002b4040a48ced3000001891200000000000000003448ced3000000000000000001c00969019dd0068d0ed5000000000000000001c03e660000308d0ed5000000000000000001c0d6640000848d0ed5000001893e0000000000000000"
                }
            },
            {
                "key": "0x30bf8d800ec4d515a6de0d53b81f75fb91e9487af71c623599e8ecb38e7204",
                "diff": {
                    "exp": "0x01000000",
                    "got": "0x00000000"
                }
            },
            {
                "key": "0x34bf4880cec4d315a6de0d53b81f75fb91e9487af71c623599e8ecb38e7204",
                "diff": {
                    "exp": "0x02000000",
                    "got": "0x00000000"
                }
            },
            {
                "key": "0xdb66dde30e4c142422b3b7984e6961c6789c2c7242d8374714705c9161d2a7",
                "diff": {
                    "exp": "0x308d0ed5e606000000000000676966742c20613d2c20623d72656164206f6620203c3d207065656b706f6b65646174612028307802000000000000000000000000000000020000000000000000000000000000000000000000000000200000e00000000002000000000000000000000000000000000008000000000000000000000000000100000000000000",
                    "got": "0x068d0ed57a3f000000000000676966742c20613d2c20623d72656164206f6620203c3d207065656b706f6b65646174612028307802000000000000000000000000000000020000000000000000000000000000000000000000000000200000e00000000002000000000000000000000000000000000008000000000000000000000000000100000000000000"
                }
            }
        ]
    },
    "import_diff": null
}
