{
    "config": {
        "seed": "42",
        "profile": {
            "empty": null
        },
        "safrole": false,
        "max_work_items": 1,
        "max_service_keys": 10,
        "mutation_ratio": 0.1,
        "max_mutations": 0,
        "max_steps": 10000
    },
    "stats": {
        "steps": 1,
        "imported": 1,
        "import_max_step": 1,
        "import_min": 12.223467,
        "import_max": 12.223467,
        "import_mean": 12.223467,
        "import_p50": 12.223467,
        "import_p75": 0.0,
        "import_p90": 12.223467,
        "import_p99": 0.0,
        "import_std_dev": 0.0
    },
    "target": {
        "info": {
            "fuzz_version": 1,
            "fuzz_features": 2,
            "jam_version": {
                "major": 0,
                "minor": 7,
                "patch": 0
            },
            "app_version": {
                "major": 0,
                "minor": 1,
                "patch": 3
            },
            "app_name": "@typeberry/jam"
        },
        "stats": {
            "steps": 1,
            "imported": 1,
            "import_max_step": 1,
            "import_min": 88.17712,
            "import_max": 88.17712,
            "import_mean": 88.17712,
            "import_p50": 88.17712,
            "import_p75": 0.0,
            "import_p90": 88.17712,
            "import_p99": 0.0,
            "import_std_dev": 0.0
        }
    },
    "state_diff": {
        "roots": {
            "exp": "0xea4c3c24a3eefa2c582e031d1e76e613d9efeba214d34988dedaf03da950ca1c",
            "got": "0x6d239f1423e682ba813fe98f6e15d821d273903628f51bac1718c0a2c703fa5d"
        },
        "keyvals": [
            {
                "key": "0x0d000000000000000000000000000000000000000000000000000000000000",
                "diff": {
                    "exp": "0x0200000000000000010000004b660100050000000a00000001000000000000000000000000000000060000000a00000002000000000000000000000000000000060000000a00000002000000000000000000000000000000050000000a00000003000000000000000000000000000000050000000b00000001000000000000000000000000000000050000000900000003000000000000000000000000000000050000000a00000001000000000000000000000000000000050000000b00000001000000000000000000000000000000050000000a00000003000000000000000000000000000000050000000a00000003000000000000000000000000000000050000000900000001000000000000000000000000000000050000000a000000817a060000000081d8b2ba810a0600000000817a923a0600000000000001a0540000000001bcba0000cea2bf2b000000000000000001c0fc480000f8a2bf2b00000189070000000001c098630000681b7c63000001893300000000000000008da397bb00000189330000000000000000a62e11d100000189330000000000000000",
                    "got": "0x0200000000000000010000004b660100050000000a00000001000000000000000000000000000000060000000a00000002000000000000000000000000000000060000000a00000002000000000000000000000000000000050000000a00000003000000000000000000000000000000050000000b00000001000000000000000000000000000000050000000900000003000000000000000000000000000000050000000a00000001000000000000000000000000000000050000000b00000001000000000000000000000000000000050000000a00000003000000000000000000000000000000050000000a00000003000000000000000000000000000000050000000900000001000000000000000000000000000000050000000a000000817a060000000081d8b2ba810a0600000000817a923a0700000000000001a0540000000001bcba0000cea2bf2b000000000000000001c0fc480000f8a2bf2b00000189070000000001c098630000681b7c63000001893300000000000000008da397bb00000189330000000000000000a62e11d10000018933000000000000000040e7b7e3000000000000000000000100"
                }
            }
        ]
    },
    "import_diff": null
}
