{
    "config": {
        "seed": "42",
        "profile": {
            "empty": null
        },
        "safrole": false,
        "max_work_items": 1,
        "max_service_keys": 10,
        "mutation_ratio": 0.1,
        "max_mutations": 0,
        "max_steps": 10000
    },
    "stats": {
        "steps": 1,
        "imported": 1,
        "import_max_step": 1,
        "import_min": 9.519199,
        "import_max": 9.519199,
        "import_mean": 9.519199,
        "import_p50": 9.519199,
        "import_p75": 0.0,
        "import_p90": 9.519199,
        "import_p99": 0.0,
        "import_std_dev": 0.0
    },
    "target": {
        "info": {
            "fuzz_version": 1,
            "fuzz_features": 0,
            "jam_version": {
                "major": 0,
                "minor": 7,
                "patch": 0
            },
            "app_version": {
                "major": 0,
                "minor": 1,
                "patch": 11
            },
            "app_name": "FastRoll"
        },
        "stats": {
            "steps": 1,
            "imported": 1,
            "import_max_step": 1,
            "import_min": 17.145974000000002,
            "import_max": 17.145974000000002,
            "import_mean": 17.145974000000002,
            "import_p50": 17.145974000000002,
            "import_p75": 0.0,
            "import_p90": 17.145974000000002,
            "import_p99": 0.0,
            "import_std_dev": 0.0
        }
    },
    "state_diff": {
        "roots": {
            "exp": "0xcf4c7334700220ef584c16f5679670f143923233578fcee42046ed4e7242dac8",
            "got": "0x187656c6b753320ec2f48812ac893b291cc988ab077f3ed72b246984c9aa2432"
        },
        "keyvals": [
            {
                "key": "0x0d000000000000000000000000000000000000000000000000000000000000",
                "diff": {
                    "exp": "0x020000000000000002000000447d0200040000000b00000003000000000000000000000000000000060000000b00000001000000000000000000000000000000030000000b00000001000000000000000000000000000000030000000800000003000000000000000000000000000000060000000a000000010000000000000000000000000000000600000009000000020000000000000000000000000000000400000008000000000000000000000000000000000000000400000009000000010000000000000000000000000000000200000009000000040000000000000002000000447d0200020000000800000002000000000000000000000000000000020000000900000002000000000000000000000000000000040000000900000000000000000080ed88da80ed050000000080ed88da032edc4a12000000000000000001c0599d00006683f61f00000188da00000000000000006aad07cb00000188da0000000000000000",
                    "got": "0x020000000000000002000000447d0200040000000b00000003000000000000000000000000000000060000000b00000001000000000000000000000000000000030000000b00000001000000000000000000000000000000030000000800000003000000000000000000000000000000060000000a000000010000000000000000000000000000000600000009000000020000000000000000000000000000000400000008000000000000000000000000000000000000000400000009000000010000000000000000000000000000000200000009000000040000000000000002000000447d0200020000000800000002000000000000000000000000000000020000000900000002000000000000000000000000000000040000000900000000000000000080ed88da80ed050000000080ed88da032edc4a12000000000000000001c0589d00006683f61f00000188da00000000000000006aad07cb00000188da0000000000000000"
                }
            }
        ]
    },
    "import_diff": null
}
