{
    "config": {
        "seed": "42",
        "profile": {
            "empty": null
        },
        "safrole": false,
        "max_work_items": 1,
        "max_service_keys": 10,
        "mutation_ratio": 0.1,
        "max_mutations": 0,
        "max_steps": 10000
    },
    "stats": {
        "steps": 1,
        "imported": 1,
        "import_max_step": 1,
        "import_min": 14.153932,
        "import_max": 14.153932,
        "import_mean": 14.153932,
        "import_p50": 14.153932,
        "import_p75": 0.0,
        "import_p90": 14.153932,
        "import_p99": 0.0,
        "import_std_dev": 0.0
    },
    "target": {
        "info": {
            "fuzz_version": 1,
            "fuzz_features": 2,
            "jam_version": {
                "major": 0,
                "minor": 2,
                "patch": 11
            },
            "app_version": {
                "major": 0,
                "minor": 7,
                "patch": 0
            },
            "app_name": "jam-duna-target"
        },
        "stats": {
            "steps": 1,
            "imported": 1,
            "import_max_step": 1,
            "import_min": 54.445262,
            "import_max": 54.445262,
            "import_mean": 54.445262,
            "import_p50": 54.445262,
            "import_p75": 0.0,
            "import_p90": 54.445262,
            "import_p99": 0.0,
            "import_std_dev": 0.0
        }
    },
    "state_diff": {
        "roots": {
            "exp": "0x965eceea961554d1808e012ef51ad2fb11828dd67bb2b5c47dd501b864ce8200",
            "got": "0xcebe6a5bc932bd92236cbafee4c47cb09e8c07b23e967dcd49b794e7a2ee737f"
        },
        "keyvals": [
            {
                "key": "0x03fb76e0eb5b8e2ca8ef0817d0017dd82acddc1feb98d9ba4ba30fe3972cf1",
                "diff": {
                    "exp": "0xffffffffffffffffffffffffffffffff",
                    "got": "0xffffffffffffffff0000000000000000"
                }
            },
            {
                "key": "0x0d000000000000000000000000000000000000000000000000000000000000",
                "diff": {
                    "exp": "0x0100000000000000000000000000000002000000020000000000000000000000000000000000000002000000020000000000000000000000000000000000000000000000010000000000000000000000000000000000000000000000020000000100000000000000060000006d910200000000000200000000000000000000000000000000000000020000000200000002000000000000000100000041000000050000000a00000000000000000000000000000000000000070000000800000001000000000000000000000000000000050000000a00000004000000000000000100000006000000070000000900000002000000000000000000000000000000070000000a0000000200000000000000000000000000000005000000090000000000000000000000824c060000000081a8c0ca5e0400000000000002c0ca5e0000000001c0c3d800000376eb8e000000000000000001c0335b00002d76eb8e000000000000000002c0e0860000513cb6ea000001000000000000000000",
                    "got": "0x0100000000000000000000000000000002000000020000000000000000000000000000000000000002000000020000000000000000000000000000000000000000000000010000000000000000000000000000000000000000000000020000000100000000000000060000006d910200000000000200000000000000000000000000000000000000020000000200000002000000000000000100000041000000050000000a00000000000000000000000000000000000000070000000800000001000000000000000000000000000000050000000a00000004000000000000000100000006000000070000000900000002000000000000000000000000000000070000000a0000000200000000000000000000000000000005000000090000000000000000000000824c060000000081a8c0ca5e0400000000000002c0ca5e0000000001c0c3d800000376eb8e000000000000000001c0655800002d76eb8e000000000000000002c044810000513cb6ea000001000000000000000000"
                }
            },
            {
                "key": "0x2dfb76e0eb5b8e2ca8ef0817d0017dd82acddc1feb98d9ba4ba30fe3972cf1",
                "diff": {
                    "exp": "0xffffffffffffffffffffffffffffffff",
                    "got": "0xffffffffffffffff0000000000000000"
                }
            }
        ]
    },
    "import_diff": null
}
