{
    "config": {
        "seed": "42",
        "profile": {
            "empty": null
        },
        "safrole": false,
        "max_work_items": 1,
        "max_service_keys": 10,
        "mutation_ratio": 0.1,
        "max_mutations": 0,
        "max_steps": 10000
    },
    "stats": {
        "steps": 2,
        "imported": 2,
        "import_max_step": 2,
        "import_min": 1.732545,
        "import_max": 8.641054,
        "import_mean": 5.1867995,
        "import_p50": 1.732,
        "import_p75": 1.732,
        "import_p90": 1.732,
        "import_p99": 1.732,
        "import_std_dev": 4.885053561788295
    },
    "target": {
        "info": {
            "fuzz_version": 1,
            "fuzz_features": 0,
            "jam_version": {
                "major": 0,
                "minor": 7,
                "patch": 0
            },
            "app_version": {
                "major": 0,
                "minor": 0,
                "patch": 1
            },
            "app_name": "gossamer-jam"
        },
        "stats": {
            "steps": 2,
            "imported": 2,
            "import_max_step": 2,
            "import_min": 1.055073,
            "import_max": 293.96416800000003,
            "import_mean": 147.5096205,
            "import_p50": 1.055,
            "import_p75": 1.055,
            "import_p90": 1.055,
            "import_p99": 1.055,
            "import_std_dev": 207.1180073457147
        }
    },
    "state_diff": {
        "roots": {
            "exp": "0x9a90dbbe4fe7c10cc1049ceaeedf3a3770957c0fc787d837953877682ae112a8",
            "got": "0x28719c66084360a054b6dc0614f94bfdea1cf26eb2a75695a3d5300805cee6c0"
        },
        "keyvals": [
            {
                "key": "0x0d000000000000000000000000000000000000000000000000000000000000",
                "diff": {
                    "exp": "0x01000000000000000000000000000000010000000100000000000000000000000000000000000000010000000100000000000000000000000000000000000000010000000000000001000000000000000000000000000000010000000100000000000000000000000000000000000000010000000100000000000000000000000000000000000000010000000100000000000000000000000000000000000000000000000000000000000000000000000000000000000000000000000000000000000000000000000000000000000000000000000000000000000000000000000000000000000000000000000000000000000000000000000000000000000000000000000000000000000000000000000000000000000000000000000000000083a00500000000000000000000000083c0c01aa50400000000000003c01aa50000000003c1ee4b00006af3911b00000000000000000000010094f3911b000000000000000000000100bef3911b000000000000000000000100",
                    "got": "0x01000000000000000000000000000000010000000100000000000000000000000000000000000000010000000100000000000000000000000000000000000000010000000000000001000000000000000000000000000000010000000100000000000000000000000000000000000000010000000100000000000000000000000000000000000000010000000100000000000000000000000000000000000000000000000000000000000000000000000000000000000000000000000000000000000000000000000000000000000000000000000000000000000000000000000000000000000000000000000000000000000000000000000000000000000000000000000000000000000000000000000000000000000000000000000000000083a00500000000000000000000000083c0c01aa50200000000000003c01aa50000000003c1ee4b0000bef3911b000000000000000000000100"
                }
            },
            {
                "key": "0x6a5df3d3919e1b3d45f5d62d899805ea5d2a9b895833a931aedabecdcb98fe",
                "diff": {
                    "exp": "0x00",
                    "got": "0x"
                }
            },
            {
                "key": "0x945df3d3919e1b3d45f5d62d899805ea5d2a9b895833a931aedabecdcb98fe",
                "diff": {
                    "exp": "0x00",
                    "got": "0x"
                }
            },
            {
                "key": "0xbe5df3d3919e1b3d45f5d62d899805ea5d2a9b895833a931aedabecdcb98fe",
                "diff": {
                    "exp": "0x00",
                    "got": "0x"
                }
            },
            {
                "key": "0xff6a00f30091001b0000000000000000000000000000000000000000000000",
                "diff": {
                    "exp": "0x0ad740c81ac0abe96fa83b25d59d259ed61db8c2d7c0d2942c227b5ae4b97ced8498010000000000102700000000000010270000000000001e40010000000000000000000000000002000000020000000000000000000000",
                    "got": "0x0ad740c81ac0abe96fa83b25d59d259ed61db8c2d7c0d2942c227b5ae4b97ced9640010000000000102700000000000010270000000000001e40010000000000000000000000000002000000020000000000000000000000"
                }
            },
            {
                "key": "0xff9400f30091001b0000000000000000000000000000000000000000000000",
                "diff": {
                    "exp": "0x0ad740c81ac0abe96fa83b25d59d259ed61db8c2d7c0d2942c227b5ae4b97cedcfe6010000000000102700000000000010270000000000001e40010000000000000000000000000002000000020000000000000000000000",
                    "got": "0x0ad740c81ac0abe96fa83b25d59d259ed61db8c2d7c0d2942c227b5ae4b97ced9640010000000000102700000000000010270000000000001e40010000000000000000000000000002000000020000000000000000000000"
                }
            }
        ]
    },
    "import_diff": null
}
