{
    "config": {
        "seed": "42",
        "profile": {
            "empty": null
        },
        "safrole": false,
        "max_work_items": 1,
        "max_service_keys": 10,
        "mutation_ratio": 0.1,
        "max_mutations": 0,
        "max_steps": 10000
    },
    "stats": {
        "steps": 1,
        "imported": 1,
        "import_max_step": 1,
        "import_min": 8.087567,
        "import_max": 8.087567,
        "import_mean": 8.087567,
        "import_p50": 8.087567,
        "import_p75": 0.0,
        "import_p90": 8.087567,
        "import_p99": 0.0,
        "import_std_dev": 0.0
    },
    "target": {
        "info": {
            "fuzz_version": 1,
            "fuzz_features": 0,
            "jam_version": {
                "major": 0,
                "minor": 7,
                "patch": 0
            },
            "app_version": {
                "major": 0,
                "minor": 1,
                "patch": 4
            },
            "app_name": "turbojam"
        },
        "stats": {
            "steps": 1,
            "imported": 1,
            "import_max_step": 1,
            "import_min": 3.214661,
            "import_max": 3.214661,
            "import_mean": 3.214661,
            "import_p50": 3.214661,
            "import_p75": 0.0,
            "import_p90": 3.214661,
            "import_p99": 0.0,
            "import_std_dev": 0.0
        }
    },
    "state_diff": {
        "roots": {
            "exp": "0xd47bfae5854b14290c081ed473456dc0fadf04bdbe8c23fc9adaa6e6fe390f43",
            "got": "0x9c702af5594aba392066e3b68bb30974cbd11fc081d8e01ae6db92702e661854"
        },
        "keyvals": [
            {
                "key": "0x0d000000000000000000000000000000000000000000000000000000000000",
                "diff": {
                    "exp": "0x010000000000000000000000000000000300000008000000000000000000000000000000000000000400000006000000010000000000000000000000000000000400000007000000030000000000000000000000000000000300000007000000020000000000000000000000000000000300000007000000020000000000000003000000269103000400000006000000000000000000000000000000000000000000000000000000000000000000000000000000000000000000000000000000000000000000000000000000000000000000000000000000000000000000000000000000000000000000000000000000000000000000000000000000000000000000000000000000000000000000000000000000000000000000000000000000000300000000000080ed050000000080ed88e901faa6db6b00000188e90000000001c0c2590000",
                    "got": "0x010000000000000000000000000000000300000008000000000000000000000000000000000000000400000006000000010000000000000000000000000000000400000007000000030000000000000000000000000000000300000007000000020000000000000000000000000000000300000007000000020000000000000003000000269103000400000006000000000000000000000000000000000000000000000000000000000000000000000000000000000000000000000000000000000000000000000000000000000000000000000000000000000000000000000000000000000000000000000000000000000000000000000000000000000000000000000000000000000000000000000000000000000000000000000000000000000300000000000080ed050000000080ed88e901faa6db6b00000188e90000000001c0b8590000"
                }
            }
        ]
    },
    "import_diff": null
}
