{
    "config": {
        "seed": "42",
        "max_steps": 4294967295,
        "safrole": false,
        "profile": {
            "full": null
        },
        "fuzzy_profile": {
            "full": null
        },
        "max_work_items": 3,
        "mutation_ratio": 0.0,
        "max_mutations": 0
    },
    "stats": {
        "steps": 5,
        "imported": 1,
        "import_max_step": 5,
        "import_min": 10.511139,
        "import_max": 10.511139,
        "import_mean": 10.511139,
        "import_p50": 10.511139,
        "import_p75": 0.0,
        "import_p90": 10.511139,
        "import_p99": 0.0,
        "import_std_dev": 0.0
    },
    "target": {
        "info": {
            "fuzz_version": 1,
            "fuzz_features": 2,
            "jam_version": {
                "major": 0,
                "minor": 7,
                "patch": 2
            },
            "app_version": {
                "major": 0,
                "minor": 3,
                "patch": 22
            },
            "app_name": "JavaJAM"
        },
        "stats": {
            "steps": 5,
            "imported": 1,
            "import_max_step": 5,
            "import_min": 194.352511,
            "import_max": 194.352511,
            "import_mean": 194.352511,
            "import_p50": 194.352511,
            "import_p75": 0.0,
            "import_p90": 194.352511,
            "import_p99": 0.0,
            "import_std_dev": 0.0
        }
    },
    "error": {
        "state_diff": {
            "roots": {
                "exp": "0x8791da1f144c27b53f550b9e413d90fe94effcf8cbbdc2d02507ac2380c31678",
                "got": "0x15254c0468785fe135b11023d96a0a956369a8cdb2700fb456e1ce3617b2a6d7"
            },
            "keyvals": [
                {
                    "key": "0x57d70b4573b73efec13e507a95e86ec03add50794acc76edd9370aca5ecbf2",
                    "diff": {
                        "exp": "0x6031adc68612227c",
                        "got": "0x0c5b1d8973e12d4a"
                    }
                }
            ]
        }
    }
}