{
    "config": {
        "seed": "42",
        "profile": {
            "empty": null
        },
        "safrole": false,
        "max_work_items": 1,
        "max_service_keys": 10,
        "mutation_ratio": 0.1,
        "max_mutations": 0,
        "max_steps": 10000
    },
    "stats": {
        "steps": 1,
        "imported": 1,
        "import_max_step": 1,
        "import_min": 6.441828999999999,
        "import_max": 6.441828999999999,
        "import_mean": 6.441828999999999,
        "import_p50": 6.441828999999999,
        "import_p75": 0.0,
        "import_p90": 6.441828999999999,
        "import_p99": 0.0,
        "import_std_dev": 0.0
    },
    "target": {
        "info": {
            "fuzz_version": 1,
            "fuzz_features": 2,
            "jam_version": {
                "major": 0,
                "minor": 7,
                "patch": 0
            },
            "app_version": {
                "major": 0,
                "minor": 0,
                "patch": 12
            },
            "app_name": "spacejam"
        },
        "stats": {
            "steps": 1,
            "imported": 1,
            "import_max_step": 1,
            "import_min": 7.2438590000000005,
            "import_max": 7.2438590000000005,
            "import_mean": 7.2438590000000005,
            "import_p50": 7.2438590000000005,
            "import_p75": 0.0,
            "import_p90": 7.2438590000000005,
            "import_p99": 0.0,
            "import_std_dev": 0.0
        }
    },
    "state_diff": {
        "roots": {
            "exp": "0xe0c84e51639670bcbc25422f4ca1fa4e6473f0a0f08116698e02afeced73bb1d",
            "got": "0xdd50f37f35b7715323bf21d46f7cbe445cbba03e2cc6d0dcda03ee21dbb98673"
        },
        "keyvals": [
            {
                "key": "0x0d000000000000000000000000000000000000000000000000000000000000",
                "diff": {
                    "exp": "0x00000000000000000000000000000000040000000a00000001000000000000000000000000000000050000000a00000001000000000000000000000000000000050000000900000003000000000000000000000000000000040000000800000003000000000000000000000000000000040000000a00000002000000000000000000000000000000040000000a00000004000000000000000000000000000000060000000900000002000000000000000000000000000000060000000800000001000000000000000000000000000000060000000b00000001000000000000000000000000000000040000000b00000001000000000000000000000000000000040000000a00000003000000000000000000000000000000040000000900000081030500000000810388ea0004000000000000026f31555600000188ea00000000000000000a48ced3000000000000000001e08096980000",
                    "got": "0x00000000000000000000000000000000040000000a00000001000000000000000000000000000000050000000a00000001000000000000000000000000000000050000000900000003000000000000000000000000000000040000000800000003000000000000000000000000000000040000000a00000002000000000000000000000000000000040000000a00000004000000000000000000000000000000060000000900000002000000000000000000000000000000060000000800000001000000000000000000000000000000060000000b00000001000000000000000000000000000000040000000b00000001000000000000000000000000000000040000000a00000003000000000000000000000000000000040000000900000081030500000000810388ea0004000000000000026f31555600000188ea00000000000000000a48ced3000000000000000001ff0eab22539a3997b20000"
                }
            }
        ]
    },
    "import_diff": null
}
