{
    "config": {
        "seed": "42",
        "max_steps": 4294967295,
        "safrole": false,
        "profile": {
            "full": null
        },
        "fuzzy_profile": {
            "full": null
        },
        "max_work_items": 3,
        "mutation_ratio": 0.0,
        "max_mutations": 0
    },
    "stats": {
        "steps": 4,
        "imported": 1,
        "import_max_step": 4,
        "import_min": 15.102283,
        "import_max": 15.102283,
        "import_mean": 15.102283,
        "import_p50": 15.102283,
        "import_p75": 0.0,
        "import_p90": 15.102283,
        "import_p99": 0.0,
        "import_std_dev": 0.0
    },
    "target": {
        "info": {
            "fuzz_version": 1,
            "fuzz_features": 2,
            "jam_version": {
                "major": 0,
                "minor": 7,
                "patch": 2
            },
            "app_version": {
                "major": 0,
                "minor": 3,
                "patch": 5
            },
            "app_name": "duna-target"
        },
        "stats": {
            "steps": 4,
            "imported": 1,
            "import_max_step": 4,
            "import_min": 230.163662,
            "import_max": 230.163662,
            "import_mean": 230.163662,
            "import_p50": 230.163662,
            "import_p75": 0.0,
            "import_p90": 230.163662,
            "import_p99": 0.0,
            "import_std_dev": 0.0
        }
    },
    "error": {
        "state_diff": {
            "roots": {
                "exp": "0x7bae1f8fd83fa85a8907940fdb8fc7539f0732d28bc1a8e31591c798c5934c9a",
                "got": "0x86fca8c99967458e3131ef730993c6a853feaca78f20689d80683c391db7e67a"
            },
            "keyvals": [
                {
                    "key": "0x004400b500a400aaa0d7f8eab5ca1cca4a0472988422febc68a6b6a944cabf",
                    "diff": {
                        "exp": "0xa1a30414",
                        "got": "0xa3a30414"
                    }
                },
                {
                    "key": "0x0d000000000000000000000000000000000000000000000000000000000000",
                    "diff": {
                        "exp": "0x0000000000000000000000000000000001000000010000000000000000000000000000000000000001000000020000000100000000000000020000007a7204000100000002000000000000000000000000000000000000000000000001000000000000000000000000000000000000000000000001000000010000000000000000000000000000000000000002000000020000000000000003000000b7ab0600050000000900000000000000000000000000000000000000050000000900000001000000000000000000000000000000050000000900000004000000000000000000000000000000030000000900000002000000000000000000000000000000030000000900000002000000000000000000000000000000030000000a000000851606001b86aa008d83c0828e00000000000000000400000000000004c0828e001b86aa0002c10136039a6b4301c23d3900000000000000002d9a6b4300000000000000000098cfc9bc156701c23d390000000000000000",
                        "got": "0x0000000000000000000000000000000001000000010000000000000000000000000000000000000001000000020000000100000000000000020000007a7204000100000002000000000000000000000000000000000000000000000001000000000000000000000000000000000000000000000001000000010000000000000000000000000000000000000002000000020000000000000003000000b7ab0600050000000900000000000000000000000000000000000000050000000900000001000000000000000000000000000000050000000900000004000000000000000000000000000000030000000900000002000000000000000000000000000000030000000900000002000000000000000000000000000000030000000a000000851606001b86aa008d83c0828e00000000000000000400000000000004c0828e001b86aa0002c10136039a6b4301c23d3900000000000000002d9a6b430000000000000000009a27c9bc156701c23d390000000000000000"
                    }
                },
                {
                    "key": "0x2d299a2c6bd14340bc50d602526f4b46e8aca90eb8c77c165b6497cae7625f",
                    "diff": {
                        "exp": "0x01000000",
                        "got": "0x03000000"
                    }
                },
                {
                    "key": "0xa22ca3ff04301444aa84f31be60f9d7ed87eaef9dbb83ab9b4db18c1148396",
                    "diff": {
                        "exp": "0x",
                        "got": "0x00"
                    }
                },
                {
                    "key": "0xa32ca3ff04301444aa84f31be60f9d7ed87eaef9dbb83ab9b4db18c1148396",
                    "diff": {
                        "exp": "0x",
                        "got": "0x00"
                    }
                },
                {
                    "key": "0xff000000000000000000000000000000000000000000000000000000000000",
                    "diff": {
                        "exp": "0x00d1b097b4410b3a63446d7c57d093972a9744fcd2d74f4a5e2ec163610e6d63271c2ddfffffffffff0a000000000000000a000000000000004f1e020000000000ffffffffffffffff0e000000000000000d00000000000000",
                        "got": "0x00d1b097b4410b3a63446d7c57d093972a9744fcd2d74f4a5e2ec163610e6d63272652d5ffffffffff0a000000000000000a000000000000004f1e020000000000ffffffffffffffff0e000000000000000d00000000000000"
                    }
                },
                {
                    "key": "0xff2d009a006b00430000000000000000000000000000000000000000000000",
                    "diff": {
                        "exp": "0x00bb8648e2eb5cab1ebb8129eca29c8af2e5155fe1ac9400ab01852a1e0cc82b1e5cf604000000000010270000000000001027000000000000b539020000000000000000000000000003000000050000000d00000000000000",
                        "got": "0x00bb8648e2eb5cab1ebb8129eca29c8af2e5155fe1ac9400ab01852a1e0cc82b1e505406000000000010270000000000001027000000000000b539020000000000000000000000000003000000050000000d00000000000000"
                    }
                },
                {
                    "key": "0xffa200a3000400140000000000000000000000000000000000000000000000",
                    "diff": {
                        "exp": "0x",
                        "got": "0x00bb8648e2eb5cab1ebb8129eca29c8af2e5155fe1ac9400ab01852a1e0cc82b1e813e040000000000102700000000000010270000000000008e390200000000000000000000000000020000000d0000000000000000000000"
                    }
                },
                {
                    "key": "0xffa300a3000400140000000000000000000000000000000000000000000000",
                    "diff": {
                        "exp": "0x",
                        "got": "0x00bb8648e2eb5cab1ebb8129eca29c8af2e5155fe1ac9400ab01852a1e0cc82b1e813e040000000000102700000000000010270000000000008e390200000000000000000000000000020000000d0000000000000000000000"
                    }
                }
            ]
        }
    }
}