{
    "config": {
        "seed": "42",
        "profile": {
            "empty": null
        },
        "safrole": false,
        "max_work_items": 1,
        "max_service_keys": 10,
        "mutation_ratio": 0.1,
        "max_mutations": 0,
        "max_steps": 10000
    },
    "stats": {
        "steps": 1,
        "imported": 1,
        "import_max_step": 1,
        "import_min": 6.538181,
        "import_max": 6.538181,
        "import_mean": 6.538181,
        "import_p50": 6.538181,
        "import_p75": 0.0,
        "import_p90": 6.538181,
        "import_p99": 0.0,
        "import_std_dev": 0.0
    },
    "target": {
        "info": {
            "fuzz_version": 1,
            "fuzz_features": 2,
            "jam_version": {
                "major": 0,
                "minor": 7,
                "patch": 0
            },
            "app_version": {
                "major": 0,
                "minor": 1,
                "patch": 0
            },
            "app_name": "jamzig-target"
        },
        "stats": {
            "steps": 1,
            "imported": 1,
            "import_max_step": 1,
            "import_min": 5.359422,
            "import_max": 5.359422,
            "import_mean": 5.359422,
            "import_p50": 5.359422,
            "import_p75": 0.0,
            "import_p90": 5.359422,
            "import_p99": 0.0,
            "import_std_dev": 0.0
        }
    },
    "state_diff": {
        "roots": {
            "exp": "0xe4e1936b5e20a84b1a617691eb49b25ff08398a029eb8b624e47d68563069fe4",
            "got": "0x413b053e8f662a769f8917719a259f69e4024870d8215a8dad5cb7a9d2534583"
        },
        "keyvals": [
            {
                "key": "0x0d000000000000000000000000000000000000000000000000000000000000",
                "diff": {
                    "exp": "0x03000000000000000000000000000000050000000900000000000000000000000000000000000000050000000700000002000000000000000000000000000000040000000a000000020000000000000001000000ef6501000400000007000000020000000000000000000000000000000600000009000000010000000000000000000000000000000600000009000000020000000000000002000000decb02000600000009000000030000000000000002000000decb0200050000000900000002000000000000000000000000000000050000000c00000001000000000000000000000000000000050000000800000003000000000000000000000000000000040000000b00000001000000000000000000000000000000050000000a0000000004000000000000812b0600000000810b88fa01a752169100000188fa0000000001e08096980000",
                    "got": "0x03000000000000000000000000000000050000000900000000000000000000000000000000000000050000000700000002000000000000000000000000000000040000000a000000020000000000000001000000ef6501000400000007000000020000000000000000000000000000000600000009000000010000000000000000000000000000000600000009000000020000000000000002000000decb02000600000009000000030000000000000002000000decb0200050000000900000002000000000000000000000000000000050000000c00000001000000000000000000000000000000050000000800000003000000000000000000000000000000040000000b00000001000000000000000000000000000000050000000a0000000004000000000000812b0600000000810b88fa01a752169100000188fa0000000001ff14c917d31b98b5cd0000"
                }
            },
            {
                "key": "0xa76a52ae16a391b8c876e335de632eac1b2705f8a5476ffb5c0499d95bd432",
                "diff": {
                    "exp": "0x1cd9ec3f2b6a5f1b",
                    "got": "0x0161f5ae7b14dcc9"
                }
            },
            {
                "key": "0xa7bf528016c49115a6de0d53b81f75fb91e9487af71c623599e8ecb38e7204",
                "diff": {
                    "exp": "0x01000000",
                    "got": "0x02000000"
                }
            },
            {
                "key": "0xa7f852e916c691d9d891b7f383ca393e9934e324cd5c2fa0a6dade41413612",
                "diff": {
                    "exp": "0x092edc4a126683f61f0000000004dc4a126aad07cbb7d25f01a7521691f5fd448299abf6ba",
                    "got": "0x09a75216916aad07cb000000002edc4a1204dc4a12f5fd4482b7d25f016683f61f8b1294c2"
                }
            }
        ]
    },
    "import_diff": null
}
