{
  "info": {
    "name": "polkajam",
    "app_version": {
      "major": 0,
      "minor": 1,
      "patch": 25
    },
    "jam_version": {
      "major": 0,
      "minor": 7,
      "patch": 0
    }
  },
  "stats": {
    "steps": 100,
    "imported": 100,
    "import_max_step": 56,
    "import_min": 6.011438,
    "import_max": 16.589205999999997,
    "import_mean": 9.889346779999995,
    "import_p50": 10.192,
    "import_p75": 11.908,
    "import_p90": 13.823,
    "import_p99": 15.522,
    "import_std_dev": 2.8879548429687816
  }
}
