{
  "info": {
    "name": "polkajam",
    "app_version": {
      "major": 0,
      "minor": 1,
      "patch": 25
    },
    "jam_version": {
      "major": 0,
      "minor": 7,
      "patch": 0
    }
  },
  "stats": {
    "steps": 100,
    "imported": 100,
    "import_max_step": 61,
    "import_min": 1.0680399999999999,
    "import_max": 6.072889,
    "import_mean": 2.825006540000001,
    "import_p50": 2.984,
    "import_p75": 3.68,
    "import_p90": 4.713,
    "import_p99": 5.851,
    "import_std_dev": 1.444340255607036
  }
}
