{
    "config": {
        "seed": "42",
        "max_steps": 4294967295,
        "safrole": false,
        "profile": {
            "full": null
        },
        "fuzzy_profile": {
            "full": null
        },
        "max_work_items": 3,
        "mutation_ratio": 0.0,
        "max_mutations": 0
    },
    "stats": {
        "steps": 8,
        "imported": 1,
        "import_max_step": 8,
        "import_min": 7.414285,
        "import_max": 7.414285,
        "import_mean": 7.414285,
        "import_p50": 7.414285,
        "import_p75": 0.0,
        "import_p90": 7.414285,
        "import_p99": 0.0,
        "import_std_dev": 0.0
    },
    "target": {
        "info": {
            "fuzz_version": 1,
            "fuzz_features": 2,
            "jam_version": {
                "major": 0,
                "minor": 7,
                "patch": 2
            },
            "app_version": {
                "major": 0,
                "minor": 1,
                "patch": 0
            },
            "app_name": "jamzig-target"
        },
        "stats": {
            "steps": 8,
            "imported": 1,
            "import_max_step": 8,
            "import_min": 10.506196000000001,
            "import_max": 10.506196000000001,
            "import_mean": 10.506196000000001,
            "import_p50": 10.506196000000001,
            "import_p75": 0.0,
            "import_p90": 10.506196000000001,
            "import_p99": 0.0,
            "import_std_dev": 0.0
        }
    },
    "error": {
        "state_diff": {
            "roots": {
                "exp": "0x7d32d1aed1033827aeb85a5eb0fbfeb4f7652cbedd9f397c403f457cdc19848e",
                "got": "0xc4038fc16f40297238342bface4dac705595e66a9fd9435490327df163f40783"
            },
            "keyvals": [
                {
                    "key": "0x0d000000000000000000000000000000000000000000000000000000000000",
                    "diff": {
                        "exp": "0x0200000000000000000000000000000004000000060000000000000000000000000000000000000002000000070000000000000000000000000000000000000004000000060000000100000000000000000000000000000004000000060000000100000000000000000000000000000002000000060000000300000000000000010000003d390200020000000700000003000000000000000000000000000000040000000b00000003000000000000000000000000000000050000000b00000000000000000000000000000000000000040000000800000001000000000000000000000000000000030000000a00000003000000000000000000000000000000020000000b0000000200000000000000010000003d390200030000000b0000008e0e0600000000000000000000000000000400000000000000000000000001c04e455d528380000000000000000002c09c8af3d8018e000000000000000001c04e4526edc6d200000000000000000100",
                        "got": "0x0200000000000000000000000000000004000000060000000000000000000000000000000000000002000000070000000000000000000000000000000000000004000000060000000100000000000000000000000000000004000000060000000100000000000000000000000000000002000000060000000300000000000000010000003d390200020000000700000003000000000000000000000000000000040000000b00000003000000000000000000000000000000050000000b00000000000000000000000000000000000000040000000800000001000000000000000000000000000000030000000a00000003000000000000000000000000000000020000000b0000000200000000000000010000003d390200030000000b0000008e0e0600000000000000000000000000000400000000000000000000000001b99f5d528380000000000000000002c0724cf3d8018e000000000000000001c04e4526edc6d200000000000000000100"
                    }
                }
            ]
        }
    }
}