{
    "config": {
        "seed": "42",
        "max_steps": 4294967295,
        "safrole": false,
        "profile": {
            "full": null
        },
        "fuzzy_profile": {
            "full": null
        },
        "max_work_items": 3,
        "mutation_ratio": 0.0,
        "max_mutations": 0
    },
    "stats": {
        "steps": 1,
        "imported": 1,
        "import_max_step": 1,
        "import_min": 9.781324,
        "import_max": 9.781324,
        "import_mean": 9.781324,
        "import_p50": 9.781324,
        "import_p75": 0.0,
        "import_p90": 9.781324,
        "import_p99": 0.0,
        "import_std_dev": 0.0
    },
    "target": {
        "info": {
            "fuzz_version": 1,
            "fuzz_features": 2,
            "jam_version": {
                "major": 0,
                "minor": 7,
                "patch": 1
            },
            "app_version": {
                "major": 0,
                "minor": 0,
                "patch": 15
            },
            "app_name": "spacejam"
        },
        "stats": {
            "steps": 1,
            "imported": 1,
            "import_max_step": 1,
            "import_min": 12.713187000000001,
            "import_max": 12.713187000000001,
            "import_mean": 12.713187000000001,
            "import_p50": 12.713187000000001,
            "import_p75": 0.0,
            "import_p90": 12.713187000000001,
            "import_p99": 0.0,
            "import_std_dev": 0.0
        }
    },
    "diff": {
        "state": {
            "roots": {
                "exp": "0x6fa1bcce8f0981ed4d17eee3cc502c70687f4c1b1244c6b501f5423cbea26eb0",
                "got": "0xbc0a41d4fe3a007eba983ff436c041c0537b4b1a1fda46f548e535f61d6a37d8"
            },
            "keyvals": [
                {
                    "key": "0x0d000000000000000000000000000000000000000000000000000000000000",
                    "diff": {
                        "exp": "0x00000000000000000000000000000000010000000500000000000000000000000000000000000000010000000300000000000000000000000000000000000000020000000500000002000000000000000000000000000000010000000500000001000000000000000000000000000000020000000500000002000000000000000000000000000000020000000400000000000000000000000000000000000000040000000400000003000000000000000000000000000000040000000600000002000000000000000000000000000000010000000500000002000000000000000000000000000000030000000600000002000000000000000000000000000000010000000500000000000000000000000000000000000000020000000500000081d905000000000000846f06000000008142b8410100000000000002b841000000000ac4101e",
                        "got": "0x00000000000000000000000000000000010000000500000000000000000000000000000000000000010000000300000000000000000000000000000000000000020000000500000002000000000000000000000000000000010000000500000001000000000000000000000000000000020000000500000002000000000000000000000000000000020000000400000000000000000000000000000000000000040000000400000003000000000000000000000000000000040000000600000002000000000000000000000000000000010000000500000002000000000000000000000000000000030000000600000002000000000000000000000000000000010000000500000000000000000000000000000000000000020000000500000081d905000000000000846f06000000008142b8410500000000000002b841000000000ac446441fc800e70000000000000000000020c800e70000000000000000000049c800e70000000000000000000073c800e700000000000000000000"
                    }
                },
                {
                    "key": "0x2072c80c0058e75f70a4d8a0d41f3e9195aacbf0f3dcb184274bd6d786c7f5",
                    "diff": {
                        "exp": "0x00",
                        "got": "0x"
                    }
                },
                {
                    "key": "0xff000000000000000000000000000000000000000000000000000000000000",
                    "diff": {
                        "exp": "0x0042edd9f5175ab48b5796bc576f4cb894c519b7c9acd67b0e4e71068584afbcb66c73d1ffffffffff0a000000000000000a000000000000009c2f020000000000ffffffffffffffff26000000000000005404000000000000",
                        "got": "0x0042edd9f5175ab48b5796bc576f4cb894c519b7c9acd67b0e4e71068584afbcb6c1c3d4ffffffffff0a000000000000000a000000000000009c2f020000000000ffffffffffffffff26000000000000005404000000000000"
                    }
                },
                {
                    "key": "0xff1f00c8000000e70000000000000000000000000000000000000000000000",
                    "diff": {
                        "exp": "0x00828667638ae6f11aa6b7d77cf058a3bb6d46346701e914f18ab7015a0de171417a34060000000000102700000000000010270000000000008139020000000000000000000000000002000000540400000000000000000000",
                        "got": "0x00828667638ae6f11aa6b7d77cf058a3bb6d46346701e914f18ab7015a0de171417a34060000000000102700000000000010270000000000008139020000000000000000000000000002000000540400005404000000000000"
                    }
                },
                {
                    "key": "0xff2000c8000000e70000000000000000000000000000000000000000000000",
                    "diff": {
                        "exp": "0x00828667638ae6f11aa6b7d77cf058a3bb6d46346701e914f18ab7015a0de171417a09060000000000102700000000000010270000000000008139020000000000000000000000000002000000540400000000000000000000",
                        "got": "0x"
                    }
                },
                {
                    "key": "0xff4900c8000000e70000000000000000000000000000000000000000000000",
                    "diff": {
                        "exp": "0x00828667638ae6f11aa6b7d77cf058a3bb6d46346701e914f18ab7015a0de171418ba5040000000000102700000000000010270000000000008139020000000000000000000000000002000000540400000000000000000000",
                        "got": "0x00828667638ae6f11aa6b7d77cf058a3bb6d46346701e914f18ab7015a0de171418ba5040000000000102700000000000010270000000000008139020000000000000000000000000002000000540400005404000000000000"
                    }
                },
                {
                    "key": "0xff7300c8000000e70000000000000000000000000000000000000000000000",
                    "diff": {
                        "exp": "0x00828667638ae6f11aa6b7d77cf058a3bb6d46346701e914f18ab7015a0de17141714a060000000000102700000000000010270000000000008139020000000000000000000000000002000000540400000000000000000000",
                        "got": "0x00828667638ae6f11aa6b7d77cf058a3bb6d46346701e914f18ab7015a0de17141714a060000000000102700000000000010270000000000008139020000000000000000000000000002000000540400005404000000000000"
                    }
                }
            ]
        }
    }
}