{
    "config": {
        "seed": "42",
        "profile": {
            "empty": null
        },
        "safrole": false,
        "max_work_items": 1,
        "max_service_keys": 10,
        "mutation_ratio": 0.1,
        "max_mutations": 0,
        "max_steps": 10000
    },
    "stats": {
        "steps": 1,
        "imported": 1,
        "import_max_step": 1,
        "import_min": 6.476954,
        "import_max": 6.476954,
        "import_mean": 6.476954,
        "import_p50": 6.476954,
        "import_p75": 0.0,
        "import_p90": 6.476954,
        "import_p99": 0.0,
        "import_std_dev": 0.0
    },
    "target": {
        "info": {
            "fuzz_version": 1,
            "fuzz_features": 2,
            "jam_version": {
                "major": 0,
                "minor": 7,
                "patch": 0
            },
            "app_version": {
                "major": 0,
                "minor": 0,
                "patch": 1
            },
            "app_name": "strawberry"
        },
        "stats": {
            "steps": 1,
            "imported": 1,
            "import_max_step": 1,
            "import_min": 29.431723,
            "import_max": 29.431723,
            "import_mean": 29.431723,
            "import_p50": 29.431723,
            "import_p75": 0.0,
            "import_p90": 29.431723,
            "import_p99": 0.0,
            "import_std_dev": 0.0
        }
    },
    "state_diff": {
        "roots": {
            "exp": "0x285f6219a5465ae003c39f309c28f02c6dc40b978bd4d3f0b6b0903c65b531f0",
            "got": "0xdc08154cfc4ea5941428b2a714e0413d6b0e9babf37ce80f9feabfdfbd6913fe"
        },
        "keyvals": [
            {
                "key": "0x0d000000000000000000000000000000000000000000000000000000000000",
                "diff": {
                    "exp": "0x02000000000000000000000000000000070000000c00000002000000000000000000000000000000040000000b00000002000000000000000000000000000000040000000c00000002000000000000000000000000000000070000000a00000002000000000000000000000000000000040000000b00000002000000000000000000000000000000070000000c00000002000000000000000000000000000000070000000a00000002000000000000000000000000000000040000000c00000001000000000000000000000000000000040000000b00000002000000000000000000000000000000050000000b00000003000000000000000000000000000000080000000a00000002000000000000000000000000000000080000000c00000080ed0500000000810d88e980ed0600000000814d88e902925bae9400000188e90000000002c125090000622ae7be00000188e90000000000000000",
                    "got": "0x02000000000000000000000000000000070000000c00000002000000000000000000000000000000040000000b00000002000000000000000000000000000000040000000c00000002000000000000000000000000000000070000000a00000002000000000000000000000000000000040000000b00000002000000000000000000000000000000070000000c00000002000000000000000000000000000000070000000a00000002000000000000000000000000000000040000000c00000001000000000000000000000000000000040000000b00000002000000000000000000000000000000050000000b00000003000000000000000000000000000000080000000a00000002000000000000000000000000000000080000000c00000080ed0500000000810d88e980ed0600000000814d88e902925bae9400000188e90000000002c0c2740000622ae7be00000188e90000000000000000"
                }
            }
        ]
    },
    "import_diff": null
}
