{
    "config": {
        "seed": "42",
        "profile": {
            "empty": null
        },
        "safrole": false,
        "max_work_items": 1,
        "max_service_keys": 10,
        "mutation_ratio": 0.1,
        "max_mutations": 0,
        "max_steps": 10000
    },
    "stats": {
        "steps": 1,
        "imported": 1,
        "import_max_step": 1,
        "import_min": 8.821216999999999,
        "import_max": 8.821216999999999,
        "import_mean": 8.821216999999999,
        "import_p50": 8.821216999999999,
        "import_p75": 0.0,
        "import_p90": 8.821216999999999,
        "import_p99": 0.0,
        "import_std_dev": 0.0
    },
    "target": {
        "info": {
            "fuzz_version": 1,
            "fuzz_features": 2,
            "jam_version": {
                "major": 0,
                "minor": 7,
                "patch": 0
            },
            "app_version": {
                "major": 0,
                "minor": 1,
                "patch": 0
            },
            "app_name": "jamzilla"
        },
        "stats": {
            "steps": 1,
            "imported": 1,
            "import_max_step": 1,
            "import_min": 28.244063999999998,
            "import_max": 28.244063999999998,
            "import_mean": 28.244063999999998,
            "import_p50": 28.244063999999998,
            "import_p75": 0.0,
            "import_p90": 28.244063999999998,
            "import_p99": 0.0,
            "import_std_dev": 0.0
        }
    },
    "state_diff": {
        "roots": {
            "exp": "0x5a21564ce7f7da1dcf4b8a0d8b860af96d6605f617fe6d398771465b58415017",
            "got": "0x650fb462b7961db3ab943c0bb9d649d660c0e206486c87ecb60529d0cd045aae"
        },
        "keyvals": [
            {
                "key": "0xff6f0031005500560000000000000000000000000000000000000000000000",
                "diff": {
                    "exp": "0x6c322032f9ffb452de811d2db63f5b654aefeeff6195f50f19c2c8598d0b8ae5036602000000000010270000000000001027000000000000f267010000000000000000000000000007000000020000000e00000000000000",
                    "got": "0x6c322032f9ffb452de811d2db63f5b654aefeeff6195f50f19c2c8598d0b8ae50366020000000000102700000000000010270000000000004267010000000000000000000000000006000000020000000e00000000000000"
                }
            }
        ]
    },
    "import_diff": null
}
