{
    "config": {
        "seed": "42",
        "profile": {
            "empty": null
        },
        "safrole": false,
        "max_work_items": 1,
        "max_service_keys": 10,
        "mutation_ratio": 0.1,
        "max_mutations": 0,
        "max_steps": 10000
    },
    "stats": {
        "steps": 1,
        "imported": 1,
        "import_max_step": 1,
        "import_min": 7.901349000000001,
        "import_max": 7.901349000000001,
        "import_mean": 7.901349000000001,
        "import_p50": 7.901349000000001,
        "import_p75": 0.0,
        "import_p90": 7.901349000000001,
        "import_p99": 0.0,
        "import_std_dev": 0.0
    },
    "target": {
        "info": {
            "fuzz_version": 1,
            "fuzz_features": 2,
            "jam_version": {
                "major": 0,
                "minor": 7,
                "patch": 0
            },
            "app_version": {
                "major": 0,
                "minor": 0,
                "patch": 1
            },
            "app_name": "strawberry"
        },
        "stats": {
            "steps": 1,
            "imported": 1,
            "import_max_step": 1,
            "import_min": 24.66877,
            "import_max": 24.66877,
            "import_mean": 24.66877,
            "import_p50": 24.66877,
            "import_p75": 0.0,
            "import_p90": 24.66877,
            "import_p99": 0.0,
            "import_std_dev": 0.0
        }
    },
    "state_diff": {
        "roots": {
            "exp": "0x5a21564ce7f7da1dcf4b8a0d8b860af96d6605f617fe6d398771465b58415017",
            "got": "0xd4ec1c11684ebd9967dc7b6b76d21d7251ae985dbd1868bd3a87d078180e6f2a"
        },
        "keyvals": [
            {
                "key": "0x03000000000000000000000000000000000000000000000000000000000000",
                "diff": {
                    "exp": "0x08722917c2985fe7e1c088959a363e6b7817982da93f87fe16f1e6312806f4f7cd2fc9a372a65e2341f5e92ca21944a87986a3ff07b5c5cbabd6f36187ff1436f3d2547d101371227e8c54d2ce13afb18f4815722468ca3efa54df3edbecf285c10083174a65e4d4569e9cecde4a7e1d324244ce96e0f525b16bd6b50b5dae79dcffa6a5afae4fc18222cf9a8eef346d21399cbdb72a359c5ad657a2c8fcd036f70ec713f235779f63f25ed51f6faedc28e3239b6cc89ca729f0e0850364fb51af1402933fcabfe31b3811579c695a30b7acc8af064b0c78b7e1f32bdedaf36d9131e600000000000000000000000000000000000000000000000000000000000000009f0b1ccd3dc47e3667be2d8da4ebf0dd65fb51daf21e9ce2f68d47d11baf1c0e0000000000000000000000000000000000000000000000000000000000000000933174e3421215b0c690190e4b77363801520837e55a3e77f3e2f16d6f9d56659551e382c29a7fb57bbe9e1665a6c11ecc3fe893c51d108f261dd09be9df6b902f86764c9ffe0a972d4da7f195d17071790fc8b19c487368547ee396a0c828a1015d8a57b89879c2c6cf6228a7483e73ca86a738ba1813f7532a9620391415c7530000000000000000000000000000000000000000000000000000000000000000111870f7c194313150338763f4f6f888effd1e5fecc7db4c9a3ada34b6f50a288d18d707d9d1c4dcaf5d94bb7ece70cc593f93a4f4997d63c34309ed5deab75d769d3324eead2f2148155002c92efdccbe14072bc2627e6eb4aaba29ea948c4b016136fc2973b335ac3d9cfb74df75dca804e01cfc224669805f75ef91b8ee9d7a000000000000000000000000000000000000000000000000000000000000000070844bf86816993aed9cc5182128a850b15c28de40e1cdfbc359ae8121d7cfb457a1a06d43b9f0637ca998fdb9c0c09307e94693e2998888588b4d2e6373938e15ed53ae67cbc8392ee1e0024f70335634da45c87e085deb0748940cb986ae7301a5ef221a3f3edb11d6df386ee1db81ed1a4ccf9e7161f5ef5bab0f2d1c8dfcb60000000000000000000000000000000000000000000000000000000000000000e23039f0468901d5bc29f7962c43db294683ceb59269eb031b527385bf3b5cf2bf78dd3dca70a2bae59cd6abf58280940b5b41e819794ae8e8833440f2fedcd4cee13e91e80ad3dc2ea1e32170948c9e1a3b71e730950b83cd974e9e2133390b014f868c497f007a4f7c906d89332f6f8291939cc2f40f7d14ef0a1637b7c5932000000000000000000000000000000000000000000000000000000000000000000887be5cba72080e34d41532bbc9f227ba643636a8596464747e5e051b996e27014f3ac87d9189c136f0452df788b1b9b7b895a889652164b31319f80509e349e697e7887191d7cd8ad4ecca06513b593f2cbad8072e5bdc17b39286b9ab8d7800cdba498edb46b7a298434a7456e35a244489257906cfea3309e448a58e3c6c2ca53497f94b8f8fe2fc9375456c8208f6dd21eec9bfd8ea12f73398f51392bae1000000000000000000000000000000000000000000000000000000000000000000040001ad3228b676f7d3cd4284a5443f17f1962b36e491b30a40b2405849e597ba5fb501b4c11951957c6f8f642c4af61cd6b24640fec6dc7fc607ee8206a99e92410d3001a6a5afae4fc18222cf9a8eef346d21399cbdb72a359c5ad657a2c8fcd036f70e",
                    "got": "0x08722917c2985fe7e1c088959a363e6b7817982da93f87fe16f1e6312806f4f7cd2fc9a372a65e2341f5e92ca21944a87986a3ff07b5c5cbabd6f36187ff1436f3d2547d101371227e8c54d2ce13afb18f4815722468ca3efa54df3edbecf285c10083174a65e4d4569e9cecde4a7e1d324244ce96e0f525b16bd6b50b5dae79dcffa6a5afae4fc18222cf9a8eef346d21399cbdb72a359c5ad657a2c8fcd036f70ec713f235779f63f25ed51f6faedc28e3239b6cc89ca729f0e0850364fb51af1402933fcabfe31b3811579c695a30b7acc8af064b0c78b7e1f32bdedaf36d9131e600000000000000000000000000000000000000000000000000000000000000009f0b1ccd3dc47e3667be2d8da4ebf0dd65fb51daf21e9ce2f68d47d11baf1c0e0000000000000000000000000000000000000000000000000000000000000000933174e3421215b0c690190e4b77363801520837e55a3e77f3e2f16d6f9d56659551e382c29a7fb57bbe9e1665a6c11ecc3fe893c51d108f261dd09be9df6b902f86764c9ffe0a972d4da7f195d17071790fc8b19c487368547ee396a0c828a1015d8a57b89879c2c6cf6228a7483e73ca86a738ba1813f7532a9620391415c7530000000000000000000000000000000000000000000000000000000000000000111870f7c194313150338763f4f6f888effd1e5fecc7db4c9a3ada34b6f50a288d18d707d9d1c4dcaf5d94bb7ece70cc593f93a4f4997d63c34309ed5deab75d769d3324eead2f2148155002c92efdccbe14072bc2627e6eb4aaba29ea948c4b016136fc2973b335ac3d9cfb74df75dca804e01cfc224669805f75ef91b8ee9d7a000000000000000000000000000000000000000000000000000000000000000070844bf86816993aed9cc5182128a850b15c28de40e1cdfbc359ae8121d7cfb457a1a06d43b9f0637ca998fdb9c0c09307e94693e2998888588b4d2e6373938e15ed53ae67cbc8392ee1e0024f70335634da45c87e085deb0748940cb986ae7301a5ef221a3f3edb11d6df386ee1db81ed1a4ccf9e7161f5ef5bab0f2d1c8dfcb60000000000000000000000000000000000000000000000000000000000000000e23039f0468901d5bc29f7962c43db294683ceb59269eb031b527385bf3b5cf2bf78dd3dca70a2bae59cd6abf58280940b5b41e819794ae8e8833440f2fedcd4cee13e91e80ad3dc2ea1e32170948c9e1a3b71e730950b83cd974e9e2133390b014f868c497f007a4f7c906d89332f6f8291939cc2f40f7d14ef0a1637b7c5932000000000000000000000000000000000000000000000000000000000000000000887be5cba72080e34d41532bbc9f227ba643636a8596464747e5e051b996e27014f3ac87d9189c136f0452df788b1b9b7b895a889652164b31319f80509e349e697e7887191d7cd8ad4ecca06513b593f2cbad8072e5bdc17b39286b9ab8d7800cdba498edb46b7a298434a7456e35a244489257906cfea3309e448a58e3c6c2c61ab4755536e5f09f7468519123722936d1308de21b55ffb38b928d41943a69e000000000000000000000000000000000000000000000000000000000000000000040001717a5ea33af45f5bcc8e30c57bbd1b3fd8f0b2eaf5112ed29e8b09a1f0abb2ee01b4c11951957c6f8f642c4af61cd6b24640fec6dc7fc607ee8206a99e92410d3001a6a5afae4fc18222cf9a8eef346d21399cbdb72a359c5ad657a2c8fcd036f70e"
                }
            },
            {
                "key": "0x0d000000000000000000000000000000000000000000000000000000000000",
                "diff": {
                    "exp": "0x01000000000000000000000000000000010000000300000001000000000000000000000000000000010000000300000001000000000000000000000000000000010000000300000000000000000000000000000000000000000000000300000000000000000000000000000000000000000000000300000000000000000000000000000000000000000000000200000002000000000000000100000034660100060000000a00000000000000000000000000000000000000060000000a0000000100000000000000000000000000000006000000080000000400000000000000010000003466010005000000080000000200000000000000000000000000000005000000090000000200000000000000030000009c320400050000000a0000008103050000000000000000000000000000016f315556000000000000000001c02864019da6",