{
    "config": {
        "seed": "42",
        "profile": {
            "Empty": null
        },
        "safrole": false,
        "max_work_items": 1,
        "max_service_keys": 10,
        "mutation_ratio": 0.1,
        "max_mutations": 0,
        "max_steps": 10000
    },
    "stats": {
        "steps": 1,
        "imported": 1,
        "import_max_step": 1,
        "import_min": 6.776718,
        "import_max": 6.776718,
        "import_mean": 6.776718,
        "import_p50": 6.776718,
        "import_p75": 0.0,
        "import_p90": 6.776718,
        "import_p99": 0.0,
        "import_std_dev": 0.0
    },
    "target": {
        "info": {
            "name": "turbojam",
            "app_version": {
                "major": 0,
                "minor": 1,
                "patch": 3
            },
            "jam_version": {
                "major": 0,
                "minor": 7,
                "patch": 0
            }
        },
        "stats": {
            "steps": 1,
            "imported": 1,
            "import_max_step": 1,
            "import_min": 2.78428,
            "import_max": 2.78428,
            "import_mean": 2.78428,
            "import_p50": 2.78428,
            "import_p75": 0.0,
            "import_p90": 2.78428,
            "import_p99": 0.0,
            "import_std_dev": 0.0
        }
    },
    "diff": {
        "roots": {
            "exp": "0x94373951a719b62fc653f72bb5bf8a768041c6d294322cc546e728072207b254",
            "got": "0xd472a3a9bb884037e6c8448b4dc084ac60c8d23f5e66c8d2af9d47f68e04767e"
        },
        "keyvals": [
            {
                "key": "0x0d000000000000000000000000000000000000000000000000000000000000",
                "diff": {
                    "exp": "0x02000000000000000000000000000000070000000800000000000000000000000000000000000000030000000800000001000000000000000000000000000000070000000900000004000000000000000000000000000000030000000a0000000200000000000000000000000000000007000000090000000200000000000000000000000000000003000000080000000000000000000000000000000000000000000000000000000000000000000000000000000000000000000000000000000000000000000000000000000000000000000000000000000000000000000000000000000000000000000000000000000000000000000000000000000000000000000000000000000000000000000000000000000000000000000000000000000000000000000000826906000000008189c013cb0100000000000001c013cb0000000001ae990000",
                    "got": "0x02000000000000000000000000000000070000000800000000000000000000000000000000000000030000000800000001000000000000000000000000000000070000000900000004000000000000000000000000000000030000000a0000000200000000000000000000000000000007000000090000000200000000000000000000000000000003000000080000000000000000000000000000000000000000000000000000000000000000000000000000000000000000000000000000000000000000000000000000000000000000000000000000000000000000000000000000000000000000000000000000000000000000000000000000000000000000000000000000000000000000000000000000000000000000000000000000000000000000000000826906000000008189c013cb0100000000000001c013cb0000000001ae9a0000"
                }
            }
        ]
    }
}
