{
    "config": {
        "seed": "42",
        "profile": {
            "fuzzy": null
        },
        "safrole": false,
        "max_work_items": 1,
        "max_service_keys": 10,
        "mutation_ratio": 0.1,
        "max_mutations": 0,
        "max_steps": 10000
    },
    "stats": {
        "steps": 1,
        "imported": 1,
        "import_max_step": 1,
        "import_min": 17.624797,
        "import_max": 17.624797,
        "import_mean": 17.624797,
        "import_p50": 17.624797,
        "import_p75": 0.0,
        "import_p90": 17.624797,
        "import_p99": 0.0,
        "import_std_dev": 0.0
    },
    "target": {
        "info": {
            "fuzz_version": 1,
            "fuzz_features": 2,
            "jam_version": {
                "major": 0,
                "minor": 7,
                "patch": 1
            },
            "app_version": {
                "major": 0,
                "minor": 3,
                "patch": 4
            },
            "app_name": "JavaJAM"
        },
        "stats": {
            "steps": 1,
            "imported": 1,
            "import_max_step": 1,
            "import_min": 33.081661,
            "import_max": 33.081661,
            "import_mean": 33.081661,
            "import_p50": 33.081661,
            "import_p75": 0.0,
            "import_p90": 33.081661,
            "import_p99": 0.0,
            "import_std_dev": 0.0
        }
    },
    "state_diff": {
        "roots": {
            "exp": "0x429a68bdf0b3fdba954217662cf2a5eb11150ce74d3d7004cbd4cf262add5ce3",
            "got": "0xed315f8c7fb96290ed15ee1e0fdba49b37e39b19d30d41e3ffa43c0dc273f000"
        },
        "keyvals": [
            {
                "key": "0x0d000000000000000000000000000000000000000000000000000000000000",
                "diff": {
                    "exp": "0x0000000000000000000000000000000001000000030000000100000000000000000000000000000001000000030000000000000000000000000000000000000001000000020000000000000000000000000000000000000001000000030000000000000000000000000000000000000001000000030000000200000000000000000000000000000001000000030000000200000000000000050000005ddd0b00030000000900000000000000000000000000000000000000030000000900000001000000000000000000000000000000060000000a0000000400000000000000000000000000000006000000080000000200000000000000030000006b1e07000600000009000000020000000000000002000000f2be0400030000000900000095d60500000000000000040000000000000500000000000000000000000001c09576e5a8e269000000000000000001ba4139a9e269000000000000000001c1a83db17f8b93000000000000000000af067c629dfb000000000000000001c03a9d",
                    "got": "0x0000000000000000000000000000000001000000030000000100000000000000000000000000000001000000030000000000000000000000000000000000000001000000020000000000000000000000000000000000000001000000030000000000000000000000000000000000000001000000030000000200000000000000000000000000000001000000030000000200000000000000050000005ddd0b00030000000900000000000000000000000000000000000000030000000900000001000000000000000000000000000000060000000a0000000400000000000000000000000000000006000000080000000200000000000000030000006b1e07000600000009000000020000000000000002000000f2be0400030000000900000095d60500000000000000040000000000000400000000000000000000000001c09576e5a8e269000000000000000001ba4139a9e269000000000000000001c1a83d7c629dfb000000000000000001c03a9d"
                }
            }
        ]
    },
    "import_diff": null
}
