{
    "config": {
        "seed": "42",
        "profile": {
            "empty": null
        },
        "safrole": false,
        "max_work_items": 1,
        "max_service_keys": 10,
        "mutation_ratio": 0.1,
        "max_mutations": 0,
        "max_steps": 10000
    },
    "stats": {
        "steps": 1,
        "imported": 1,
        "import_max_step": 1,
        "import_min": 11.975705,
        "import_max": 11.975705,
        "import_mean": 11.975705,
        "import_p50": 11.975705,
        "import_p75": 0.0,
        "import_p90": 11.975705,
        "import_p99": 0.0,
        "import_std_dev": 0.0
    },
    "target": {
        "info": {
            "fuzz_version": 1,
            "fuzz_features": 2,
            "jam_version": {
                "major": 0,
                "minor": 7,
                "patch": 0
            },
            "app_version": {
                "major": 0,
                "minor": 0,
                "patch": 1
            },
            "app_name": "strawberry"
        },
        "stats": {
            "steps": 1,
            "imported": 1,
            "import_max_step": 1,
            "import_min": 21.848273000000002,
            "import_max": 21.848273000000002,
            "import_mean": 21.848273000000002,
            "import_p50": 21.848273000000002,
            "import_p75": 0.0,
            "import_p90": 21.848273000000002,
            "import_p99": 0.0,
            "import_std_dev": 0.0
        }
    },
    "state_diff": {
        "roots": {
            "exp": "0x38db10c4234a8c7fdbf161f7e176a81bdae56692a371f2ef3fcf056a8eb97e23",
            "got": "0x14f0dccb97ce3cb383a9b3c54011f480fe8951047c9b8e1baf1dc94dabd6fcbc"
        },
        "keyvals": [
            {
                "key": "0x03000000000000000000000000000000000000000000000000000000000000",
                "diff": {
                    "exp": "0x083f14393b13a5eaee95497e8b4910afd63e8c6af4b992c9a66189834cf0d8cd11675f9e53123c83ddcdb2c1f5231f13646378aefc83837a4571d052ac8001483776fd8dda20794e6884c3ea5105ebe002cb1f75942569cf053d0a5957d97b6e9f01126ba568d262f810e55c7c87334721abbb469efcb978ca85f2c47bf860bee91b00000000000000000000000000000000000000000000000000000000000000007433c88ebe587527a6204c35df52b0b87f19673e248d93edfd3c8a01ea975337b4c11951957c6f8f642c4af61cd6b24640fec6dc7fc607ee8206a99e92410d303546f4a267c552c639b736c50d1532accdb5c81d279567295c64c97ff02b69f7016a48302b61dffe97ed30a7b6f80af661c91b8cbd82fc8855271c9f58a7041ba900000000000000000000000000000000000000000000000000000000000000000c13b76c0e97342e2c93b2acf60f2eb0c03d4fb24b8d2444f3a9782b555fcdd5e884038e46068eaab1df24317c855e78fe94335d4adb7aa6c62920ce1352eed70de55adc3f71ed910f1fda57f9ad53c433203f3e0e68a352afdcea07f1cca579010315bab7440c2fa1912cd28c9ee30f987bfcbb930aa1e1240b568a763958067300000000000000000000000000000000000000000000000000000000000000003e879a2d5f87f22cbc92b93abb0912ff4d070287a269e8c841eb5fe39da8271cfee77aea940e38601cb828d2878308e32529f8382cf85f7a29b75f1c826985bcb523e29c07bdeb65b84daa2b2a5b80739fcb898ec07ec8bc1bb7372a576361b200cf8cf1bce744f57d86e6a22e00d0d1905e7bc5d85dfa66b2dbc0403750fc15732fc9a372a65e2341f5e92ca21944a87986a3ff07b5c5cbabd6f36187ff1436f30d8bb1cf6ab38fda0427ae3aad466c2b066366f060a6b25671ae30ce87a708d9014584e86b4befa4dc5385ff336340445057d5ab109c83eac2a05effb4b4d8588f00000000000000000000000000000000000000000000000000000000000000007c77d2d66773cc9b92d94b92d1e2701f6a619d80bd8aaa301106e9763a59d8607d8e47dfece76392e668c266eb25294581c970fcd78bc075de282ae8ecf88b57a30ebabe210ddbeecfe2dc1c1e45aaad6b094882d25411d97e86f3db529b661d0227543982411ed171e6e3483166c0dc94bdfbdace907902c0acd285cbc6c0c30d0000000000000000000000000000000000000000000000000000000000000000b2874139559cebb63e6b9ee6817041f43fc156edc23b0ec1cf0bcefd87b7002f000000000000000000000000000000000000000000000000000000000000000001a61777f5ad786322e414feaf5eb89fc4aedda8ccce33d31b58fa514181850c34f7482ed8f55bfa9fe60c314cb511e5f31f3ca13efa195d0534796c038fd7aac708a6ceb97366f0b9f63c471a7841523e8f66ab3750c31f1837b65ef6e3fab501ba1dd58f8d6db0931241623d40fbb354340e8251898e28ecc14ff39724a1eb6e0000000000000000000000000000000000000000000000000000000000000000c4cf1c95c8f1079bd238ed95d873305c2133bf8348a31321d4c59f8b5a7ffd40927adc6b4854f7e7cfce9ecbe6e5cba7d7e8150d554c9a6c8cdd163e8d32b7720000000000000000000000000000000000000000000000000000000000000000013f33f81535df761449c499216eeb449f1a76776283736038b46bb66e79d6edcc0000000000000000000000000000000000000000000000000000000000000000040001ad3228b676f7d3cd4284a5443f17f1962b36e491b30a40b2405849e597ba5fb500017d8e47dfece76392e668c266eb25294581c970fcd78bc075de282ae8ecf88b57",
                    "got": "0x083f14393b13a5eaee95497e8b4910afd63e8c6af4b992c9a66189834cf0d8cd11675f9e53123c83ddcdb2c1f5231f13646378aefc83837a4571d052ac8001483776fd8dda20794e6884c3ea5105ebe002cb1f75942569cf053d0a5957d97b6e9f01126ba568d262f810e55c7c87334721abbb469efcb978ca85f2c47bf860bee91b00000000000000000000000000000000000000000000000000000000000000007433c88ebe587527a6204c35df52b0b87f19673e248d93edfd3c8a01ea975337b4c11951957c6f8f642c4af61cd6b24640fec6dc7fc607ee8206a99e92410d303546f4a267c552c639b736c50d1532accdb5c81d279567295c64c97ff02b69f7016a48302b61dffe97ed30a7b6f80af661c91b8cbd82fc8855271c9f58a7041ba900000000000000000000000000000000000000000000000000000000000000000c13b76c0e97342e2c93b2acf60f2eb0c03d4fb24b8d2444f3a9782b555fcdd5e884038e46068eaab1df24317c855e78fe94335d4adb7aa6c62920ce1352eed70de55adc3f71ed910f1fda57f9ad53c433203f3e0e68a352afdcea07f1cca579010315bab7440c2fa1912cd28c9ee30f987bfcbb930aa1e1240b568a763958067300000000000000000000000000000000000000000000000000000000000000003e879a2d5f87f22cbc92b93abb0912ff4d070287a269e8c841eb5fe39da8271cfee77aea940e38601cb828d2878308e32529f8382cf85f7a29b75f1c826985bcb523e29c07bdeb65b84daa2b2a5b80739fcb898ec07ec8bc1bb7372a576361b200cf8cf1bce744f57d86e6a22e00d0d1905e7bc5d85dfa66b2dbc0403750fc15732fc9a372a65e2341f5e92ca21944a87986a3ff07b5c5cbabd6f36187ff1436f30d8bb1cf6ab38fda0427ae3aad466c2b066366f060a6b25671ae30ce87a708d9014584e86b4befa4dc5385ff336340445057d5ab109c83eac2a05effb4b4d8588f00000000000000000000000000000000000000000000000000000000000000007c77d2d66773cc9b92d94b92d1e2701f6a619d80bd8aaa301106e9763a59d8607d8e47dfece76392e668c266eb25294581c970fcd78bc075de282ae8ecf88b57a30ebabe210ddbeecfe2dc1c1e45aaad6b094882d25411d97e86f3db529b661d0227543982411ed171e6e3483166c0dc94bdfbdace907902c0acd285cbc6c0c30d0000000000000000000000000000000000000000000000000000000000000000b2874139559cebb63e6b9ee6817041f43fc156edc23b0ec1cf0bcefd87b7002f000000000000000000000000000000000000000000000000000000000000000001a61777f5ad786322e414feaf5eb89fc4aedda8ccce33d31b58fa514181850c34f7482ed8f55bfa9fe60c314cb511e5f31f3ca13efa195d0534796c038fd7aac708a6ceb97366f0b9f63c471a7841523e8f66ab3750c31f1837b65ef6e3fab501ba1dd58f8d6db0931241623d40fbb354340e8251898e28ecc14ff39724a1eb6e0000000000000000000000000000000000000000000000000000000000000000c4cf1c95c8f1079bd238ed95d873305c2133bf8348a31321d4c59f8b5a7ffd408b6832349adffb20d8ac313441896857c44879d9300c0b6f0963e5f1f0fdeb3a0000000000000000000000000000000000000000000000000000000000000000013f33f81535df761449c499216eeb449f1a76776283736038b46bb66e79d6edcc00000000000000000000000000000000000000000000000000000000000000000400017da18a434a2953e2e753aa25a1695bd11f0d65bfaf5e6c96e3f42afd903e539000017d8e47dfece76392e668c266eb25294581c970fcd78bc075de282ae8ecf88b57"
                }
            },
            {
                "key": "0x0d000000000000000000000000000000000000000000000000000000000000",