{
    "config": {
        "seed": "42",
        "profile": {
            "empty": null
        },
        "safrole": false,
        "max_work_items": 1,
        "max_service_keys": 10,
        "mutation_ratio": 0.1,
        "max_mutations": 0,
        "max_steps": 10000
    },
    "stats": {
        "steps": 1,
        "imported": 1,
        "import_max_step": 1,
        "import_min": 13.454686,
        "import_max": 13.454686,
        "import_mean": 13.454686,
        "import_p50": 13.454686,
        "import_p75": 0.0,
        "import_p90": 13.454686,
        "import_p99": 0.0,
        "import_std_dev": 0.0
    },
    "target": {
        "info": {
            "fuzz_version": 1,
            "fuzz_features": 2,
            "jam_version": {
                "major": 0,
                "minor": 7,
                "patch": 0
            },
            "app_version": {
                "major": 0,
                "minor": 0,
                "patch": 1
            },
            "app_name": "strawberry"
        },
        "stats": {
            "steps": 1,
            "imported": 1,
            "import_max_step": 1,
            "import_min": 287.65338499999996,
            "import_max": 287.65338499999996,
            "import_mean": 287.65338499999996,
            "import_p50": 287.65338499999996,
            "import_p75": 0.0,
            "import_p90": 287.65338499999996,
            "import_p99": 0.0,
            "import_std_dev": 0.0
        }
    },
    "state_diff": {
        "roots": {
            "exp": "0x9f81e186022d2c79fd26fe66b60d22b0b7a4ce7487434472f438ddfd858a4429",
            "got": "0x9818bed6a72e000d3163c28efc9595c73c86db0ca486aa39bf93b76d23920298"
        },
        "keyvals": [
            {
                "key": "0x03000000000000000000000000000000000000000000000000000000000000",
                "diff": {
                    "exp": "0x08ceaa833fc07e738f41f74c6574383842faf0b0e9df6fb1f75f408839cbe8bb54c21f17a11acfed14d0aeec2c322d8ba3ccc197391e2a14f3d6af4ace4e15c488d23d9a6b6de845fdaed5f7beb051f528bf37e796bdd9d832ad5fbfdfc107024f018a7947b4bb6edcb534cfaa0d1405da21bef82fe5ef31d3059b5fe05b41a292670000000000000000000000000000000000000000000000000000000000000000b6028d5fe49b34820ee08464a828618e56c1ce0bed67856ee2a9131afa4f44935b4238d68f523e268d8e5f802000ff7f49a6106e45ee099676970570b33316eefc16ea82313bb866453a27f06e571381a318b598eedf02bced035733e690ed600194531508ba7f19f18b26a519f82a300dfbab798086bb7fb136072eddf8e8dfa70000000000000000000000000000000000000000000000000000000000000000dc92032c0f8f091ba734365d5a4a361a655bf77eefba18ab4d39c0c5fe8973f9412906fb12f60b35b956adc31700979f60ce726e47fd2284634077a2e2094417e16053e81b34d2cec54eaaf44b4319a04898f1259264e3c4edb56f44eb8f58000213d7e27d23c5f8ae1ab50478b05689d8650a2f3bae0393bc422e4382b3ddfaa40000000000000000000000000000000000000000000000000000000000000000c20042a2453c0bb09dfccebbe8bcb7f30402350fd1f5cfcd0f5d2f5a7aa5e4b00000000000000000000000000000000000000000000000000000000000000000047ebf92b70ec55fe605c1745c3144ea010f8a7226271ba4a87be9293a6d7c9e9d40ae01ab293da90a2df26ee3d32d080a7382d104c6012137732453ae8d4a031671364e451b5a9788adcc7072b6130800b9519f4fb95114858e719d3877adee010277d7fdd77af26c32defdf04b34146118ad8cedc4620b31006fcade592245660000000000000000000000000000000000000000000000000000000000000000d41dfe6dfc9f99987ebc1aed260c5e1d1c1d1b777a9329be1462a5a5cb467653962eea61ab3f29bf34eba724aba5b343d2cbc7f8587bac4af6b9dfd1a64c8681aa2ab0a1c4300b7a6288338e3f17e74c751034f7fdfaa4127b7b93508cd397e00058b91fd0e319dca32cf8bdf42677e61c9e268bb9e7b843d4a3d06b095ba2fe9f11a379a701a1efc87847645f18e856751fa5d4e04e29156702553ddab34aac36e959eadecf259af823bf713e69e8ff28dda9c003938d8c13e9780157b3bf46150192806ebe48b14b322858b75a04648f08d26fde4dfb253cde28853088552b72b80000000000000000000000000000000000000000000000000000000000000000a347872fa6ee7f65102ca0bd62f729a0471d0668ca218c1c35bfa0738e5dd35eb7bff5df6edd291f4c5ecfa5e7fe648317f2b01b499921ea2271b04388b4abf52bb8163eb4cf7da60a603a49f19f39c1f225a0bdaf095f6d0fd5fb5936c2c2c10169fe28c4d94ca53770bccead954529cb7ece0fd05bd01e0dc659c5dbb63e6a060000000000000000000000000000000000000000000000000000000000000000a1778c5fcba878ea201bb6c41bb306c5463f59f14d82049ecd44d41739520a0ffcd944e6dfe8fc2268c4dd6d868fb3b14b7e18887295f1efe9eed532829c4a15000000000000000000000000000000000000000000000000000000000000000000070001d7a06e91712b9e19406551f2bfa672dafac5ae17a8640a9132375bc3192f3add01cdc4a5821fd46db157e42958b10e7d4789b015557c3a4db4eba819d846b29f99018ea317f296c2df062da8219450c8b064c9420dc06fe08542f4a9b7dfe170fda80001c8cb38785ec8d2917a664100b57e57e4ad04e2bc1e8c1b05fc7f4e0bc395276101a10519bdf9701ab1a6747ec01719201c5e15e10c4f0310d7f1fb271b67ae3efa",
                    "got": "0x08ceaa833fc07e738f41f74c6574383842faf0b0e9df6fb1f75f408839cbe8bb54c21f17a11acfed14d0aeec2c322d8ba3ccc197391e2a14f3d6af4ace4e15c488d23d9a6b6de845fdaed5f7beb051f528bf37e796bdd9d832ad5fbfdfc107024f018a7947b4bb6edcb534cfaa0d1405da21bef82fe5ef31d3059b5fe05b41a292670000000000000000000000000000000000000000000000000000000000000000b6028d5fe49b34820ee08464a828618e56c1ce0bed67856ee2a9131afa4f44935b4238d68f523e268d8e5f802000ff7f49a6106e45ee099676970570b33316eefc16ea82313bb866453a27f06e571381a318b598eedf02bced035733e690ed600194531508ba7f19f18b26a519f82a300dfbab798086bb7fb136072eddf8e8dfa70000000000000000000000000000000000000000000000000000000000000000dc92032c0f8f091ba734365d5a4a361a655bf77eefba18ab4d39c0c5fe8973f9412906fb12f60b35b956adc31700979f60ce726e47fd2284634077a2e2094417e16053e81b34d2cec54eaaf44b4319a04898f1259264e3c4edb56f44eb8f58000213d7e27d23c5f8ae1ab50478b05689d8650a2f3bae0393bc422e4382b3ddfaa40000000000000000000000000000000000000000000000000000000000000000c20042a2453c0bb09dfccebbe8bcb7f30402350fd1f5cfcd0f5d2f5a7aa5e4b00000000000000000000000000000000000000000000000000000000000000000047ebf92b70ec55fe605c1745c3144ea010f8a7226271ba4a87be9293a6d7c9e9d40ae01ab293da90a2df26ee3d32d080a7382d104c6012137732453ae8d4a031671364e451b5a9788adcc7072b6130800b9519f4fb95114858e719d3877adee010277d7fdd77af26c32defdf04b34146118ad8cedc4620b31006fcade592245660000000000000000000000000000000000000000000000000000000000000000d41dfe6dfc9f99987ebc1aed260c5e1d1c1d1b777a9329be1462a5a5cb467653962eea61ab3f29bf34eba724aba5b343d2cbc7f8587bac4af6b9dfd1a64c8681aa2ab0a1c4300b7a6288338e3f17e74c751034f7fdfaa4127b7b93508cd397e00058b91fd0e319dca32cf8bdf42677e61c9e268bb9e7b843d4a3d06b095ba2fe9f11a379a701a1efc87847645f18e856751fa5d4e04e29156702553ddab34aac36e959eadecf259af823bf713e69e8ff28dda9c003938d8c13e9780157b3bf46150192806ebe48b14b322858b75a04648f08d26fde4dfb253cde28853088552b72b80000000000000000000000000000000000000000000000000000000000000000a347872fa6ee7f65102ca0bd62f729a0471d0668ca218c1c35bfa0738e5dd35eb7bff5df6edd291f4c5ecfa5e7fe648317f2b01b499921ea2271b04388b4abf52bb8163eb4cf7da60a603a49f19f39c1f225a0bdaf095f6d0fd5fb5936c2c2c10169fe28c4d94ca53770bccead954529cb7ece0fd05bd01e0dc659c5dbb63e6a060000000000000000000000000000000000000000000000000000000000000000a1778c5fcba878ea201bb6c41bb306c5463f59f14d82049ecd44d41739520a0fe1c6d16fba62c436c78b11f7d24105a203ad3f3d254271d9f54afb75c569566300000000000000000000000000000000000000000000000000000000000000000007000170520c1ddb0357704323f84799be147b004a40fbe20a4e2b095c52a88b65944201cdc4a5821fd46db157e42958b10e7d4789b015557c3a4db4eba819d846b29f99018ea317f296c2df062da8219450c8b064c9420dc06fe08542f4a9b7dfe170fda80001c8cb38785ec8d2917a664100b57e57e4ad04e2bc1e8c1b05fc7f4e0bc395276101a10519bdf9701ab1a6747ec01719201c5e15e10c4f0310d7f1fb271b67ae3efa"
                }
            },
            {
                "key": "0x0d000000000000000000000000000000000000000000000000000000000000",