{
    "config": {
        "seed": "42",
        "max_steps": 4294967295,
        "safrole": false,
        "profile": {
            "full": null
        },
        "fuzzy_profile": {
            "full": null
        },
        "max_work_items": 3,
        "max_service_keys": 10,
        "mutation_ratio": 0.0,
        "max_mutations": 0
    },
    "stats": {
        "steps": 1,
        "imported": 1,
        "import_max_step": 1,
        "import_min": 6.028628,
        "import_max": 6.028628,
        "import_mean": 6.028628,
        "import_p50": 6.028628,
        "import_p75": 0.0,
        "import_p90": 6.028628,
        "import_p99": 0.0,
        "import_std_dev": 0.0
    },
    "target": {
        "info": {
            "fuzz_version": 1,
            "fuzz_features": 2,
            "jam_version": {
                "major": 0,
                "minor": 7,
                "patch": 1
            },
            "app_version": {
                "major": 0,
                "minor": 2,
                "patch": 0
            },
            "app_name": "@typeberry/jam"
        },
        "stats": {
            "steps": 1,
            "imported": 1,
            "import_max_step": 1,
            "import_min": 92.53276000000001,
            "import_max": 92.53276000000001,
            "import_mean": 92.53276000000001,
            "import_p50": 92.53276000000001,
            "import_p75": 0.0,
            "import_p90": 92.53276000000001,
            "import_p99": 0.0,
            "import_std_dev": 0.0
        }
    },
    "diff": {
        "state": {
            "roots": {
                "exp": "0xf11167d8876c442f8b69f6a36402cc130b7d003113d593ac2519231fe11fc2dc",
                "got": "0xf068da2046520837c292e157c05552e688e67b6bd9df54782e5e9dda56e825ff"
            },
            "keyvals": [
                {
                    "key": "0x00450019006a0051135ef0225518c5ddc999419ffbf52cf2d4213d55af782e",
                    "diff": {
                        "exp": "0x01000000",
                        "got": "0x"
                    }
                },
                {
                    "key": "0x00f00078008e0099cd2569e9ccf2045b86062b3e1b16723b5cd83807dab284",
                    "diff": {
                        "exp": "0x00000000ba50000000000000726566696c6c0000000000000000000000000000000000000000000000000000000000000000000000000000000000000000000000000000000000000000000000000000000000000000000000000000000000000000000000000000000000000000000000000000000000000000000000000000000000000000000000000000",
                        "got": "0x"
                    }
                },
                {
                    "key": "0x0d000000000000000000000000000000000000000000000000000000000000",
                    "diff": {
                        "exp": "0x010000000000000000000000000000000200000004000000000000000000000000000000000000000200000003000000010000000000000000000000000000000200000003000000020000000000000000000000000000000200000003000000000000000000000000000000000000000200000003000000010000000000000000000000000000000200000003000000000000000000000000000000000000000000000000000000000000000000000000000000000000000000000000000000000000000000000000000000000000000000000000000000000000000000000000000000000000000000000000000000000000000000000000000000000000000000000000000000000000000000000000000000000000000000000000000000000000000000817ba165817b050000000081a8b28d0100000000000002c0f2530000000001c013d4",
                        "got": "0x010000000000000000000000000000000200000004000000000000000000000000000000000000000200000003000000010000000000000000000000000000000200000003000000020000000000000000000000000000000200000003000000000000000000000000000000000000000200000003000000010000000000000000000000000000000200000003000000000000000000000000000000000000000000000000000000000000000000000000000000000000000000000000000000000000000000000000000000000000000000000000000000000000000000000000000000000000000000000000000000000000000000000000000000000000000000000000000000000000000000000000000000000000000000000000000000000000000000817ba165817b050000000081a8b28d0100000000000002c0f2530000000001c0d8ad"
                    }
                },
                {
                    "key": "0xff000000000000000000000000000000000000000000000000000000000000",
                    "diff": {
                        "exp": "0x0069076f38642f87e2037a88d4a583b03703c744af1f02bd0bbd7df93ce1ef8f6ca91cf4ffffffffff0a000000000000000a00000000000000151a020000000000ffffffffffffffff08000000000000000500000000000000",
                        "got": "0x0069076f38642f87e2037a88d4a583b03703c744af1f02bd0bbd7df93ce1ef8f6cefcbf3ffffffffff0a000000000000000a000000000000002a19020000000000ffffffffffffffff06000000000000000500000000000000"
                    }
                }
            ]
        }
    }
}