{
    "config": {
        "seed": "42",
        "profile": {
            "empty": null
        },
        "safrole": false,
        "max_work_items": 1,
        "max_service_keys": 10,
        "mutation_ratio": 0.1,
        "max_mutations": 0,
        "max_steps": 10000
    },
    "stats": {
        "steps": 1,
        "imported": 1,
        "import_max_step": 1,
        "import_min": 15.846563000000002,
        "import_max": 15.846563000000002,
        "import_mean": 15.846563000000002,
        "import_p50": 15.846563000000002,
        "import_p75": 0.0,
        "import_p90": 15.846563000000002,
        "import_p99": 0.0,
        "import_std_dev": 0.0
    },
    "target": {
        "info": {
            "fuzz_version": 1,
            "fuzz_features": 0,
            "jam_version": {
                "major": 0,
                "minor": 7,
                "patch": 0
            },
            "app_version": {
                "major": 0,
                "minor": 1,
                "patch": 12
            },
            "app_name": "FastRoll"
        },
        "stats": {
            "steps": 1,
            "imported": 1,
            "import_max_step": 1,
            "import_min": 23.959887,
            "import_max": 23.959887,
            "import_mean": 23.959887,
            "import_p50": 23.959887,
            "import_p75": 0.0,
            "import_p90": 23.959887,
            "import_p99": 0.0,
            "import_std_dev": 0.0
        }
    },
    "state_diff": {
        "roots": {
            "exp": "0xee0e1c762a776a2443b02c6ae584673a48343c860b6c00fbb7fdb58e784f0604",
            "got": "0x05ee801b71112456790b5beeb766ad51267a4b6e4847273c71fc2cab47616bee"
        },
        "keyvals": [
            {
                "key": "0x0d000000000000000000000000000000000000000000000000000000000000",
                "diff": {
                    "exp": "0x02000000000000000000000000000000060000000900000002000000000000000000000000000000040000000a00000001000000000000000000000000000000040000000900000001000000000000000000000000000000040000000900000002000000000000000000000000000000060000000800000002000000000000000000000000000000060000000a00000001000000000000000000000000000000040000000a00000003000000000000000000000000000000040000000700000002000000000000000000000000000000040000000900000003000000000000000000000000000000020000000a00000000000000000000000000000000000000020000000900000003000000000000000000000000000000020000000800000081f10600000000812e924a00000000000000000678a7db6b000000000000000001ad640000cca7db6b000000000000000001c0c05a0000f6a7db6b000001890f0000000001c1a60400008c2ae7be000000000000000001c075590000b62ae7be000000000000000001ad1c0000e02ae7be000001893b0000000000000000",
                    "got": "0x02000000000000000000000000000000060000000900000002000000000000000000000000000000040000000a00000001000000000000000000000000000000040000000900000001000000000000000000000000000000040000000900000002000000000000000000000000000000060000000800000002000000000000000000000000000000060000000a00000001000000000000000000000000000000040000000a00000003000000000000000000000000000000040000000700000002000000000000000000000000000000040000000900000003000000000000000000000000000000020000000a00000000000000000000000000000000000000020000000900000003000000000000000000000000000000020000000800000081f10600000000812e924a00000000000000000678a7db6b000000000000000001ad640000cca7db6b000000000000000001c0d15c0000f6a7db6b000001890f0000000001c1a60400008c2ae7be000000000000000001c075590000b62ae7be000000000000000001ad1c0000e02ae7be000001893b0000000000000000"
                }
            },
            {
                "key": "0xccfba7e0db5b6b2ca8ef0817d0017dd82acddc1feb98d9ba4ba30fe3972cf1",
                "diff": {
                    "exp": "0xffffffffffffffff0000000000000000",
                    "got": "0xfffffffffffffffff90d010000000000"
                }
            }
        ]
    },
    "import_diff": null
}
