{
    "config": {
        "seed": "42",
        "profile": {
            "empty": null
        },
        "safrole": false,
        "max_work_items": 1,
        "max_service_keys": 10,
        "mutation_ratio": 0.1,
        "max_mutations": 0,
        "max_steps": 10000
    },
    "stats": {
        "steps": 1,
        "imported": 1,
        "import_max_step": 1,
        "import_min": 16.847617,
        "import_max": 16.847617,
        "import_mean": 16.847617,
        "import_p50": 16.847617,
        "import_p75": 0.0,
        "import_p90": 16.847617,
        "import_p99": 0.0,
        "import_std_dev": 0.0
    },
    "target": {
        "info": {
            "fuzz_version": 1,
            "fuzz_features": 2,
            "jam_version": {
                "major": 0,
                "minor": 7,
                "patch": 0
            },
            "app_version": {
                "major": 0,
                "minor": 0,
                "patch": 1
            },
            "app_name": "strawberry"
        },
        "stats": {
            "steps": 1,
            "imported": 1,
            "import_max_step": 1,
            "import_min": 47.833414999999995,
            "import_max": 47.833414999999995,
            "import_mean": 47.833414999999995,
            "import_p50": 47.833414999999995,
            "import_p75": 0.0,
            "import_p90": 47.833414999999995,
            "import_p99": 0.0,
            "import_std_dev": 0.0
        }
    },
    "state_diff": {
        "roots": {
            "exp": "0xc97ca1e37a86315a5d72aad2ca17a2c896dee59441dfdc643eda90f00dfcc5e6",
            "got": "0xa254241a1ebb9c46c60dbb74056c2c09e6e6610e7a8dbc1bd3f1a87e9f4900af"
        },
        "keyvals": [
            {
                "key": "0x03000000000000000000000000000000000000000000000000000000000000",
                "diff": {
                    "exp": "0x08f19eb671f08c48eb7bdfe113f17b1c2a6a328faff091ba64cff1cc9249f20d5a1f51f0f257e568e7c4d38a440650db56cdf18a4b1dc9a681374b7a50bcb739c9c29e101c52dd4507cccd21b5f248b8c8203af0792ecf4047138b50458c70ccfa01b72d2c1806622d0c44915d142df86ee9ce0f7bef5eb30305f2df6c675bcac34d0000000000000000000000000000000000000000000000000000000000000000d022b5a11c8331916ebe34957e7d3f1360cae1ee1bcd7149af9ab3231d35badb597e8d588033d55af4b1077baf908d9f152177aca15fa134a95b6fc658d9b33a8e2ee51d6d9a92471d05a9f751a1cf5537a9c7363fc999f99ab9159f04513c68008841906bea852f696d44c766d9ae2f775820d2c401fd7e05cdfd0d6114bbb72ace33844d47fd4aeca96412972314b4062c3bfbfc538eefc4cc54451615bf080e6dd1dbb45966b012c9209095849e477138c70a5ec5166b51e40bc384d2bfc33e01e7310980a30a5501c2e9aeb5615c454dd71a62193f966993a2b36fdda7d9107500000000000000000000000000000000000000000000000000000000000000004e303b25c9953ee33e8a1be7521614a4a96527a6680f69b1af54f42b9cfd7f59fede92a83226d38ef7b3b567b175e292b1b89c5d6ae362ed70c708081535e17ef55e4195848cce89795db484168c68d3c3f22235d2342a2f15cca31cc9e84bb8000a8a92c88a2e23fb692f55cffeb1fb23f9449bf0068305b7e21509e4e1b667caa65daa10c8ed9eb8dab3cf4cd3a22046c502381bea3a849cb5eb727046f6ef1c31930a30454c61293fc5767fff0efcfbda19f80aef1510d1151fa93e6609f1ac00e5738313e2876be80e98ac7f28666a3f3f0512fafd590d408caa195cb6342157b90e929c31a3930c8b30f4e6c506f533450c273af7a78405244d40325c7da66808c3168f1f6da099908cdea437e587b14eb59af60996fb90a15e7b843e71757b029341b1ac6d0277d0e560f6e97172757d87c38908fd661133a6bc5f0987deda140000000000000000000000000000000000000000000000000000000000000000f4fa61c32371647a27f52e6ce862c0ca663b13d22c9007c300cd50fbe32a92570000000000000000000000000000000000000000000000000000000000000000499b9fe6c012fcb97f56f6b796a749e8558337c0aa91b182e106ea8e588d6976f903cb55143e04fcc2d756edf206f100f0692cddecc5dddfaa01bcabf9b80af39db43aee95e0c1f31468a7f3befa39fe2b52512e33470841e68eae93f96c51e300f979b3e42ee537fa9e5ecc5e5ff9d659d715e642094f26607e52ccfc59548b7926da90942138666a25be549a707d8945873fe9e1cd3e51f22d1b06baaed1528b0000000000000000000000000000000000000000000000000000000000000000019e8c2b7ee6e25ea0bd052b8ae6cce9a8c051ebbb969cb059cbc749ed857125f900000000000000000000000000000000000000000000000000000000000000000501000000000000000000000000000000000000000000000000000000000000000001ad3228b676f7d3cd4284a5443f17f1962b36e491b30a40b2405849e597ba5fb5000001a65daa10c8ed9eb8dab3cf4cd3a22046c502381bea3a849cb5eb727046f6ef1c",
                    "got": "0x08f19eb671f08c48eb7bdfe113f17b1c2a6a328faff091ba64cff1cc9249f20d5a1f51f0f257e568e7c4d38a440650db56cdf18a4b1dc9a681374b7a50bcb739c9c29e101c52dd4507cccd21b5f248b8c8203af0792ecf4047138b50458c70ccfa01b72d2c1806622d0c44915d142df86ee9ce0f7bef5eb30305f2df6c675bcac34d0000000000000000000000000000000000000000000000000000000000000000d022b5a11c8331916ebe34957e7d3f1360cae1ee1bcd7149af9ab3231d35badb597e8d588033d55af4b1077baf908d9f152177aca15fa134a95b6fc658d9b33a8e2ee51d6d9a92471d05a9f751a1cf5537a9c7363fc999f99ab9159f04513c68008841906bea852f696d44c766d9ae2f775820d2c401fd7e05cdfd0d6114bbb72ace33844d47fd4aeca96412972314b4062c3bfbfc538eefc4cc54451615bf080e6dd1dbb45966b012c9209095849e477138c70a5ec5166b51e40bc384d2bfc33e01e7310980a30a5501c2e9aeb5615c454dd71a62193f966993a2b36fdda7d9107500000000000000000000000000000000000000000000000000000000000000004e303b25c9953ee33e8a1be7521614a4a96527a6680f69b1af54f42b9cfd7f59fede92a83226d38ef7b3b567b175e292b1b89c5d6ae362ed70c708081535e17ef55e4195848cce89795db484168c68d3c3f22235d2342a2f15cca31cc9e84bb8000a8a92c88a2e23fb692f55cffeb1fb23f9449bf0068305b7e21509e4e1b667caa65daa10c8ed9eb8dab3cf4cd3a22046c502381bea3a849cb5eb727046f6ef1c31930a30454c61293fc5767fff0efcfbda19f80aef1510d1151fa93e6609f1ac00e5738313e2876be80e98ac7f28666a3f3f0512fafd590d408caa195cb6342157b90e929c31a3930c8b30f4e6c506f533450c273af7a78405244d40325c7da66808c3168f1f6da099908cdea437e587b14eb59af60996fb90a15e7b843e71757b029341b1ac6d0277d0e560f6e97172757d87c38908fd661133a6bc5f0987deda140000000000000000000000000000000000000000000000000000000000000000f4fa61c32371647a27f52e6ce862c0ca663b13d22c9007c300cd50fbe32a92570000000000000000000000000000000000000000000000000000000000000000499b9fe6c012fcb97f56f6b796a749e8558337c0aa91b182e106ea8e588d6976f903cb55143e04fcc2d756edf206f100f0692cddecc5dddfaa01bcabf9b80af39db43aee95e0c1f31468a7f3befa39fe2b52512e33470841e68eae93f96c51e300f979b3e42ee537fa9e5ecc5e5ff9d659d715e642094f26607e52ccfc59548b79fd10f35e2833819368e9197993f0dfa15e13f7b61c42575940969c208cb27d1a0000000000000000000000000000000000000000000000000000000000000000019e8c2b7ee6e25ea0bd052b8ae6cce9a8c051ebbb969cb059cbc749ed857125f90000000000000000000000000000000000000000000000000000000000000000050184c4a9ba54cf3936a5515ca035eaeca9e5143d153e5dea42bb3ff14a905af82501ad3228b676f7d3cd4284a5443f17f1962b36e491b30a40b2405849e597ba5fb5000001a65daa10c8ed9eb8dab3cf4cd3a22046c502381bea3a849cb5eb727046f6ef1c"
                }
            },
            {
                "key": "0x0d000000000000000000000000000000000000000000000000000000000000",
                "diff": {
                    "exp": "0x03000000000000000000000000000000040000000700000002000000000000000000000000000000040000000400000001000000000000000100000034660100040000000700000000000000000000000000000000000000000000000800000001000000000000000000000000000000000000000600000001000000000000000000000000000000000000000600000002000000000000000100000034660100060000000900000000000000000000000000000000000000060000000900000001000000000000000000000000000000060000000700000004000000000000000500000004ff0600040000000700000002000000000000000000000000000000040000000800000002000000000000000500000004ff060004000000090000000003000000000000820506000000008192925006dbdd0e140000000000000000000002b3a50a48ced3000001891200000000000000003448ced3000000000000000001c09767019da6068d0ed5000000000000000001c0cc640000308d0ed5000000000000000001c064630000848d0ed5000001893e0000000000000000",