{
    "config": {
        "seed": "ddd",
        "max_steps": 10000,
        "safrole": false,
        "profile": {
            "fuzzy": null
        },
        "fuzzy_profile": {
            "rand": null
        },
        "max_work_items": 5,
        "mutation_ratio": 0.1,
        "max_mutations": 3
    },
    "stats": {
        "steps": 3,
        "imported": 1,
        "import_max_step": 3,
        "import_min": 1.541133,
        "import_max": 1.541133,
        "import_mean": 1.541133,
        "import_p50": 1.541133,
        "import_p75": 0.0,
        "import_p90": 1.541133,
        "import_p99": 0.0,
        "import_std_dev": 0.0
    },
    "target": {
        "info": {
            "fuzz_version": 1,
            "fuzz_features": 2,
            "jam_version": {
                "major": 0,
                "minor": 7,
                "patch": 1
            },
            "app_version": {
                "major": 0,
                "minor": 3,
                "patch": 4
            },
            "app_name": "duna-target"
        },
        "stats": {
            "steps": 3,
            "imported": 1,
            "import_max_step": 3,
            "import_min": 55.819344,
            "import_max": 55.819344,
            "import_mean": 55.819344,
            "import_p50": 55.819344,
            "import_p75": 0.0,
            "import_p90": 55.819344,
            "import_p99": 0.0,
            "import_std_dev": 0.0
        }
    },
    "diff": {
        "state": {
            "roots": {
                "exp": "0xa7abf9d78090fa34e7240977b522fd2b9961e2ccfcbe90de7a2e45d4129a7552",
                "got": "0x3feac13bec133ed46aa33b78a151e056ed3c82e70a819ab4c00d8a04dc971a29"
            },
            "keyvals": [
                {
                    "key": "0x0d000000000000000000000000000000000000000000000000000000000000",
                    "diff": {
                        "exp": "0x01000000000000000000000000000000000000000000000000000000000000000000000000000000010000000000000000000000000000000000000000000000010000000000000000000000000000000000000000000000010000000000000000000000000000000000000000000000000000000000000000000000000000000000000000000000000000000000000000000000000000000000000000000000000000000000000000000000000000000000000000000000000000000000000000000000000000000000000000000000000000000000000000000000000000000000000000000000000000000000000000000000000000000000000000000000000000000000000000000000000000000000000000000000000000000000000000000028893100935ec05ec300000000000000000100000000000005c05ec300288931000000",
                        "got": "0x01000000000000000000000000000000000000000000000000000000000000000000000000000000010000000000000000000000000000000000000000000000010000000000000000000000000000000000000000000000010000000000000000000000000000000000000000000000000000000000000000000000000000000000000000000000000000000000000000000000000000000000000000000000000000000000000000000000000000000000000000000000000000000000000000000000000000000000000000000000000000000000000000000000000000000000000000000000000000000000000000000000000000000000000000000000000000000000000000000000000000000000000000000000000000000000000000000000893128935ec05ec300000000000000000100000000000005c05ec300008931280000"
                    }
                }
            ]
        }
    }
}