{
    "config": {
        "seed": "42",
        "profile": {
            "empty": null
        },
        "safrole": false,
        "max_work_items": 1,
        "max_service_keys": 10,
        "mutation_ratio": 0.1,
        "max_mutations": 0,
        "max_steps": 10000
    },
    "stats": {
        "steps": 1,
        "imported": 1,
        "import_max_step": 1,
        "import_min": 12.899922,
        "import_max": 12.899922,
        "import_mean": 12.899922,
        "import_p50": 12.899922,
        "import_p75": 0.0,
        "import_p90": 12.899922,
        "import_p99": 0.0,
        "import_std_dev": 0.0
    },
    "target": {
        "info": {
            "fuzz_version": 1,
            "fuzz_features": 2,
            "jam_version": {
                "major": 0,
                "minor": 2,
                "patch": 11
            },
            "app_version": {
                "major": 0,
                "minor": 7,
                "patch": 0
            },
            "app_name": "jam-duna-target"
        },
        "stats": {
            "steps": 1,
            "imported": 1,
            "import_max_step": 1,
            "import_min": 206.329344,
            "import_max": 206.329344,
            "import_mean": 206.329344,
            "import_p50": 206.329344,
            "import_p75": 0.0,
            "import_p90": 206.329344,
            "import_p99": 0.0,
            "import_std_dev": 0.0
        }
    },
    "state_diff": {
        "roots": {
            "exp": "0x38db10c4234a8c7fdbf161f7e176a81bdae56692a371f2ef3fcf056a8eb97e23",
            "got": "0x3cfac10eda6f3d8f86daddda44b854b9dddf1810e5bd922a2aa652eae9a52074"
        },
        "keyvals": [
            {
                "key": "0x6e29292ce1d10240bc50d602526f4b46e8aca90eb8c77c165b6497cae7625f",
                "diff": {
                    "exp": "0x",
                    "got": "0x01000000"
                }
            },
            {
                "key": "0x6e8b29fee148020d75a39350dba161af70e6468719f1ae681fcb0c24988aa0",
                "diff": {
                    "exp": "0x",
                    "got": "0x1162980000000000"
                }
            },
            {
                "key": "0x6e8e2926e14e028f29a461f8df4e2eb581d5d6416d011dd2ca3793fa4e263b",
                "diff": {
                    "exp": "0x02060563616c6c730a09636f64655f68617368",
                    "got": "0x03060563616c6c730a09636f64655f686173680d0c686f737463616c6c2d676173"
                }
            },
            {
                "key": "0xff6e002900e100020000000000000000000000000000000000000000000000",
                "diff": {
                    "exp": "0x9263736b6e664b69804cb64ca3880e000b848c55bd022b73a821733597eb017f678c02000000000010270000000000001027000000000000a93f010000000000000000000000000005000000040000000a00000000000000",
                    "got": "0x9263736b6e664b69804cb64ca3880e000b848c55bd022b73a821733597eb017f678c020000000000102700000000000010270000000000001540010000000000000000000000000007000000040000000a00000000000000"
                }
            }
        ]
    },
    "import_diff": null
}
