{
    "config": {
        "seed": "42",
        "profile": {
            "Empty": null
        },
        "safrole": false,
        "max_work_items": 1,
        "max_service_keys": 10,
        "mutation_ratio": 0.1,
        "max_mutations": 0,
        "max_steps": 10000
    },
    "stats": {
        "steps": 0,
        "imported": 0,
        "import_max_step": 0,
        "import_min": 0.0,
        "import_max": 0.0,
        "import_mean": 0.0,
        "import_p50": 0.0,
        "import_p75": 0.0,
        "import_p90": 0.0,
        "import_p99": 0.0,
        "import_std_dev": 0.0
    },
    "target": {
        "info": {
            "name": "FastRoll",
            "app_version": {
                "major": 0,
                "minor": 1,
                "patch": 6
            },
            "jam_version": {
                "major": 0,
                "minor": 7,
                "patch": 0
            }
        },
        "stats": {
            "steps": 1,
            "imported": 1,
            "import_max_step": 1,
            "import_min": 6.1767389999999995,
            "import_max": 6.1767389999999995,
            "import_mean": 6.1767389999999995,
            "import_p50": 6.1767389999999995,
            "import_p75": 0.0,
            "import_p90": 6.1767389999999995,
            "import_p99": 0.0,
            "import_std_dev": 0.0
        }
    },
    "diff": {
        "roots": {
            "exp": "0xed1e74fbbee8563ce0ae7555adc6bd4cc0e8bf138c34bbf21d3777f5faac356a",
            "got": "0x18beb5b76e6dcccb62c324c592aa2bbf3ae40287609cea2b99fdd0f368a8537e"
        },
        "keyvals": [
            {
                "key": "0x03000000000000000000000000000000000000000000000000000000000000",
                "diff": {
                    "exp": "0x08ba62d6d013513332e869e74d465d6d8f6dd67021c3db6a3f9f01e53942b314ad18671ed85f3f9ca9d9755b9f1bcc5983f0dbf4d376d3cef091136e4afcfb96d15896972acebb8457ca0e23482e011ef886ec5cd167b0b824ebb900815773a38201979a8dc2a6a0b6a9284a8737e1b30baf84b5d00cafb913575babbb43d343002f0000000000000000000000000000000000000000000000000000000000000000b89a1e6cd2ad73de62f0762d6fa8432e44e4d55f211b5f149b8dae6200c5dfd6dccf9a2f5855ad815c6d33202e3ed4d22955f90350b31d1f69e274bc3e6bc1a73b91576626273aba26b7ab9ea6e58a606de325b2fd5066b30f545a8b2d80cda702c20de6480deacbd42b6ae07ff63a79de3ac5c3b02e4c97c644170ad856d666960000000000000000000000000000000000000000000000000000000000000000d38a73ccc21096f148dab661cf71d998df1a62394acd062b5196b043b172fc14000000000000000000000000000000000000000000000000000000000000000044fc527c9d002d76a4f33a7ff0d88947b4dc926f16aeb34a8402bb1b0b4766e39df3e95e8afcbf744ecd6dce9538af1a6b87caa51225f264f5e487f3c804b17764a0eaf1e33fde6af9db43328e2f64effdf87d035eb14351f808b43c0d90f9c7009cb658254682f3e69c57641dd9c9e33257a5bcd0615a12f789e77292baf0eb7a9c53282a542f072ebbde812e39071d5a53807de3cf0b3abb137d7d945d57fe651a9879b27f4f7630011e02ec06d82c1bb53e6df07497640cadfb2f2f8e8522a800d9bea884316a338d0bcc923824c16e2d05d18d6aaaff866a471d2ab3ae395fff717e6957fff485971f6dd1b51a789aca6695747825533562e6d39c3bf12206cc256af11cd900af764e0bd5a6947b640e85f3e8c12c288523e8bfeb0dfed28925009a01c74ed7f4f0a2b84acf9b1d0b26f944a65c4e8c02e313fdab65d890203c492195203997e75213d472aadf6e40b236dade6046d83098bd43bd408d04068e47fdeca2461f88ddeea88bd35ca170df59e80623bfc088daab85328d52aeb073680005b7ab6b49e89bb0af3bc56ebd54ae15a6edb176f6a48857b504b92262a9f13b54538583cbb65dc10e03cf038e2cb25930451cf2f604152df2b6249380a7a665d3517588c9d8e1c41faabe826d00eb70ae8c14006f4430228be9ac92b125e8a402050055478578c9389b3007a941ebaaa533b60e9ef404b40898a1762cf56139330000000000000000000000000000000000000000000000000000000000000000f4a8e207a6cf76042a13354c6d21e0b1df52c41ad984e442a8869eeb2d80457b000000000000000000000000000000000000000000000000000000000000000039659e9ebf1d372408186d70eeff91d1aabf5f92bf58c47eae26993f8063cf3910b81e70c5cf940420801fe7ae288cb8fbe5937aecd6b6118310a9fe0cd7e206000000000000000000000000000000000000000000000000000000000000000000070100000000000000000000000000000000000000000000000000000000000000000000017468235dc700dc8c842963e3e1c2ae9d5d81d1f874d3bbfb3e5f38f1e44e548e0000010baab12088c47e0ec7169e7a06a3ae44914d75927e255f078154e6b4754b244d",
                    "got": "0x08b89a1e6cd2ad73de62f0762d6fa8432e44e4d55f211b5f149b8dae6200c5dfd6dccf9a2f5855ad815c6d33202e3ed4d22955f90350b31d1f69e274bc3e6bc1a73b91576626273aba26b7ab9ea6e58a606de325b2fd5066b30f545a8b2d80cda702c20de6480deacbd42b6ae07ff63a79de3ac5c3b02e4c97c644170ad856d666960000000000000000000000000000000000000000000000000000000000000000d38a73ccc21096f148dab661cf71d998df1a62394acd062b5196b043b172fc14000000000000000000000000000000000000000000000000000000000000000044fc527c9d002d76a4f33a7ff0d88947b4dc926f16aeb34a8402bb1b0b4766e39df3e95e8afcbf744ecd6dce9538af1a6b87caa51225f264f5e487f3c804b17764a0eaf1e33fde6af9db43328e2f64effdf87d035eb14351f808b43c0d90f9c7009cb658254682f3e69c57641dd9c9e33257a5bcd0615a12f789e77292baf0eb7a9c53282a542f072ebbde812e39071d5a53807de3cf0b3abb137d7d945d57fe651a9879b27f4f7630011e02ec06d82c1bb53e6df07497640cadfb2f2f8e8522a800d9bea884316a338d0bcc923824c16e2d05d18d6aaaff866a471d2ab3ae395fff717e6957fff485971f6dd1b51a789aca6695747825533562e6d39c3bf12206cc256af11cd900af764e0bd5a6947b640e85f3e8c12c288523e8bfeb0dfed28925009a01c74ed7f4f0a2b84acf9b1d0b26f944a65c4e8c02e313fdab65d890203c492195203997e75213d472aadf6e40b236dade6046d83098bd43bd408d04068e47fdeca2461f88ddeea88bd35ca170df59e80623bfc088daab85328d52aeb073680005b7ab6b49e89bb0af3bc56ebd54ae15a6edb176f6a48857b504b92262a9f13b54538583cbb65dc10e03cf038e2cb25930451cf2f604152df2b6249380a7a665d3517588c9d8e1c41faabe826d00eb70ae8c14006f4430228be9ac92b125e8a402050055478578c9389b3007a941ebaaa533b60e9ef404b40898a1762cf56139330000000000000000000000000000000000000000000000000000000000000000f4a8e207a6cf76042a13354c6d21e0b1df52c41ad984e442a8869eeb2d80457b000000000000000000000000000000000000000000000000000000000000000039659e9ebf1d372408186d70eeff91d1aabf5f92bf58c47eae26993f8063cf3910b81e70c5cf940420801fe7ae288cb8fbe5937aecd6b6118310a9fe0cd7e206ed1e74fbbee8563ce0ae7555adc6bd4cc0e8bf138c34bbf21d3777f5faac356a009d70c3564f325684385b75628f0405ea7fe44058b197bc647cd325b67b69287f86dcdd9501cbc38c92c758228e02b6601c43d282eb1706462eac45b9366c9a5f000000000000000000000000000000000000000000000000000000000000000000070001ad3228b676f7d3cd4284a5443f17f1962b36e491b30a40b2405849e597ba5fb500017468235dc700dc8c842963e3e1c2ae9d5d81d1f874d3bbfb3e5f38f1e44e548e0000010baab12088c47e0ec7169e7a06a3ae44914d75927e255f078154e6b4754b244d"
                }
            },
            {
                "key": "0x06000000000000000000000000000000000000000000000000000000000000",
                "diff": {
                    "exp": "0xb7953ff61a4010353691441d823ac5644fa9f915486c58af5942d32566050394e0addef54af5090e41a4e62ee17815956c67d6f7e9081aaf19cb95b36cb4a9676f4bdcd7be1be331d6c059e900fe1096b5563ff9622839ee6336623c9c90b9d40b2406221ed4a3c9b3af8d80afe5962ce294ba088570f4bdc0b13f3c80e186d6",
                    "got": "0x2d04f253793b9d45b509df457beb2e90627de12842bc19a6c2ab390b5e89588be0addef54af5090e41a4e62ee17815956c67d6f7e9081aaf19cb95b36cb4a9676f4bdcd7be1be331d6c059e900fe1096b5563ff9622839ee6336623c9c90b9d40b2406221ed4a3c9b3af8d80afe5962ce294ba088570f4bdc0b13f3c80e186d6"
                }
            },
            {
                "key": "0x0b000000000000000000000000000000000000000000000000000000000000",
                "diff": {
                    "exp": "0x49000000",
                    "got": "0x4a000000"
                }
            },
            {
                "key": "0x0d000000000000000000000000000000000000000000000000000000000000",