{
    "config": {
        "seed": "42",
        "profile": {
            "empty": null
        },
        "safrole": false,
        "max_work_items": 1,
        "max_service_keys": 10,
        "mutation_ratio": 0.1,
        "max_mutations": 0,
        "max_steps": 10000
    },
    "stats": {
        "steps": 1,
        "imported": 1,
        "import_max_step": 1,
        "import_min": 8.667332,
        "import_max": 8.667332,
        "import_mean": 8.667332,
        "import_p50": 8.667332,
        "import_p75": 0.0,
        "import_p90": 8.667332,
        "import_p99": 0.0,
        "import_std_dev": 0.0
    },
    "target": {
        "info": {
            "fuzz_version": 1,
            "fuzz_features": 0,
            "jam_version": {
                "major": 0,
                "minor": 7,
                "patch": 0
            },
            "app_version": {
                "major": 0,
                "minor": 0,
                "patch": 1
            },
            "app_name": "gossamer-jam"
        },
        "stats": {
            "steps": 1,
            "imported": 1,
            "import_max_step": 1,
            "import_min": 139.18014200000002,
            "import_max": 139.18014200000002,
            "import_mean": 139.18014200000002,
            "import_p50": 139.18014200000002,
            "import_p75": 0.0,
            "import_p90": 139.18014200000002,
            "import_p99": 0.0,
            "import_std_dev": 0.0
        }
    },
    "state_diff": {
        "roots": {
            "exp": "0xb7663c0c79f53de6d5c9e1fa49d05f54c6b8f89e4babdaefc8a34031f894d02a",
            "got": "0xd09f0d11f28926c7f89b0677f629dc55376dc4dab9279098e043ca1d2be5e83b"
        },
        "keyvals": [
            {
                "key": "0x0c000000000000000000000000000000000000000000000000000000000000",
                "diff": {
                    "exp": "0x000000000000000000000000dc8c0ed500",
                    "got": "0x0000000000000000000000000000000000"
                }
            },
            {
                "key": "0x0d000000000000000000000000000000000000000000000000000000000000",
                "diff": {
                    "exp": "0x00000000000000000000000000000000020000000300000001000000000000000000000000000000010000000300000001000000000000000000000000000000010000000300000001000000000000000000000000000000020000000300000000000000000000000000000000000000020000000200000000000000000000000000000000000000010000000300000002000000000000000000000000000000040000000800000002000000000000000000000000000000020000000a00000001000000000000000000000000000000020000000a00000002000000000000000000000000000000040000000b00000003000000000000000000000000000000040000000a00000002000000000000000000000000000000020000000900000080f306000000008173890a811305000000008113890a0400000000000000000000000001b44b0000c8faeb6b000001890a0000000000000000b199517a000000000000000001a74500000a48ced3000001890a0000000000000000",
                    "got": "0x00000000000000000000000000000000020000000300000001000000000000000000000000000000010000000300000001000000000000000000000000000000010000000300000001000000000000000000000000000000020000000300000000000000000000000000000000000000020000000200000000000000000000000000000000000000010000000300000002000000000000000000000000000000040000000800000002000000000000000000000000000000020000000a00000001000000000000000000000000000000020000000a00000002000000000000000000000000000000040000000b00000003000000000000000000000000000000040000000a00000002000000000000000000000000000000020000000900000080f306000000008173890a811305000000008113890a0400000000000000000000000001ab810000c8faeb6b000001890a0000000000000000b199517a000000000000000001a74500000a48ced3000001890a0000000000000000"
                }
            }
        ]
    },
    "import_diff": null
}
