{
    "config": {
        "seed": "42",
        "profile": {
            "empty": null
        },
        "safrole": false,
        "max_work_items": 1,
        "max_service_keys": 10,
        "mutation_ratio": 0.1,
        "max_mutations": 0,
        "max_steps": 10000
    },
    "stats": {
        "steps": 1,
        "imported": 1,
        "import_max_step": 1,
        "import_min": 8.554577,
        "import_max": 8.554577,
        "import_mean": 8.554577,
        "import_p50": 8.554577,
        "import_p75": 0.0,
        "import_p90": 8.554577,
        "import_p99": 0.0,
        "import_std_dev": 0.0
    },
    "target": {
        "info": {
            "fuzz_version": 1,
            "fuzz_features": 2,
            "jam_version": {
                "major": 0,
                "minor": 7,
                "patch": 0
            },
            "app_version": {
                "major": 0,
                "minor": 1,
                "patch": 15
            },
            "app_name": "PyJAMaz"
        },
        "stats": {
            "steps": 1,
            "imported": 1,
            "import_max_step": 1,
            "import_min": 67.78938099999999,
            "import_max": 67.78938099999999,
            "import_mean": 67.78938099999999,
            "import_p50": 67.78938099999999,
            "import_p75": 0.0,
            "import_p90": 67.78938099999999,
            "import_p99": 0.0,
            "import_std_dev": 0.0
        }
    },
    "state_diff": {
        "roots": {
            "exp": "0x04b9d6c78d31d8fdfa528ea011e314718b1e727c08a173823549b4c9b76965f9",
            "got": "0x71d06b17621b3e40bdba787ba8e29cf50fa0dfa77579bbd5baa51db4121ad144"
        },
        "keyvals": [
            {
                "key": "0x03000000000000000000000000000000000000000000000000000000000000",
                "diff": {
                    "exp": "0x08750e1165cc96e6061764a21a7ffe09d56bbd7952e147193fd91933e233cd35a35a117dd584d15a66927d679dcc9cc7e4d5d4e01bd9bd157a54a162223f9adb5581fc201d8cdc917a2ee6bd8372cbdcdf2bf5c79762164989fe19a1d1f9a01324023c1a64faa4b8e65eb4d207fdc2f5f6246ac3fd14fe71771608dc654cd1786dc60000000000000000000000000000000000000000000000000000000000000000dac14151f49fe51a2555dbb4d6a155f83f7d372d9141614e1a0ec93df20049fb00000000000000000000000000000000000000000000000000000000000000008ac48bd3ec3ccc72b65b56d38737ee49d1db1bbefe82cabf2344387e08beee073d7911474624f7cd755f286622e1bceb2e2cb3f92e4589fd6c7e35ea540548040e19fe1d10c5c384bc8abb5038451b0fc8d2c1d02ebf89e2ccf8d26460ecd2260009fdd77ceb32a2e10f904a76d7d9e12f0eb9988870307432faf9296647af41cde053d40b67ce0e062975285c16b9dcc8356cb1a4668acfaa280dd5d13da77647306eaade6fff3f447c6507912cae8cdae78ed3ff8e3507df2ae6e3d7f3ce015e027e0fd22de7faecc76c4fb1a1fb4e4bb7276ff2e2163c6bab4d65297ff211f0840000000000000000000000000000000000000000000000000000000000000000ef2f56ef005bacbd0c0a228faee38445afd8f2edebf633c92d8fa42be7acc5e00000000000000000000000000000000000000000000000000000000000000000f358acb00b27beb0281f5aa32dff62d4c1c387b599414fe3666f0ce8487499cbd76e5cac3a05f75d653bf4d20d981561b1092c3dccb4baf134283e65930039e97a33f82862e7fa2e1bdfc08abfd74d7705a7232e9f6ef1bceab4a39b3fee9f3c02a91bd207b047351895555b648750a18a882b5e7e41ec9d5c885b2ed1e4b0e8cb0000000000000000000000000000000000000000000000000000000000000000efc02a7624a83fbee8481c9c7f6602fc6cf723f4871110c41db6fc9caefbe8a30000000000000000000000000000000000000000000000000000000000000000c66fae13b1611feabbecf30316f7d6604437480498356a5a4a5fac9ebcf69df8e7e10c888d839f4b8d03d00df07d61b47d1ad86740c61a6d90ede968a6a14210eb07f25ebcc352235d5cbe1bdbfb5eca0476baf91473efb023deefceac4213c1005eead0267de0d592f07d73dd7dcd66b5fb57d1685e08bd1ce40a8065757ea285e9eb312f937a03fe20281d0438d2e3c637f781073f1b9d609811e1b36ee52b9338d160cd5fe47d3c1591bfe20c3a5c2d96fd344d383a16cc7e0737c1cdd262fe01173113ce1fb3db3b503fa10ce776f76836063ee453c1ffe2f6a4f563e57f86d000000000000000000000000000000000000000000000000000000000000000006ae3c43af8e1f6097fd174bc9f68e47c05d592ecf74fe1265f4d9c3c5a128e19e1dc4daf69cd28a8d73ba8b39b3705261bafc53ce4b4ac0c94704c6fea40a8f661e087e3c455788cc13ddb07216594dd6670ea888e4553f15b25a5573c79660001bf3b11a465ae34d3406576485bcef35c7fd9c5d29f0c3b8f7349ef62f097f9e300000000000000000000000000000000000000000000000000000000000000001eb2b353f8af153ee8d1948faec061bb25931289526d8c0db02523346bebf5ad24286529302b7c69f142e0c193e40b59fc2a78388b1b56cfac5367ccd187896d00000000000000000000000000000000000000000000000000000000000000000141062b82996d51ad9766760a0c38a26ec3f735ea126579fcfa14b1fb069e8f480000000000000000000000000000000000000000000000000000000000000000050001ad3228b676f7d3cd4284a5443f17f1962b36e491b30a40b2405849e597ba5fb5000001e9eb312f937a03fe20281d0438d2e3c637f781073f1b9d609811e1b36ee52b93",
                    "got": "0x0895233c4b022c4b466fdc678e9a916c4e1e99c70b97f4d4d4904954dfa4f00d52581f10ddd774befd80936ba02cd8521c6f16e1478e4a25c4d34421470f8f91c31090b683ccc7cbc8a8fa86596e2142f479af492710c0666b94c89b40ff334a8b00750e1165cc96e6061764a21a7ffe09d56bbd7952e147193fd91933e233cd35a35a117dd584d15a66927d679dcc9cc7e4d5d4e01bd9bd157a54a162223f9adb5581fc201d8cdc917a2ee6bd8372cbdcdf2bf5c79762164989fe19a1d1f9a01324023c1a64faa4b8e65eb4d207fdc2f5f6246ac3fd14fe71771608dc654cd1786dc60000000000000000000000000000000000000000000000000000000000000000dac14151f49fe51a2555dbb4d6a155f83f7d372d9141614e1a0ec93df20049fb00000000000000000000000000000000000000000000000000000000000000008ac48bd3ec3ccc72b65b56d38737ee49d1db1bbefe82cabf2344387e08beee073d7911474624f7cd755f286622e1bceb2e2cb3f92e4589fd6c7e35ea540548040e19fe1d10c5c384bc8abb5038451b0fc8d2c1d02ebf89e2ccf8d26460ecd2260009fdd77ceb32a2e10f904a76d7d9e12f0eb9988870307432faf9296647af41cde053d40b67ce0e062975285c16b9dcc8356cb1a4668acfaa280dd5d13da77647306eaade6fff3f447c6507912cae8cdae78ed3ff8e3507df2ae6e3d7f3ce015e027e0fd22de7faecc76c4fb1a1fb4e4bb7276ff2e2163c6bab4d65297ff211f0840000000000000000000000000000000000000000000000000000000000000000ef2f56ef005bacbd0c0a228faee38445afd8f2edebf633c92d8fa42be7acc5e00000000000000000000000000000000000000000000000000000000000000000f358acb00b27beb0281f5aa32dff62d4c1c387b599414fe3666f0ce8487499cbd76e5cac3a05f75d653bf4d20d981561b1092c3dccb4baf134283e65930039e97a33f82862e7fa2e1bdfc08abfd74d7705a7232e9f6ef1bceab4a39b3fee9f3c02a91bd207b047351895555b648750a18a882b5e7e41ec9d5c885b2ed1e4b0e8cb0000000000000000000000000000000000000000000000000000000000000000efc02a7624a83fbee8481c9c7f6602fc6cf723f4871110c41db6fc9caefbe8a30000000000000000000000000000000000000000000000000000000000000000c66fae13b1611feabbecf30316f7d6604437480498356a5a4a5fac9ebcf69df8e7e10c888d839f4b8d03d00df07d61b47d1ad86740c61a6d90ede968a6a14210eb07f25ebcc352235d5cbe1bdbfb5eca0476baf91473efb023deefceac4213c1005eead0267de0d592f07d73dd7dcd66b5fb57d1685e08bd1ce40a8065757ea285e9eb312f937a03fe20281d0438d2e3c637f781073f1b9d609811e1b36ee52b9338d160cd5fe47d3c1591bfe20c3a5c2d96fd344d383a16cc7e0737c1cdd262fe01173113ce1fb3db3b503fa10ce776f76836063ee453c1ffe2f6a4f563e57f86d000000000000000000000000000000000000000000000000000000000000000006ae3c43af8e1f6097fd174bc9f68e47c05d592ecf74fe1265f4d9c3c5a128e19e1dc4daf69cd28a8d73ba8b39b3705261bafc53ce4b4ac0c94704c6fea40a8f6000000000000000000000000000000000000000000000000000000000000000001bf3b11a465ae34d3406576485bcef35c7fd9c5d29f0c3b8f7349ef62f097f9e300000000000000000000000000000000000000000000000000000000000000000501000000000000000000000000000000000000000000000000000000000000000000000001e9eb312f937a03fe20281d0438d2e3c637f781073f1b9d609811e1b36ee52b93"
                }
            },
            {
                "key": "0x06000000000000000000000000000000000000000000000000000000000000",
                "diff": {
                    "exp": "0x6572a8c7784a061e2c6c363dbbe00c1732a35394942bb201ef1674f1fd14cb08cadab340dd999fcaef76716546af6a2ff095949fc96fe05d23b881922723d5051428265b0bc1b7db5d6729b7494ce729306909ff5a6f25f2ba315f71f7f821d01029ee431e2c99f2db4c6a38f6bfe68fa467094e5bc193892e830eaefc494677",