{
    "config": {
        "seed": "42",
        "max_steps": 4294967295,
        "safrole": false,
        "profile": {
            "full": null
        },
        "fuzzy_profile": {
            "full": null
        },
        "max_work_items": 3,
        "mutation_ratio": 0.0,
        "max_mutations": 0
    },
    "stats": {
        "steps": 1,
        "imported": 1,
        "import_max_step": 1,
        "import_min": 10.307473,
        "import_max": 10.307473,
        "import_mean": 10.307473,
        "import_p50": 10.307473,
        "import_p75": 0.0,
        "import_p90": 10.307473,
        "import_p99": 0.0,
        "import_std_dev": 0.0
    },
    "target": {
        "info": {
            "fuzz_version": 1,
            "fuzz_features": 2,
            "jam_version": {
                "major": 0,
                "minor": 7,
                "patch": 2
            },
            "app_version": {
                "major": 0,
                "minor": 2,
                "patch": 6
            },
            "app_name": "Jamixir"
        },
        "stats": {
            "steps": 1,
            "imported": 1,
            "import_max_step": 1,
            "import_min": 258.588005,
            "import_max": 258.588005,
            "import_mean": 258.588005,
            "import_p50": 258.588005,
            "import_p75": 0.0,
            "import_p90": 258.588005,
            "import_p99": 0.0,
            "import_std_dev": 0.0
        }
    },
    "error": {
        "state_diff": {
            "roots": {
                "exp": "0x0ccc4e30946d709a193e055d823be4d6710c52927eb551bc5c5c7da5afab9bf6",
                "got": "0xdfeafe3857e79cf6696b9761242f575db6f46360a732ee692a5a3110adbd9e9e"
            },
            "keyvals": [
                {
                    "key": "0x0d000000000000000000000000000000000000000000000000000000000000",
                    "diff": {
                        "exp": "0x00000000000000000000000000000000000000000200000000000000000000000000000000000000000000000100000000000000000000000000000000000000000000000200000001000000000000000000000000000000000000000200000000000000000000000000000000000000000000000200000001000000000000000000000000000000000000000100000001000000000000000000000000000000050000000900000000000000000000000000000000000000050000000a0000000400000000000000000000000000000005000000090000000200000000000000010000003d390200050000000a00000000000000000000000000000000000000050000000c0000000500000000000000010000003d390200050000000900000000000000000000008198050000000000000300000000000000000000000001c0747c15e04745000000000000000001ae88ff61834b000000000000000001c3bc44",
                        "got": "0x00000000000000000000000000000000000000000200000000000000000000000000000000000000000000000100000000000000000000000000000000000000000000000200000001000000000000000000000000000000000000000200000000000000000000000000000000000000000000000200000001000000000000000000000000000000000000000100000001000000000000000000000000000000050000000900000000000000000000000000000000000000050000000a0000000400000000000000000000000000000005000000090000000200000000000000010000003d390200050000000a00000000000000000000000000000000000000050000000c0000000500000000000000010000003d390200050000000900000000000000000000008198050000000000000400000000000000000000000001c0747c15e04745000000000000000001ae88ff61834b000000000000000001c3bc44dd5b4fc400000000000000000001"
                    }
                },
                {
                    "key": "0xffdd005b004f00c40000000000000000000000000000000000000000000000",
                    "diff": {
                        "exp": "0x00bb8648e2eb5cab1ebb8129eca29c8af2e5155fe1ac9400ab01852a1e0cc82b1e11b208000000000081230000000000000000000000000000fa6602000000000000000000000000000a000000110200009d02000043e0f44b",
                        "got": "0x00bb8648e2eb5cab1ebb8129eca29c8af2e5155fe1ac9400ab01852a1e0cc82b1e11b208000000000081230000000000000000000000000000fa6602000000000000000000000000000a00000011020000a102000043e0f44b"
                    }
                }
            ]
        }
    }
}