{
    "config": {
        "seed": "1767889897_2969",
        "max_steps": 1000000,
        "safrole": false,
        "profile": {
            "fuzzy": null
        },
        "fuzzy_profile": {
            "rand": null
        },
        "max_work_items": 5,
        "mutation_ratio": 0.1,
        "max_mutations": 5
    },
    "stats": {
        "steps": 2314,
        "imported": 783,
        "import_max_step": 64,
        "import_min": 1.37228,
        "import_max": 5802.887217,
        "import_mean": 25.143143897828864,
        "import_p50": 4.975,
        "import_p75": 7.327,
        "import_p90": 11.322,
        "import_p99": 239.216,
        "import_std_dev": 260.4996093762703
    },
    "target": {
        "info": {
            "fuzz_version": 1,
            "fuzz_features": 2,
            "jam_version": {
                "major": 0,
                "minor": 7,
                "patch": 2
            },
            "app_version": {
                "major": 0,
                "minor": 2,
                "patch": 6
            },
            "app_name": "Jamixir"
        },
        "stats": {
            "steps": 2314,
            "imported": 783,
            "import_max_step": 712,
            "import_min": 3.590576,
            "import_max": 158.745366,
            "import_mean": 27.900460540229854,
            "import_p50": 21.377,
            "import_p75": 33.802,
            "import_p90": 61.151,
            "import_p99": 112.499,
            "import_std_dev": 23.741504857317327
        }
    },
    "error": {
        "state_diff": {
            "roots": {
                "exp": "0x0ccc4e30946d709a193e055d823be4d6710c52927eb551bc5c5c7da5afab9bf6",
                "got": "0xdfeafe3857e79cf6696b9761242f575db6f46360a732ee692a5a3110adbd9e9e"
            },
            "keyvals": [
                {
                    "key": "0x0d000000000000000000000000000000000000000000000000000000000000",
                    "diff": {
                        "exp": "0x00000000000000000000000000000000000000000200000000000000000000000000000000000000000000000100000000000000000000000000000000000000000000000200000001000000000000000000000000000000000000000200000000000000000000000000000000000000000000000200000001000000000000000000000000000000000000000100000001000000000000000000000000000000050000000900000000000000000000000000000000000000050000000a0000000400000000000000000000000000000005000000090000000200000000000000010000003d390200050000000a00000000000000000000000000000000000000050000000c0000000500000000000000010000003d390200050000000900000000000000000000008198050000000000000300000000000000000000000001c0747c15e04745000000000000000001ae88ff61834b000000000000000001c3bc44",
                        "got": "0x00000000000000000000000000000000000000000200000000000000000000000000000000000000000000000100000000000000000000000000000000000000000000000200000001000000000000000000000000000000000000000200000000000000000000000000000000000000000000000200000001000000000000000000000000000000000000000100000001000000000000000000000000000000050000000900000000000000000000000000000000000000050000000a0000000400000000000000000000000000000005000000090000000200000000000000010000003d390200050000000a00000000000000000000000000000000000000050000000c0000000500000000000000010000003d390200050000000900000000000000000000008198050000000000000400000000000000000000000001c0747c15e04745000000000000000001ae88ff61834b000000000000000001c3bc44dd5b4fc400000000000000000001"
                    }
                },
                {
                    "key": "0xffdd005b004f00c40000000000000000000000000000000000000000000000",
                    "diff": {
                        "exp": "0x00bb8648e2eb5cab1ebb8129eca29c8af2e5155fe1ac9400ab01852a1e0cc82b1e11b208000000000081230000000000000000000000000000fa6602000000000000000000000000000a000000110200009d02000043e0f44b",
                        "got": "0x00bb8648e2eb5cab1ebb8129eca29c8af2e5155fe1ac9400ab01852a1e0cc82b1e11b208000000000081230000000000000000000000000000fa6602000000000000000000000000000a00000011020000a102000043e0f44b"
                    }
                }
            ]
        }
    }
}