{
    "config": {
        "seed": "1767871405_5318",
        "max_steps": 2000000,
        "safrole": false,
        "profile": {
            "fuzzy": null
        },
        "fuzzy_profile": {
            "rand": null
        },
        "max_work_items": 5,
        "mutation_ratio": 0.1,
        "max_mutations": 5
    },
    "stats": {
        "steps": 6875,
        "imported": 2301,
        "import_max_step": 603,
        "import_min": 1.3018839999999998,
        "import_max": 2968.118015,
        "import_mean": 10.047284086049526,
        "import_p50": 4.776,
        "import_p75": 6.849,
        "import_p90": 9.248,
        "import_p99": 110.928,
        "import_std_dev": 73.02445668263536
    },
    "target": {
        "info": {
            "fuzz_version": 1,
            "fuzz_features": 2,
            "jam_version": {
                "major": 0,
                "minor": 7,
                "patch": 2
            },
            "app_version": {
                "major": 0,
                "minor": 2,
                "patch": 6
            },
            "app_name": "Jamixir"
        },
        "stats": {
            "steps": 6875,
            "imported": 2301,
            "import_max_step": 1,
            "import_min": 5.957067,
            "import_max": 847.239352,
            "import_mean": 26.67906004563234,
            "import_p50": 20.005,
            "import_p75": 31.927,
            "import_p90": 52.794,
            "import_p99": 125.354,
            "import_std_dev": 28.54897598572327
        }
    },
    "error": {
        "state_diff": {
            "roots": {
                "exp": "0x0aac358c9dc8fccd3cf194fd22144b2a454eee7b29c7f65c56c263a7de073272",
                "got": "0xa05674bcb923b120a00615b6be6db9078b72d6b9c6eb6d45fc8017f8a3693cf8"
            },
            "keyvals": [
                {
                    "key": "0x0d000000000000000000000000000000000000000000000000000000000000",
                    "diff": {
                        "exp": "0x0000000000000000000000000000000002000000050000000200000000000000000000000000000003000000050000000400000000000000000000000000000003000000050000000000000000000000000000000000000003000000040000000000000000000000000000000000000002000000050000000000000000000000000000000000000002000000040000000100000000000000000000000000000005000000080000000100000000000000000000000000000005000000090000000500000000000000000000000000000002000000080000000000000000000000000000000000000002000000080000000200000000000000000000000000000005000000090000000000000000000000000000000000000002000000070000000000000782210084d99822b59a06001b87b0008e65c08e5a0600000000000002c05243001485d300000058a8260b0000029822000782210001c252b9496372570000018b9e00027f0001c1b607d15398710000018b9e0005815e000000023d3bba000000000000000001c099f160d9b4d6000000000000000001c0f586",
                        "got": "0x0000000000000000000000000000000002000000050000000200000000000000000000000000000003000000050000000400000000000000000000000000000003000000050000000000000000000000000000000000000003000000040000000000000000000000000000000000000002000000050000000000000000000000000000000000000002000000040000000100000000000000000000000000000005000000080000000100000000000000000000000000000005000000090000000500000000000000000000000000000002000000080000000000000000000000000000000000000002000000080000000200000000000000000000000000000005000000090000000000000000000000000000000000000002000000070000000000000782210084d99822b59a06001b87b0008e65c08e5a0700000000000002c05243001485d300000058a8260b0000029822000782210001c252b9496372570000018b9e00027f0001c1b607d15398710000018b9e0005815e000000023d3bba000000000000000001c099f13fd111c20000000000000000000160d9b4d6000000000000000001c0f586"
                    }
                },
                {
                    "key": "0xff3f00d1001100c20000000000000000000000000000000000000000000000",
                    "diff": {
                        "exp": "0x00bb8648e2eb5cab1ebb8129eca29c8af2e5155fe1ac9400ab01852a1e0cc82b1e992f030000000000911200000000000000000000000000008e39020000000000000000000000000002000000c90800000000000049637257",
                        "got": "0x00bb8648e2eb5cab1ebb8129eca29c8af2e5155fe1ac9400ab01852a1e0cc82b1e992f030000000000911200000000000000000000000000008e39020000000000000000000000000002000000c9080000c908000049637257"
                    }
                }
            ]
        }
    }
}