{
    "config": {
        "seed": "42",
        "max_steps": 4294967295,
        "safrole": false,
        "profile": {
            "full": null
        },
        "fuzzy_profile": {
            "full": null
        },
        "max_work_items": 3,
        "mutation_ratio": 0.0,
        "max_mutations": 0
    },
    "stats": {
        "steps": 4,
        "imported": 1,
        "import_max_step": 4,
        "import_min": 137.126417,
        "import_max": 137.126417,
        "import_mean": 137.126417,
        "import_p50": 137.126417,
        "import_p75": 0.0,
        "import_p90": 137.126417,
        "import_p99": 0.0,
        "import_std_dev": 0.0
    },
    "target": {
        "info": {
            "fuzz_version": 1,
            "fuzz_features": 2,
            "jam_version": {
                "major": 0,
                "minor": 7,
                "patch": 2
            },
            "app_version": {
                "major": 0,
                "minor": 2,
                "patch": 6
            },
            "app_name": "Jamixir"
        },
        "stats": {
            "steps": 4,
            "imported": 1,
            "import_max_step": 4,
            "import_min": 170.549604,
            "import_max": 170.549604,
            "import_mean": 170.549604,
            "import_p50": 170.549604,
            "import_p75": 0.0,
            "import_p90": 170.549604,
            "import_p99": 0.0,
            "import_std_dev": 0.0
        }
    },
    "error": {
        "state_diff": {
            "roots": {
                "exp": "0x0aac358c9dc8fccd3cf194fd22144b2a454eee7b29c7f65c56c263a7de073272",
                "got": "0xa05674bcb923b120a00615b6be6db9078b72d6b9c6eb6d45fc8017f8a3693cf8"
            },
            "keyvals": [
                {
                    "key": "0x0d000000000000000000000000000000000000000000000000000000000000",
                    "diff": {
                        "exp": "0x0000000000000000000000000000000002000000050000000200000000000000000000000000000003000000050000000400000000000000000000000000000003000000050000000000000000000000000000000000000003000000040000000000000000000000000000000000000002000000050000000000000000000000000000000000000002000000040000000100000000000000000000000000000005000000080000000100000000000000000000000000000005000000090000000500000000000000000000000000000002000000080000000000000000000000000000000000000002000000080000000200000000000000000000000000000005000000090000000000000000000000000000000000000002000000070000000000000782210084d99822b59a06001b87b0008e65c08e5a0600000000000002c05243001485d300000058a8260b0000029822000782210001c252b9496372570000018b9e00027f0001c1b607d15398710000018b9e0005815e000000023d3bba000000000000000001c099f160d9b4d6000000000000000001c0f586",
                        "got": "0x0000000000000000000000000000000002000000050000000200000000000000000000000000000003000000050000000400000000000000000000000000000003000000050000000000000000000000000000000000000003000000040000000000000000000000000000000000000002000000050000000000000000000000000000000000000002000000040000000100000000000000000000000000000005000000080000000100000000000000000000000000000005000000090000000500000000000000000000000000000002000000080000000000000000000000000000000000000002000000080000000200000000000000000000000000000005000000090000000000000000000000000000000000000002000000070000000000000782210084d99822b59a06001b87b0008e65c08e5a0700000000000002c05243001485d300000058a8260b0000029822000782210001c252b9496372570000018b9e00027f0001c1b607d15398710000018b9e0005815e000000023d3bba000000000000000001c099f13fd111c20000000000000000000160d9b4d6000000000000000001c0f586"
                    }
                },
                {
                    "key": "0xff3f00d1001100c20000000000000000000000000000000000000000000000",
                    "diff": {
                        "exp": "0x00bb8648e2eb5cab1ebb8129eca29c8af2e5155fe1ac9400ab01852a1e0cc82b1e992f030000000000911200000000000000000000000000008e39020000000000000000000000000002000000c90800000000000049637257",
                        "got": "0x00bb8648e2eb5cab1ebb8129eca29c8af2e5155fe1ac9400ab01852a1e0cc82b1e992f030000000000911200000000000000000000000000008e39020000000000000000000000000002000000c9080000c908000049637257"
                    }
                }
            ]
        }
    }
}