{
    "config": {
        "seed": "42",
        "profile": {
            "empty": null
        },
        "safrole": false,
        "max_work_items": 1,
        "max_service_keys": 10,
        "mutation_ratio": 0.1,
        "max_mutations": 0,
        "max_steps": 10000
    },
    "stats": {
        "steps": 1,
        "imported": 1,
        "import_max_step": 1,
        "import_min": 11.776806,
        "import_max": 11.776806,
        "import_mean": 11.776806,
        "import_p50": 11.776806,
        "import_p75": 0.0,
        "import_p90": 11.776806,
        "import_p99": 0.0,
        "import_std_dev": 0.0
    },
    "target": {
        "info": {
            "fuzz_version": 1,
            "fuzz_features": 2,
            "jam_version": {
                "major": 0,
                "minor": 7,
                "patch": 0
            },
            "app_version": {
                "major": 0,
                "minor": 1,
                "patch": 0
            },
            "app_name": "boka-fuzzing-target"
        },
        "stats": {
            "steps": 1,
            "imported": 1,
            "import_max_step": 1,
            "import_min": 27.692494,
            "import_max": 27.692494,
            "import_mean": 27.692494,
            "import_p50": 27.692494,
            "import_p75": 0.0,
            "import_p90": 27.692494,
            "import_p99": 0.0,
            "import_std_dev": 0.0
        }
    },
    "state_diff": {
        "roots": {
            "exp": "0xafbaaae8938ed609db816151b434b28e5425cea6c25da5d79869ecd851913ca2",
            "got": "0xb6f0837f7078439ea907b9d60f938d3691ac145d3a528994cf03e421c6b8fe82"
        },
        "keyvals": [
            {
                "key": "0x0d000000000000000000000000000000000000000000000000000000000000",
                "diff": {
                    "exp": "0x030000000000000004000000d0980500080000000a00000002000000000000000100000034660100080000000a00000002000000000000000000000000000000040000000a00000000000000000000000000000000000000040000000900000000000000000000000000000000000000080000000900000004000000000000000000000000000000040000000b00000002000000000000000000000000000000030000000800000000000000000000000000000000000000030000000a00000001000000000000000000000000000000050000000700000004000000000000000000000000000000050000000800000002000000000000000000000000000000050000000800000002000000000000000000000000000000030000000800000081230600000000810388ea8103050000000088c78d82044e600b8c000000000000000001c0d245000034b64bcb0000018d82000000000000019d8a5eb64bcb000000000000000001c04068000066ce6cdd00000188ea0000000000000000",
                    "got": "0x030000000000000004000000d0980500080000000a00000002000000000000000100000034660100080000000a00000002000000000000000000000000000000040000000a00000000000000000000000000000000000000040000000900000000000000000000000000000000000000080000000900000004000000000000000000000000000000040000000b00000002000000000000000000000000000000030000000800000000000000000000000000000000000000030000000a00000001000000000000000000000000000000050000000700000004000000000000000000000000000000050000000800000002000000000000000000000000000000050000000800000002000000000000000000000000000000030000000800000081230600000000810388ea8103050000000088c78d82044e600b8c000000000000000001a5e1000034b64bcb0000018d82000000000000019dbf5eb64bcb000000000000000001c0b269000066ce6cdd00000188ea0000000000000000"
                }
            },
            {
                "key": "0x5ebfb6804bc4cb15a6de0d53b81f75fb91e9487af71c623599e8ecb38e7204",
                "diff": {
                    "exp": "0x02000000",
                    "got": "0x00000000"
                }
            }
        ]
    },
    "import_diff": null
}
