{
    "config": {
        "seed": "42",
        "profile": {
            "Empty": null
        },
        "safrole": false,
        "max_work_items": 1,
        "max_service_keys": 10,
        "mutation_ratio": 0.1,
        "max_mutations": 0,
        "max_steps": 10000
    },
    "stats": {
        "steps": 1,
        "imported": 1,
        "import_max_step": 1,
        "import_min": 7.315255,
        "import_max": 7.315255,
        "import_mean": 7.315255,
        "import_p50": 7.315255,
        "import_p75": 0.0,
        "import_p90": 7.315255,
        "import_p99": 0.0,
        "import_std_dev": 0.0
    },
    "target": {
        "info": {
            "name": "spacejam",
            "app_version": {
                "major": 0,
                "minor": 0,
                "patch": 10
            },
            "jam_version": {
                "major": 0,
                "minor": 7,
                "patch": 0
            }
        },
        "stats": {
            "steps": 1,
            "imported": 1,
            "import_max_step": 1,
            "import_min": 1.69112,
            "import_max": 1.69112,
            "import_mean": 1.69112,
            "import_p50": 1.69112,
            "import_p75": 0.0,
            "import_p90": 1.69112,
            "import_p99": 0.0,
            "import_std_dev": 0.0
        }
    },
    "diff": {
        "roots": {
            "exp": "0x38e9e03bdebfa1e3c7d10f9337930d233e075c55aa68be7322e21d1e346454cf",
            "got": "0x840ce2b92e0ae57ccf0281e512c5aff512d5413946786b0abeeb38948142d0ae"
        },
        "keyvals": [
            {
                "key": "0x0d000000000000000000000000000000000000000000000000000000000000",
                "diff": {
                    "exp": "0x01000000000000000000000000000000040000000700000000000000000000000000000000000000040000000900000004000000000000000000000000000000030000000900000002000000000000000000000000000000030000000800000001000000000000000000000000000000030000000900000001000000000000000000000000000000040000000900000003000000000000000000000000000000060000000a00000001000000000000000000000000000000060000000800000001000000000000000000000000000000030000000a00000003000000000000000000000000000000030000000b00000002000000000000000000000000000000030000000a00000002000000000000000000000000000000060000000b0000000003000000000000810805000000008168c04a5f0100000000000001c04a5f0000000001c0ce990000",
                    "got": "0x01000000000000000000000000000000040000000700000000000000000000000000000000000000040000000900000004000000000000000000000000000000030000000900000002000000000000000000000000000000030000000800000001000000000000000000000000000000030000000900000001000000000000000000000000000000040000000900000003000000000000000000000000000000060000000a00000001000000000000000000000000000000060000000800000001000000000000000000000000000000030000000a00000003000000000000000000000000000000030000000b00000002000000000000000000000000000000030000000a00000002000000000000000000000000000000060000000b0000000003000000000000810805000000008168c04a5f0100000000000001c04a5f00000000018bea0000"
                }
            }
        ]
    }
}
