{
    "config": {
        "seed": "42",
        "max_steps": 4294967295,
        "safrole": false,
        "profile": {
            "full": null
        },
        "fuzzy_profile": {
            "full": null
        },
        "max_work_items": 3,
        "mutation_ratio": 0.0,
        "max_mutations": 0
    },
    "stats": {
        "steps": 2,
        "imported": 1,
        "import_max_step": 2,
        "import_min": 4.624843,
        "import_max": 4.624843,
        "import_mean": 4.624843,
        "import_p50": 4.624843,
        "import_p75": 0.0,
        "import_p90": 4.624843,
        "import_p99": 0.0,
        "import_std_dev": 0.0
    },
    "target": {
        "info": {
            "fuzz_version": 1,
            "fuzz_features": 2,
            "jam_version": {
                "major": 0,
                "minor": 7,
                "patch": 2
            },
            "app_version": {
                "major": 0,
                "minor": 1,
                "patch": 0
            },
            "app_name": "jamzig-target"
        },
        "stats": {
            "steps": 2,
            "imported": 1,
            "import_max_step": 2,
            "import_min": 5.363004999999999,
            "import_max": 5.363004999999999,
            "import_mean": 5.363004999999999,
            "import_p50": 5.363004999999999,
            "import_p75": 0.0,
            "import_p90": 5.363004999999999,
            "import_p99": 0.0,
            "import_std_dev": 0.0
        }
    },
    "error": {
        "state_diff": {
            "roots": {
                "exp": "0x84bb54a0e2b80fed663543a06163f30bf2d1741d64b0d71f569655b361450b2f",
                "got": "0x15170394c3d3a965bfa9f7f956b51666a47ea9c40e4a0feef07fe5f86a09337e"
            },
            "keyvals": [
                {
                    "key": "0x0d000000000000000000000000000000000000000000000000000000000000",
                    "diff": {
                        "exp": "0x02000000000000000200000084390200040000000a00000000000000000000000000000000000000090000000a00000001000000000000000000000000000000040000000a000000040000000000000001000000e70000000400000009000000020000000000000000000000000000000900000008000000020000000000000000000000000000000900000009000000000000000000000000000000000000000000000000000000000000000000000000000000000000000000000000000000000000000000000000000000000000000000000000000000000000000000000000000000000000000000000000000000000000000000000000000000000000000000000000000000000000000000000000000000000000000000000000000000000400000000000088d606001584f800b600c0b99f0200000000000002baeb0012840b0003c0c2bbd070c385000001c0ce64000380ed000000",
                        "got": "0x02000000000000000200000084390200040000000a00000000000000000000000000000000000000090000000a00000001000000000000000000000000000000040000000a000000040000000000000001000000e70000000400000009000000020000000000000000000000000000000900000008000000020000000000000000000000000000000900000009000000000000000000000000000000000000000000000000000000000000000000000000000000000000000000000000000000000000000000000000000000000000000000000000000000000000000000000000000000000000000000000000000000000000000000000000000000000000000000000000000000000000000000000000000000000000000000000000000000000400000000000088d606001584f800b600c0b99f0200000000000002baeb0012840b0003c02b9ad070c385000001c0ce64000380ed000000"
                    }
                }
            ]
        }
    }
}