{
  "info": {
    "name": "boka-fuzzing-target",
    "app_version": {
      "major": 0,
      "minor": 1,
      "patch": 0
    },
    "jam_version": {
      "major": 0,
      "minor": 7,
      "patch": 0
    }
  },
  "stats": {
    "steps": 100,
    "imported": 100,
    "import_max_step": 84,
    "import_min": 4.905353000000001,
    "import_max": 25.432450999999997,
    "import_mean": 10.30145957,
    "import_p50": 9.87,
    "import_p75": 11.522,
    "import_p90": 13.078,
    "import_p99": 24.617,
    "import_std_dev": 4.367790796091095
  }
}
