{
  "info": {
    "name": "boka-fuzzing-target",
    "app_version": {
      "major": 0,
      "minor": 1,
      "patch": 0
    },
    "jam_version": {
      "major": 0,
      "minor": 7,
      "patch": 0
    }
  },
  "stats": {
    "steps": 100,
    "imported": 100,
    "import_max_step": 56,
    "import_min": 10.741940999999999,
    "import_max": 428.895049,
    "import_mean": 118.73012616000004,
    "import_p50": 89.952,
    "import_p75": 155.462,
    "import_p90": 292.841,
    "import_p99": 406.478,
    "import_std_dev": 114.95080370782391
  }
}
