{
  "info": {
    "name": "boka-fuzzing-target",
    "app_version": {
      "major": 0,
      "minor": 1,
      "patch": 0
    },
    "jam_version": {
      "major": 0,
      "minor": 7,
      "patch": 0
    }
  },
  "stats": {
    "steps": 100,
    "imported": 100,
    "import_max_step": 8,
    "import_min": 5.432112999999999,
    "import_max": 1268.009718,
    "import_mean": 310.49313193000023,
    "import_p50": 164.716,
    "import_p75": 520.214,
    "import_p90": 694.935,
    "import_p99": 1112.705,
    "import_std_dev": 331.0317589337874
  }
}
