{
  "info": {
    "name": "boka-fuzzing-target",
    "app_version": {
      "major": 0,
      "minor": 1,
      "patch": 0
    },
    "jam_version": {
      "major": 0,
      "minor": 7,
      "patch": 0
    }
  },
  "stats": {
    "steps": 100,
    "imported": 100,
    "import_max_step": 8,
    "import_min": 10.777007999999999,
    "import_max": 1296.71918,
    "import_mean": 319.87259906999986,
    "import_p50": 149.388,
    "import_p75": 539.593,
    "import_p90": 724.019,
    "import_p99": 1138.863,
    "import_std_dev": 335.09425201695234
  }
}
