{
    "config": {
        "seed": "42",
        "max_steps": 4294967295,
        "safrole": false,
        "profile": {
            "full": null
        },
        "fuzzy_profile": {
            "full": null
        },
        "max_work_items": 3,
        "mutation_ratio": 0.0,
        "max_mutations": 0
    },
    "stats": {
        "steps": 4,
        "imported": 1,
        "import_max_step": 4,
        "import_min": 44.437582000000006,
        "import_max": 44.437582000000006,
        "import_mean": 44.437582000000006,
        "import_p50": 44.437582000000006,
        "import_p75": 0.0,
        "import_p90": 44.437582000000006,
        "import_p99": 0.0,
        "import_std_dev": 0.0
    },
    "target": {
        "info": {
            "fuzz_version": 1,
            "fuzz_features": 2,
            "jam_version": {
                "major": 0,
                "minor": 7,
                "patch": 2
            },
            "app_version": {
                "major": 0,
                "minor": 0,
                "patch": 2
            },
            "app_name": "strawberry"
        },
        "stats": {
            "steps": 4,
            "imported": 1,
            "import_max_step": 4,
            "import_min": 46.912709,
            "import_max": 46.912709,
            "import_mean": 46.912709,
            "import_p50": 46.912709,
            "import_p75": 0.0,
            "import_p90": 46.912709,
            "import_p99": 0.0,
            "import_std_dev": 0.0
        }
    },
    "error": {
        "state_diff": {
            "roots": {
                "exp": "0x361680d444e1ee40ab0ee027c855cbba670e0ee9aea27c21cae71a3372618cea",
                "got": "0x810583269456f534435c4f255e8b6a11a7e71281c7dce03a2b5fe40b7c3fd94e"
            },
            "keyvals": [
                {
                    "key": "0x50d7064541b73bfec13e507a95e86ec03add50794acc76edd9370aca5ecbf2",
                    "diff": {
                        "exp": "0x2d61c4a890d9fa31",
                        "got": "0xdc750dcd447929b7"
                    }
                }
            ]
        }
    }
}