{
  "info": {
    "name": "jampy",
    "app_version": {
      "major": 0,
      "minor": 7,
      "patch": 0
    },
    "jam_version": {
      "major": 0,
      "minor": 7,
      "patch": 0
    }
  },
  "stats": {
    "steps": 100,
    "imported": 100,
    "import_max_step": 63,
    "import_min": 7.447433,
    "import_max": 62.68446599999999,
    "import_mean": 26.981894119999996,
    "import_p50": 23.284,
    "import_p75": 42.507,
    "import_p90": 57.275,
    "import_p99": 60.565,
    "import_std_dev": 18.954997095595814
  }
}
