{
  "info": {
    "name": "jampy",
    "app_version": {
      "major": 0,
      "minor": 7,
      "patch": 0
    },
    "jam_version": {
      "major": 0,
      "minor": 7,
      "patch": 0
    }
  },
  "stats": {
    "steps": 100,
    "imported": 100,
    "import_max_step": 80,
    "import_min": 62.841064,
    "import_max": 124.231759,
    "import_mean": 86.50643845000002,
    "import_p50": 82.043,
    "import_p75": 103.191,
    "import_p90": 116.876,
    "import_p99": 122.925,
    "import_std_dev": 20.039745262370285
  }
}
