{
  "info": {
    "name": "jampy",
    "app_version": {
      "major": 0,
      "minor": 7,
      "patch": 0
    },
    "jam_version": {
      "major": 0,
      "minor": 7,
      "patch": 0
    }
  },
  "stats": {
    "steps": 100,
    "imported": 100,
    "import_max_step": 56,
    "import_min": 8.300282000000001,
    "import_max": 738.96216,
    "import_mean": 172.13428771,
    "import_p50": 103.911,
    "import_p75": 225.942,
    "import_p90": 487.107,
    "import_p99": 683.962,
    "import_std_dev": 199.262245970694
  }
}
