{
  "info": {
    "name": "jampy",
    "app_version": {
      "major": 0,
      "minor": 7,
      "patch": 0
    },
    "jam_version": {
      "major": 0,
      "minor": 7,
      "patch": 0
    }
  },
  "stats": {
    "steps": 100,
    "imported": 100,
    "import_max_step": 60,
    "import_min": 9.024999000000001,
    "import_max": 2414.409897,
    "import_mean": 574.6114006599998,
    "import_p50": 337.454,
    "import_p75": 752.61,
    "import_p90": 1658.917,
    "import_p99": 2299.384,
    "import_std_dev": 689.6059012747302
  }
}
