{
  "info": {
    "name": "jampy",
    "app_version": {
      "major": 0,
      "minor": 7,
      "patch": 0
    },
    "jam_version": {
      "major": 0,
      "minor": 7,
      "patch": 0
    }
  },
  "stats": {
    "steps": 100,
    "imported": 100,
    "import_max_step": 56,
    "import_min": 8.431984,
    "import_max": 396.248194,
    "import_mean": 100.30629316000002,
    "import_p50": 62.711,
    "import_p75": 130.704,
    "import_p90": 266.604,
    "import_p99": 375.999,
    "import_std_dev": 109.1761429948721
  }
}
