{
  "info": {
    "name": "jampy",
    "app_version": {
      "major": 0,
      "minor": 7,
      "patch": 0
    },
    "jam_version": {
      "major": 0,
      "minor": 7,
      "patch": 0
    }
  },
  "stats": {
    "steps": 100,
    "imported": 100,
    "import_max_step": 14,
    "import_min": 9.098851,
    "import_max": 10689.018919,
    "import_mean": 2062.1695225999993,
    "import_p50": 860.596,
    "import_p75": 3394.596,
    "import_p90": 5586.827,
    "import_p99": 8481.527,
    "import_std_dev": 2455.316703843697
  }
}
