{
  "info": {
    "name": "jampy",
    "app_version": {
      "major": 0,
      "minor": 7,
      "patch": 0
    },
    "jam_version": {
      "major": 0,
      "minor": 7,
      "patch": 0
    }
  },
  "stats": {
    "steps": 100,
    "imported": 100,
    "import_max_step": 14,
    "import_min": 68.25482099999999,
    "import_max": 11607.768815,
    "import_mean": 2358.9081735000004,
    "import_p50": 975.307,
    "import_p75": 4074.643,
    "import_p90": 6336.48,
    "import_p99": 9453.837,
    "import_std_dev": 2722.512178036533
  }
}
