{
  "info": {
    "name": "jampy",
    "app_version": {
      "major": 0,
      "minor": 7,
      "patch": 0
    },
    "jam_version": {
      "major": 0,
      "minor": 7,
      "patch": 0
    }
  },
  "stats": {
    "steps": 100,
    "imported": 100,
    "import_max_step": 14,
    "import_min": 7.900723999999999,
    "import_max": 1498.969441,
    "import_mean": 326.0529730599999,
    "import_p50": 136.181,
    "import_p75": 566.633,
    "import_p90": 841.355,
    "import_p99": 1314.423,
    "import_std_dev": 371.01871019970315
  }
}
