{
    "config": {
        "seed": "42",
        "profile": {
            "empty": null
        },
        "safrole": false,
        "max_work_items": 1,
        "max_service_keys": 10,
        "mutation_ratio": 0.1,
        "max_mutations": 0,
        "max_steps": 10000
    },
    "stats": {
        "steps": 1,
        "imported": 1,
        "import_max_step": 1,
        "import_min": 7.327221,
        "import_max": 7.327221,
        "import_mean": 7.327221,
        "import_p50": 7.327221,
        "import_p75": 0.0,
        "import_p90": 7.327221,
        "import_p99": 0.0,
        "import_std_dev": 0.0
    },
    "target": {
        "info": {
            "fuzz_version": 1,
            "fuzz_features": 2,
            "jam_version": {
                "major": 0,
                "minor": 7,
                "patch": 0
            },
            "app_version": {
                "major": 0,
                "minor": 0,
                "patch": 1
            },
            "app_name": "strawberry"
        },
        "stats": {
            "steps": 1,
            "imported": 1,
            "import_max_step": 1,
            "import_min": 24.962873,
            "import_max": 24.962873,
            "import_mean": 24.962873,
            "import_p50": 24.962873,
            "import_p75": 0.0,
            "import_p90": 24.962873,
            "import_p99": 0.0,
            "import_std_dev": 0.0
        }
    },
    "state_diff": {
        "roots": {
            "exp": "0x5b394152fcf70037243ede5ecc3edd0923885be31f9007793f6c2c75d52fa91b",
            "got": "0x1863183bedbfd497c82f1fa59935f547f1a5970a8d9d14eea7f07e2646e5f41f"
        },
        "keyvals": [
            {
                "key": "0x03000000000000000000000000000000000000000000000000000000000000",
                "diff": {
                    "exp": "0x08cfc59365ea39b11829cfcc882978c9a829f92c0f5fe8fe6b411892d52d6865daad3228b676f7d3cd4284a5443f17f1962b36e491b30a40b2405849e597ba5fb549a1967913d977910265924889a7893bf3000f5e6e99b435fc0b8623f8d7f95f0153145a47ef4876b121bc404b62a5fdc51bdaee49447f65f1395bdd24a0f38ae000000000000000000000000000000000000000000000000000000000000000000470df0c05dc8ccbeebeb088b776937123950c9ae91569f428a9b06197fe0f57675f9e53123c83ddcdb2c1f5231f13646378aefc83837a4571d052ac8001483717de2b1e494c6a0d4c6b5c607f7fad1ef64154bc8dd51c502b271bfbc57e619c00ec1befb08299f398862d79526ca97c8744023131d0b509ec3911a825c7766120b4c11951957c6f8f642c4af61cd6b24640fec6dc7fc607ee8206a99e92410d30316e3030c727f75fb8066fee7c6e8fc9c7a2637dbda1f57d5e75d8a363d509850131ea574266a1ae0595444b5b6b6611a10ea0a322bdfdf5003ae334843c53a45e000000000000000000000000000000000000000000000000000000000000000079875392a500da40636ce076c1f8cd9d7f8e5211c27cadd6588c3f1f06dcde19e884038e46068eaab1df24317c855e78fe94335d4adb7aa6c62920ce1352eed71205f71fe59a151b740b7c328e6015150351f2b8429947cbebd1356aab3c598c017cd9e583545dc4f3b650b3e225d5e4634c6f782b4b1b082ff9bb8de076844d840000000000000000000000000000000000000000000000000000000000000000580ad8bf3b6fdefaf8e8893b952a115e83176b393294c8fcbc5e23a14f3de9a1fee77aea940e38601cb828d2878308e32529f8382cf85f7a29b75f1c826985bc86a1d10061e9974c8e7819e8e0b9b3692187f51fe9820c8a032759cc941dc1c201b8d7d6d02597b34cff55d5cd857336ab9ab3ae3f73f4f9af0f32c408f1ab05820000000000000000000000000000000000000000000000000000000000000000de716bd34ff30f13f7741d40e8a4b93e7a3abe5759f958b1d24a4eff7832664e2fc9a372a65e2341f5e92ca21944a87986a3ff07b5c5cbabd6f36187ff1436f3e768a58d6c97b6ebde6e57c4f62b7bdb3d51356d6eff75a58d3016f3a966e8ae0181415f97124b5dc92751b1e06d9008f2111c42500c145438c02bb945fa06061c00000000000000000000000000000000000000000000000000000000000000000ad1a77ac6faa8b55a677021e2d8cb00955c1861350af13bf45eeb390bf5600721ddb9a356815c3fac1026b6dec5df3124afbadb485c9ba5a3e3398a04b7ba852dcc08a004f0a6ada7e45f21e708aedec19d3c487af304edfdd6a77be886b6b7014cde428325283b57549d2553f0fa7e99f1033f92da1f5e7cd1b8dadc1d965bac0000000000000000000000000000000000000000000000000000000000000000c8c6eb98e91dbc6ff82f2cf4363aef322194a1b17a915fea450f4649bf0e2d951978bdc2f9989334b4d216e72a14297dd9b06c8feaf1f80cde76cf1057786a2b000000000000000000000000000000000000000000000000000000000000000001c170652fdd3294497fbee915a9f85464da11ec96e14a1c27f3c43d1986fde75500000000000000000000000000000000000000000000000000000000000000000401000000000000000000000000000000000000000000000000000000000000000000000121ddb9a356815c3fac1026b6dec5df3124afbadb485c9ba5a3e3398a04b7ba85",
                    "got": "0x08cfc59365ea39b11829cfcc882978c9a829f92c0f5fe8fe6b411892d52d6865daad3228b676f7d3cd4284a5443f17f1962b36e491b30a40b2405849e597ba5fb549a1967913d977910265924889a7893bf3000f5e6e99b435fc0b8623f8d7f95f0153145a47ef4876b121bc404b62a5fdc51bdaee49447f65f1395bdd24a0f38ae000000000000000000000000000000000000000000000000000000000000000000470df0c05dc8ccbeebeb088b776937123950c9ae91569f428a9b06197fe0f57675f9e53123c83ddcdb2c1f5231f13646378aefc83837a4571d052ac8001483717de2b1e494c6a0d4c6b5c607f7fad1ef64154bc8dd51c502b271bfbc57e619c00ec1befb08299f398862d79526ca97c8744023131d0b509ec3911a825c7766120b4c11951957c6f8f642c4af61cd6b24640fec6dc7fc607ee8206a99e92410d30316e3030c727f75fb8066fee7c6e8fc9c7a2637dbda1f57d5e75d8a363d509850131ea574266a1ae0595444b5b6b6611a10ea0a322bdfdf5003ae334843c53a45e000000000000000000000000000000000000000000000000000000000000000079875392a500da40636ce076c1f8cd9d7f8e5211c27cadd6588c3f1f06dcde19e884038e46068eaab1df24317c855e78fe94335d4adb7aa6c62920ce1352eed71205f71fe59a151b740b7c328e6015150351f2b8429947cbebd1356aab3c598c017cd9e583545dc4f3b650b3e225d5e4634c6f782b4b1b082ff9bb8de076844d840000000000000000000000000000000000000000000000000000000000000000580ad8bf3b6fdefaf8e8893b952a115e83176b393294c8fcbc5e23a14f3de9a1fee77aea940e38601cb828d2878308e32529f8382cf85f7a29b75f1c826985bc86a1d10061e9974c8e7819e8e0b9b3692187f51fe9820c8a032759cc941dc1c201b8d7d6d02597b34cff55d5cd857336ab9ab3ae3f73f4f9af0f32c408f1ab05820000000000000000000000000000000000000000000000000000000000000000de716bd34ff30f13f7741d40e8a4b93e7a3abe5759f958b1d24a4eff7832664e2fc9a372a65e2341f5e92ca21944a87986a3ff07b5c5cbabd6f36187ff1436f3e768a58d6c97b6ebde6e57c4f62b7bdb3d51356d6eff75a58d3016f3a966e8ae0181415f97124b5dc92751b1e06d9008f2111c42500c145438c02bb945fa06061c00000000000000000000000000000000000000000000000000000000000000000ad1a77ac6faa8b55a677021e2d8cb00955c1861350af13bf45eeb390bf5600721ddb9a356815c3fac1026b6dec5df3124afbadb485c9ba5a3e3398a04b7ba852dcc08a004f0a6ada7e45f21e708aedec19d3c487af304edfdd6a77be886b6b7014cde428325283b57549d2553f0fa7e99f1033f92da1f5e7cd1b8dadc1d965bac0000000000000000000000000000000000000000000000000000000000000000c8c6eb98e91dbc6ff82f2cf4363aef322194a1b17a915fea450f4649bf0e2d9528c289006d12dd92f9477b7af0efa7e1f6b4959df98a8d42af350058386cf946000000000000000000000000000000000000000000000000000000000000000001c170652fdd3294497fbee915a9f85464da11ec96e14a1c27f3c43d1986fde75500000000000000000000000000000000000000000000000000000000000000000401daf7bf8108920f4ca84436412aaf0027bf47ac42397c1f1c5816b8ea9c9f2ec700000121ddb9a356815c3fac1026b6dec5df3124afbadb485c9ba5a3e3398a04b7ba85"
                }
            },
            {
                "key": "0x0c000000000000000000000000000000000000000000000000000000000000",
                "diff": {
                    "exp": "0x0000000000000000000000000d3ee18800",
                    "got": "0x0000000000000000000000000000000000"
                }
            },
            {
                "key": "0x0d000000000000000000000000000000000000000000000000000000000000",