{
    "config": {
        "seed": "42",
        "max_steps": 4294967295,
        "safrole": false,
        "profile": {
            "full": null
        },
        "fuzzy_profile": {
            "full": null
        },
        "max_work_items": 3,
        "mutation_ratio": 0.0,
        "max_mutations": 0
    },
    "stats": {
        "steps": 5,
        "imported": 1,
        "import_max_step": 5,
        "import_min": 199.257504,
        "import_max": 199.257504,
        "import_mean": 199.257504,
        "import_p50": 199.257504,
        "import_p75": 0.0,
        "import_p90": 199.257504,
        "import_p99": 0.0,
        "import_std_dev": 0.0
    },
    "target": {
        "info": {
            "fuzz_version": 1,
            "fuzz_features": 2,
            "jam_version": {
                "major": 0,
                "minor": 7,
                "patch": 2
            },
            "app_version": {
                "major": 0,
                "minor": 7,
                "patch": 2
            },
            "app_name": "jampy"
        },
        "stats": {
            "steps": 5,
            "imported": 1,
            "import_max_step": 5,
            "import_min": 908.65846,
            "import_max": 908.65846,
            "import_mean": 908.65846,
            "import_p50": 908.65846,
            "import_p75": 0.0,
            "import_p90": 908.65846,
            "import_p99": 0.0,
            "import_std_dev": 0.0
        }
    },
    "error": {
        "state_diff": {
            "roots": {
                "exp": "0xfb062f9ced092e4cce5fe19c4e87ae19b2b7cb3bffb12829062444528714abfd",
                "got": "0xde2f3066ce425bba183dfabe7c97cebb27eb3ebddb7627f883fd78e806382b2c"
            },
            "keyvals": [
                {
                    "key": "0x0c000000000000000000000000000000000000000000000000000000000000",
                    "diff": {
                        "exp": "0x00000000000000000000000095b15ddc0000000000",
                        "got": "0x000000000000000000000000000000000000000000"
                    }
                }
            ]
        }
    }
}