{
  "info": {
    "name": "spacejam",
    "app_version": {
      "major": 0,
      "minor": 0,
      "patch": 8
    },
    "jam_version": {
      "major": 0,
      "minor": 7,
      "patch": 0
    }
  },
  "stats": {
    "steps": 100,
    "imported": 100,
    "import_max_step": 76,
    "import_min": 0.15054900000000002,
    "import_max": 9.299014,
    "import_mean": 4.461617710000002,
    "import_p50": 7.04,
    "import_p75": 7.591,
    "import_p90": 8.099,
    "import_p99": 8.538,
    "import_std_dev": 3.703205550507618
  }
}
