{
  "info": {
    "fuzz_version": 1,
    "fuzz_features": 2,
    "jam_version": {
      "major": 0,
      "minor": 7,
      "patch": 0
    },
    "app_version": {
      "major": 0,
      "minor": 0,
      "patch": 12
    },
    "app_name": "spacejam"
  },
  "stats": {
    "steps": 100,
    "imported": 100,
    "import_max_step": 4,
    "import_min": 0.8272499999999999,
    "import_max": 14.404195999999999,
    "import_mean": 1.3729599199999998,
    "import_p50": 1.163,
    "import_p75": 1.39,
    "import_p90": 1.637,
    "import_p99": 2.193,
    "import_std_dev": 1.3588827655583053
  }
}
