{
  "info": {
    "fuzz_version": 1,
    "fuzz_features": 2,
    "jam_version": {
      "major": 0,
      "minor": 7,
      "patch": 0
    },
    "app_version": {
      "major": 0,
      "minor": 0,
      "patch": 12
    },
    "app_name": "spacejam"
  },
  "stats": {
    "steps": 100,
    "imported": 100,
    "import_max_step": 17,
    "import_min": 1.9086319999999999,
    "import_max": 4.8948979999999995,
    "import_mean": 2.901259729999998,
    "import_p50": 2.812,
    "import_p75": 3.311,
    "import_p90": 3.694,
    "import_p99": 4.307,
    "import_std_dev": 0.6380333620826754
  }
}
