{
    "config": {
        "seed": "42",
        "max_steps": 4294967295,
        "safrole": false,
        "profile": {
            "full": null
        },
        "fuzzy_profile": {
            "full": null
        },
        "max_work_items": 3,
        "mutation_ratio": 0.0,
        "max_mutations": 0
    },
    "stats": {
        "steps": 1,
        "imported": 1,
        "import_max_step": 1,
        "import_min": 2.0178689999999997,
        "import_max": 2.0178689999999997,
        "import_mean": 2.0178689999999997,
        "import_p50": 2.0178689999999997,
        "import_p75": 0.0,
        "import_p90": 2.0178689999999997,
        "import_p99": 0.0,
        "import_std_dev": 0.0
    },
    "target": {
        "info": {
            "fuzz_version": 1,
            "fuzz_features": 2,
            "jam_version": {
                "major": 0,
                "minor": 7,
                "patch": 2
            },
            "app_version": {
                "major": 0,
                "minor": 0,
                "patch": 2
            },
            "app_name": "strawberry"
        },
        "stats": {
            "steps": 1,
            "imported": 1,
            "import_max_step": 1,
            "import_min": 63.067426,
            "import_max": 63.067426,
            "import_mean": 63.067426,
            "import_p50": 63.067426,
            "import_p75": 0.0,
            "import_p90": 63.067426,
            "import_p99": 0.0,
            "import_std_dev": 0.0
        }
    },
    "error": {
        "state_diff": {
            "roots": {
                "exp": "0xb6f143d68504dc4e7597912a9a7b0602b477093f93c474f1d1231c76e90b284e",
                "got": "0xf22bf925f8670fc75d525c968f0e1205ae5a3793d58e6f3592e47477e969ba3e"
            },
            "keyvals": [
                {
                    "key": "0x04000000000000000000000000000000000000000000000000000000000000",
                    "diff": {
                        "exp": "0x0746846d17469fb2f95ef365efcab9f4e22fa1feb53111c995376be8019981ccf30aa5444688b3cab47697b37d5cac5707bb3289e986b19b17db437206931a8d00000000000000000000000000000000000000000000000000000000000000000000000000000000000000000000000000000000000000000000000000000000000000000000000000000000000000000000000000000000000000000000000000000000000000000000000000000000000000000000000000000000000000000000000000000000000000000000000000000000000000000000ffff7f000001439c0000000000000000000000000000000000000000000000000000000000000000000000000000000000000000000000000000000000000000000000000000000000000000000000000000000000000000000000000000000000000000000000000000000000000000000000000000702d7c3a64472f846f454a711935bb448672fd8e07e0d243231479a55b3994c04418fb8c85bb3985394a8c2756d3643457ce614546202a2f50b093d762499ace00000000000000000000000000000000000000000000000000000000000000000000000000000000000000000000000000000000000000000000000000000000000000000000000000000000000000000000000000000000000000000000000000000000000000000000000000000000000000000000000000000000000000000000000000000000000000000000000000000000000000000000ffff7f000001409c0000000000000000000000000000000000000000000000000000000000000000000000000000000000000000000000000000000000000000000000000000000000000000000000000000000000000000000000000000000000000000000000000000000000000000000000000000dee6d555b82024f1ccf8a1e37e60fa60fd40b1958c4bb3006af78647950e1b91ad93247bd01307550ec7acd757ce6fb805fcf73db364063265b30a949e90d93300000000000000000000000000000000000000000000000000000000000000000000000000000000000000000000000000000000000000000000000000000000000000000000000000000000000000000000000000000000000000000000000000000000000000000000000000000000000000000000000000000000000000000000000000000000000000000000000000000000000000000000ffff7f000001419c00000000000000000000000000000000000000000000000000000000000000000000000000000000000000000000000000000000000000000000000000000000000000000000000000000000000000000000000000000000000000000000000000000000000000000000000000002105650944fcd101621fd5bb3124c9fd191d114b7ad936c1d79d734f9f21392eab0084d01534b31c1dd87c81645fd762482a90027754041ca1b56133d0466c0600000000000000000000000000000000000000000000000000000000000000000000000000000000000000000000000000000000000000000000000000000000000000000000000000000000000000000000000000000000000000000000000000000000000000000000000000000000000000000000000000000000000000000000000000000000000000000000000000000000000000000000ffff7f000001459c0000000000000000000000000000000000000000000000000000000000000000000000000000000000000000000000000000000000000000000000000000000000000000000000000000000000000000000000000000000000000000000000000000000000000000000000000000151e5c8fe2b9d8a606966a79edd2f9e5db47e83947ce368ccba53bf6ba20a40b8b8c5d436f92ecf605421e873a99ec528761eb52a88a2f9a057b3b3003e6f32a00000000000000000000000000000000000000000000000000000000000000000000000000000000000000000000000000000000000000000000000000000000000000000000000000000000000000000000000000000000000000000000000000000000000000000000000000000000000000000000000000000000000000000000000000000000000000000000000000000000000000000000ffff7f000001449c00000000000000000000000000000000000000000000000000000000000000000000000000000000000000000000000000000000000000000000000000000000000000000000000000000000000000000000000000000000000000000000000000000000000000000000000000009326edb21e5541717fde24ec085000b28709847b8aab1ac51f84e94b37ca1b66cab2b9ff25c2410fbe9b8a717abb298c716a03983c98ceb4def2087500b8e34100000000000000000000000000000000000000000000000000000000000000000000000000000000000000000000000000000000000000000000000000000000000000000000000000000000000000000000000000000000000000000000000000000000000000000000000000000000000000000000000000000000000000000000000000000000000000000000000000000000000000000000ffff7f000001429c000000000000000000000000000000000000000000000000000000000000000000000000000000000000000000000000000000000000000000000000000000000000000000000000000000000000000000000000000000000000000000000000000000000000000000000000000098c671e69cd9dd4fd0162ea1ed41adcd004f2c5dee3e9fa0bd23244104d33e4b143a2922faef1e5e07467bc5989a0e8086878653ec82a157c306dd6f67cdbb844fe00c2f44fc0e842770416c12a49fb504095c09083c2dcb18b747199974ec4892e630ae2b14e758ab0960e372172203f4c9a41777dadd529971d7ab9d23ab29fe0e9c85ec450505dde7f5ac038274cf019326edb21e5541717fde24ec085000b28709847b8aab1ac51f84e94b37ca1b662105650944fcd101621fd5bb3124c9fd191d114b7ad936c1d79d734f9f21392e2105650944fcd101621fd5bb3124c9fd191d114b7ad936c1d79d734f9f21392e702d7c3a64472f846f454a711935bb448672fd8e07e0d243231479a55b3994c02105650944fcd101621fd5bb3124c9fd191d114b7ad936c1d79d734f9f21392edee6d555b82024f1ccf8a1e37e60fa60fd40b1958c4bb3006af78647950e1b919326edb21e5541717fde24ec085000b28709847b8aab1ac51f84e94b37ca1b66702d7c3a64472f846f454a711935bb448672fd8e07e0d243231479a55b3994c02105650944fcd101621fd5bb3124c9fd191d114b7ad936c1d79d734f9f21392e2105650944fcd101621fd5bb3124c9fd191d114b7ad936c1d79d734f9f21392e0746846d17469fb2f95ef365efcab9f4e22fa1feb53111c995376be8019981cc0746846d17469fb2f95ef365efcab9f4e22fa1feb53111c995376be8019981cc00",