{
    "config": {
        "seed": "42",
        "profile": {
            "Empty": null
        },
        "safrole": false,
        "max_work_items": 1,
        "max_service_keys": 10,
        "mutation_ratio": 0.1,
        "max_mutations": 0,
        "max_steps": 10000
    },
    "stats": {
        "steps": 1,
        "imported": 0,
        "import_max_step": 0,
        "import_min": 0.0,
        "import_max": 0.0,
        "import_mean": 0.0,
        "import_p50": 0.0,
        "import_p75": 0.0,
        "import_p90": 0.0,
        "import_p99": 0.0,
        "import_std_dev": 0.0
    },
    "target": {
        "info": {
            "name": "spacejam",
            "app_version": {
                "major": 0,
                "minor": 0,
                "patch": 8
            },
            "jam_version": {
                "major": 0,
                "minor": 7,
                "patch": 0
            }
        },
        "stats": {
            "steps": 1,
            "imported": 1,
            "import_max_step": 1,
            "import_min": 1.4434630000000002,
            "import_max": 1.4434630000000002,
            "import_mean": 1.4434630000000002,
            "import_p50": 1.4434630000000002,
            "import_p75": 0.0,
            "import_p90": 1.4434630000000002,
            "import_p99": 0.0,
            "import_std_dev": 0.0
        }
    },
    "diff": {
        "roots": {
            "exp": "0xc4778198fea8151b33d86fac691381f50c3f806b9869992906c5153ab3d69903",
            "got": "0xc12d50ecfc436577e21e882bbb0bf99201440aa0a3c6fc2ccc9cd446ec45133f"
        },
        "keyvals": [
            {
                "key": "0x03000000000000000000000000000000000000000000000000000000000000",
                "diff": {
                    "exp": "0x08a2ed9d55bae46e106d7ac7c981db2090845fa9d7cee73a9d47ffad1ae16c392de58769b32a1beaf1ea27375a44095a0d1fb664ce2dd358e7fcbfb78c26a1934461085919df940285add67d8385d2ab9df64435632fef97839fa5c95fa46cc0b8007a666e2af4d955fc5e4560b6d2da490212a2c33ee151f8852de60b1587fb3bf71c28d7753d0da2a474006b499e96ffb0ee39817ab95a6ac4c4df44e5ce771a2512f18c681ac7506d4d257b63ab0586332c0c1be829a876f9fd4b522f12bbc89f0021c544cebf6077385392d1d791ea31ded2f7708261bc3702f3517dbc151690f89faa0c43252e1ba7c1ef557ea9878bb782a2b020ca7d6224637e5a3924ba159ac8ddf2bc306f954d07897e79a92aca0d5a61e6ff6d2d0c64f4c0e682c573505e00d504144764291b13176944456b047c47c27168f978e65ceb5d8abafafcd600f2c533236987243f5cfa2d9bf16377c9a55abf736f74b8d2d069ee9a361c9df0dd8a1ea8b1d71c447e3f9160a84a366217693fc70979812dd2cf35c5e37dcf6dfb00ec151936af04d394579edc1084a18870d4581bf997dbd907d93781093d4915aa21798dc3fb02337e41caa0455ded3f9fa93c3272bad79eb6fca6a94ea430eb7cfb8fc1f4a256b36e93e6de7a3f0138b07150728ac7871a4295f2e6efbae42fd1000adbaf1f9c5030665d368dd15766e4a70f0f3810d28b77a7f8f8d5401debceaf013ecc812e64ed7ada790b3e46cb9a9fb28f55f2f4a97511ce238f74a88c10cec974baf9992ec2a4817b1132859751d440603f5cf889bdd469a8b39c48aceccf00443ed71b50a116be121281697bf6c2897500b65a874899af250dfc3e63c984ae0673ac652cf084ba7182d262b474aad5f8a4ea0ac6280cb8f98ee9db9710745c586549da80b3a5fc4b87adf5e303f0f2850ec8db5365af077b8d1c724a00bcc20036510148a440e674da8868d446e97d17fc6f160b0748b5c5c0c4d08426bcaff0819337875a951d06b127938025478761ef58810e2e0d7599d54ed0dfb001f11d0000000000000000000000000000000000000000000000000000000000000000000501000000000000000000000000000000000000000000000000000000000000000001ad3228b676f7d3cd4284a5443f17f1962b36e491b30a40b2405849e597ba5fb501b4c11951957c6f8f642c4af61cd6b24640fec6dc7fc607ee8206a99e92410d300001e58769b32a1beaf1ea27375a44095a0d1fb664ce2dd358e7fcbfb78c26a19344",
                    "got": "0x087a666e2af4d955fc5e4560b6d2da490212a2c33ee151f8852de60b1587fb3bf71c28d7753d0da2a474006b499e96ffb0ee39817ab95a6ac4c4df44e5ce771a2512f18c681ac7506d4d257b63ab0586332c0c1be829a876f9fd4b522f12bbc89f0021c544cebf6077385392d1d791ea31ded2f7708261bc3702f3517dbc151690f89faa0c43252e1ba7c1ef557ea9878bb782a2b020ca7d6224637e5a3924ba159ac8ddf2bc306f954d07897e79a92aca0d5a61e6ff6d2d0c64f4c0e682c573505e00d504144764291b13176944456b047c47c27168f978e65ceb5d8abafafcd600f2c533236987243f5cfa2d9bf16377c9a55abf736f74b8d2d069ee9a361c9df0dd8a1ea8b1d71c447e3f9160a84a366217693fc70979812dd2cf35c5e37dcf6dfb00ec151936af04d394579edc1084a18870d4581bf997dbd907d93781093d4915aa21798dc3fb02337e41caa0455ded3f9fa93c3272bad79eb6fca6a94ea430eb7cfb8fc1f4a256b36e93e6de7a3f0138b07150728ac7871a4295f2e6efbae42fd1000adbaf1f9c5030665d368dd15766e4a70f0f3810d28b77a7f8f8d5401debceaf013ecc812e64ed7ada790b3e46cb9a9fb28f55f2f4a97511ce238f74a88c10cec974baf9992ec2a4817b1132859751d440603f5cf889bdd469a8b39c48aceccf00443ed71b50a116be121281697bf6c2897500b65a874899af250dfc3e63c984ae0673ac652cf084ba7182d262b474aad5f8a4ea0ac6280cb8f98ee9db9710745c586549da80b3a5fc4b87adf5e303f0f2850ec8db5365af077b8d1c724a00bcc20036510148a440e674da8868d446e97d17fc6f160b0748b5c5c0c4d08426bcaff0819337875a951d06b127938025478761ef58810e2e0d7599d54ed0dfb001f11dc4778198fea8151b33d86fac691381f50c3f806b9869992906c5153ab3d69903000a437da857f78be773b8dbc94e0ec932a4b55771edfc4345bd8de9373798246ad3b16455aad1283a801add21ada8a434d231925eb588ef00828f70dafa934b55000000000000000000000000000000000000000000000000000000000000000000050000000121ddb9a356815c3fac1026b6dec5df3124afbadb485c9ba5a3e3398a04b7ba8501e58769b32a1beaf1ea27375a44095a0d1fb664ce2dd358e7fcbfb78c26a19344"
                }
            },
            {
                "key": "0x04000000000000000000000000000000000000000000000000000000000000",