{
    "config": {
        "seed": "42",
        "max_steps": 4294967295,
        "safrole": false,
        "profile": {
            "full": null
        },
        "fuzzy_profile": {
            "full": null
        },
        "max_work_items": 3,
        "mutation_ratio": 0.0,
        "max_mutations": 0
    },
    "stats": {
        "steps": 5,
        "imported": 2,
        "import_max_step": 5,
        "import_min": 4.706498,
        "import_max": 7.039468,
        "import_mean": 5.872983,
        "import_p50": 7.039,
        "import_p75": 7.039,
        "import_p90": 7.039,
        "import_p99": 7.039,
        "import_std_dev": 1.6496589073047805
    },
    "target": {
        "info": {
            "fuzz_version": 1,
            "fuzz_features": 2,
            "jam_version": {
                "major": 0,
                "minor": 7,
                "patch": 0
            },
            "app_version": {
                "major": 1,
                "minor": 0,
                "patch": 0
            },
            "app_name": "tessera-target"
        },
        "stats": {
            "steps": 5,
            "imported": 2,
            "import_max_step": 5,
            "import_min": 150.483728,
            "import_max": 307.541668,
            "import_mean": 229.012698,
            "import_p50": 307.541,
            "import_p75": 307.541,
            "import_p90": 307.541,
            "import_p99": 307.541,
            "import_std_dev": 111.05673441318991
        }
    },
    "error": {
        "state_diff": {
            "roots": {
                "exp": "0x766c76b7dcb1daa24408afce64015a381c08a3bc2811fe033e3e84e7b62c2891",
                "got": "0xa845720ee0dc9b52258e56d70249aafb3a07993efb0103c381fbc4138b7f2f01"
            },
            "keyvals": [
                {
                    "key": "0x004400b500a400aaa0d7f8eab5ca1cca4a0472988422febc68a6b6a944cabf",
                    "diff": {
                        "exp": "0x4cf9a5ec",
                        "got": "0x4df9a5ec"
                    }
                },
                {
                    "key": "0x4c2cf9ffa530ec44aa84f31be60f9d7ed87eaef9dbb83ab9b4db18c1148396",
                    "diff": {
                        "exp": "0x00",
                        "got": "0x"
                    }
                },
                {
                    "key": "0x4d2cf9ffa530ec44aa84f31be60f9d7ed87eaef9dbb83ab9b4db18c1148396",
                    "diff": {
                        "exp": "0x",
                        "got": "0x00"
                    }
                },
                {
                    "key": "0xff4c00f900a500ec0000000000000000000000000000000000000000000000",
                    "diff": {
                        "exp": "0x00bb8648e2eb5cab1ebb8129eca29c8af2e5155fe1ac9400ab01852a1e0cc82b1e689c040000000000102700000000000010270000000000008e39020000000000000000000000000002000000120000000000000000000000",
                        "got": "0x"
                    }
                },
                {
                    "key": "0xff4d00f900a500ec0000000000000000000000000000000000000000000000",
                    "diff": {
                        "exp": "0x",
                        "got": "0x00bb8648e2eb5cab1ebb8129eca29c8af2e5155fe1ac9400ab01852a1e0cc82b1e689c040000000000102700000000000010270000000000008e39020000000000000000000000000002000000120000000000000000000000"
                    }
                }
            ]
        }
    }
}