{
    "config": {
        "seed": "42",
        "max_steps": 4294967295,
        "safrole": false,
        "profile": {
            "full": null
        },
        "fuzzy_profile": {
            "full": null
        },
        "max_work_items": 3,
        "mutation_ratio": 0.0,
        "max_mutations": 0
    },
    "stats": {
        "steps": 1,
        "imported": 1,
        "import_max_step": 1,
        "import_min": 10.282664,
        "import_max": 10.282664,
        "import_mean": 10.282664,
        "import_p50": 10.282664,
        "import_p75": 0.0,
        "import_p90": 10.282664,
        "import_p99": 0.0,
        "import_std_dev": 0.0
    },
    "target": {
        "info": {
            "fuzz_version": 1,
            "fuzz_features": 2,
            "jam_version": {
                "major": 0,
                "minor": 7,
                "patch": 2
            },
            "app_version": {
                "major": 0,
                "minor": 4,
                "patch": 0
            },
            "app_name": "@typeberry/jam"
        },
        "stats": {
            "steps": 1,
            "imported": 1,
            "import_max_step": 1,
            "import_min": 85.961281,
            "import_max": 85.961281,
            "import_mean": 85.961281,
            "import_p50": 85.961281,
            "import_p75": 0.0,
            "import_p90": 85.961281,
            "import_p99": 0.0,
            "import_std_dev": 0.0
        }
    },
    "diff": {
        "state": {
            "roots": {
                "exp": "0x40149b38956824da4c4cca7d823d208b170ca8705f240b5246b48488c1a998d3",
                "got": "0x186759720e1ee25897bc8cfa28752d0e3b990b58656c3d48924d1b97dc07bb33"
            },
            "keyvals": [
                {
                    "key": "0x0d000000000000000000000000000000000000000000000000000000000000",
                    "diff": {
                        "exp": "0x00000000000000000000000000000000000000000100000000000000000000000000000000000000010000000100000000000000000000000000000000000000010000000100000001000000000000000000000000000000010000000100000000000000000000000000000000000000010000000100000000000000000000000000000000000000010000000100000002000000000000000000000000000000050000000a00000000000000000000000000000000000000060000000a00000001000000000000000200000060720400050000000900000004000000000000000000000000000000060000000900000002000000000000000000000000000000050000000900000002000000000000000100000030390200060000000a00000000000000000081008afcc05fde0600000000c0565ac0a3fa0400000000000001b2b700000000000046d7ca8f000000000000000003c31c3d70d7ca8f000002c0086f000000000000683b12b7000001c0e0630000000002c1a5bd",
                        "got": "0x00000000000000000000000000000000000000000100000000000000000000000000000000000000010000000100000000000000000000000000000000000000010000000100000001000000000000000000000000000000010000000100000000000000000000000000000000000000010000000100000000000000000000000000000000000000010000000100000002000000000000000000000000000000050000000a00000000000000000000000000000000000000060000000a00000001000000000000000200000060720400050000000900000004000000000000000000000000000000060000000900000002000000000000000000000000000000050000000900000002000000000000000100000030390200060000000a00000000000000000081008afcc05fde0600000000c0565ac0a3fa0400000000000001b2b700000000000046d7ca8f000000000000000003c30c1670d7ca8f000002c0086f000000000000683b12b7000001c0e0630000000002c1a5bd"
                    }
                }
            ]
        }
    }
}