{
    "config": {
        "seed": "42",
        "max_steps": 4294967295,
        "safrole": false,
        "profile": {
            "full": null
        },
        "fuzzy_profile": {
            "full": null
        },
        "max_work_items": 3,
        "mutation_ratio": 0.0,
        "max_mutations": 0
    },
    "stats": {
        "steps": 3,
        "imported": 1,
        "import_max_step": 3,
        "import_min": 7.966174,
        "import_max": 7.966174,
        "import_mean": 7.966174,
        "import_p50": 7.966174,
        "import_p75": 0.0,
        "import_p90": 7.966174,
        "import_p99": 0.0,
        "import_std_dev": 0.0
    },
    "target": {
        "info": {
            "fuzz_version": 1,
            "fuzz_features": 2,
            "jam_version": {
                "major": 0,
                "minor": 7,
                "patch": 2
            },
            "app_version": {
                "major": 0,
                "minor": 1,
                "patch": 0
            },
            "app_name": "jamzilla"
        },
        "stats": {
            "steps": 3,
            "imported": 1,
            "import_max_step": 3,
            "import_min": 8.961689999999999,
            "import_max": 8.961689999999999,
            "import_mean": 8.961689999999999,
            "import_p50": 8.961689999999999,
            "import_p75": 0.0,
            "import_p90": 8.961689999999999,
            "import_p99": 0.0,
            "import_std_dev": 0.0
        }
    },
    "error": {
        "state_diff": {
            "roots": {
                "exp": "0x6155374b7f2dece8d19529ce8fa98b3c5ae3ea2c38b07cecf54c10e67b94d6fc",
                "got": "0x85d99a8159f9aa9f0ed3342eea9942b54f923bbe005942211067941f8b1f2abb"
            },
            "keyvals": [
                {
                    "key": "0xbbd7d145cdb7bbfec13e507a95e86ec03add50794acc76edd9370aca5ecbf2",
                    "diff": {
                        "exp": "0x8ddd8887a38f046f",
                        "got": "0xd0080b16665b91ea"
                    }
                }
            ]
        }
    }
}