{
    "config": {
        "seed": "42",
        "profile": {
            "fuzzy": null
        },
        "safrole": false,
        "max_work_items": 1,
        "max_service_keys": 10,
        "mutation_ratio": 0.1,
        "max_mutations": 0,
        "max_steps": 10000
    },
    "stats": {
        "steps": 1,
        "imported": 1,
        "import_max_step": 1,
        "import_min": 8.159464999999999,
        "import_max": 8.159464999999999,
        "import_mean": 8.159464999999999,
        "import_p50": 8.159464999999999,
        "import_p75": 0.0,
        "import_p90": 8.159464999999999,
        "import_p99": 0.0,
        "import_std_dev": 0.0
    },
    "target": {
        "info": {
            "fuzz_version": 1,
            "fuzz_features": 2,
            "jam_version": {
                "major": 0,
                "minor": 7,
                "patch": 1
            },
            "app_version": {
                "major": 0,
                "minor": 1,
                "patch": 29
            },
            "app_name": "PyJAMaz"
        },
        "stats": {
            "steps": 1,
            "imported": 1,
            "import_max_step": 1,
            "import_min": 115.256487,
            "import_max": 115.256487,
            "import_mean": 115.256487,
            "import_p50": 115.256487,
            "import_p75": 0.0,
            "import_p90": 115.256487,
            "import_p99": 0.0,
            "import_std_dev": 0.0
        }
    },
    "state_diff": {
        "roots": {
            "exp": "0xf11167d8876c442f8b69f6a36402cc130b7d003113d593ac2519231fe11fc2dc",
            "got": "0xc9e924bd20d34adfd3cb7709d2d42058c7eac4a916ab1e01894d6e3e85e92ffc"
        },
        "keyvals": [
            {
                "key": "0x00450019006a0051135ef0225518c5ddc999419ffbf52cf2d4213d55af782e",
                "diff": {
                    "exp": "0x01000000",
                    "got": "0x"
                }
            },
            {
                "key": "0x00c0001d0056003b9dfa998fdc18531738e679fe8cf0cb42c3f5f40de9fe04",
                "diff": {
                    "exp": "0x00000000ba50000000000000726566696c6c0000000000000000000000000000000000000000000000000000000000000000000000000000000000000000000000000000000000000000000000000000000000000000000000000000000000000000000000000000000000000000000000000000000000000000000000000000000000000000000000000000",
                    "got": "0x"
                }
            },
            {
                "key": "0x00f00078008e0099cd2569e9ccf2045b86062b3e1b16723b5cd83807dab284",
                "diff": {
                    "exp": "0x00000000ba50000000000000726566696c6c0000000000000000000000000000000000000000000000000000000000000000000000000000000000000000000000000000000000000000000000000000000000000000000000000000000000000000000000000000000000000000000000000000000000000000000000000000000000000000000000000000",
                    "got": "0x"
                }
            },
            {
                "key": "0x03000000000000000000000000000000000000000000000000000000000000",
                "diff": {
                    "exp": "0x062bf11dc5e1c7b9bbaafc2c8533017abc12daeb0baf22c92509ad50f7875e571600000000000000000000000000000000000000000000000000000000000000000399e896f9785712e879631af0dabdd4d84d9e277fef28ed9f4d93d2ddcad53c0071da95fb72a6f1069d766a558ca90d126b67ad7504ef37e99b2e10bdfbe905710000000000000000000000000000000000000000000000000000000000000000d3d9967b15394ece5c02160d3c1156977cf1ddaf95e6ca0e16711c920be5b9e501eb1302698c4a24296130ab592de8b75f65dcccea7fabf517c9576527d80eed1a00000000000000000000000000000000000000000000000000000000000000001b0b04e745ad1f28e000b5fb587ced4b62bcbd64d5a427b04a460bbbc0c7b679ad3228b676f7d3cd4284a5443f17f1962b36e491b30a40b2405849e597ba5fb5fc7e43b5b27f5053d17d887a850eb40a55649c6b249b3f8b0406845a5787936401150ef4ab4e4d7732b71f6cda70fd9fa351bc2d6b0c800e506ccabd8b5c370908000000000000000000000000000000000000000000000000000000000000000009adad2baa1010fab414e396be5c48c3ce1b8ebb93bf58d31bc344591b5b1ae7675f9e53123c83ddcdb2c1f5231f13646378aefc83837a4571d052ac8001483793bf30469a51a212eb6e8503d48922c20258c68f82a2edb16e99a379f463d15300c5f02b97c6f5076c269ba2db1b52679865aaaf1580784370b11cb18008fb97c7b4c11951957c6f8f642c4af61cd6b24640fec6dc7fc607ee8206a99e92410d30c3a67de39c4350b46b5f01197bd2ff2b5ac34ef201f6a53fc85224639705e1ca01061305d0e78e1242141f4aad3e9b5a654f6b16018f3017f87f9c63b6a5e0da650000000000000000000000000000000000000000000000000000000000000000912f4588fa8b4e31a048d7b4bede0a95fc1dfa08c5ab5c4238d0b5ae5a8aebdde884038e46068eaab1df24317c855e78fe94335d4adb7aa6c62920ce1352eed7000000000000000000000000000000000000000000000000000000000000000002c9bf301a4e36e835ab2fdfa215a87266b483226c78216e30f7e52dee6b1bedbe0000000000000000000000000000000000000000000000000000000000000000e89108b0aa94db3bb3254efe2710da220aa548478c7359cc90c9f5cf144db93c0000000000000000000000000000000000000000000000000000000000000000030100000000000000000000000000000000000000000000000000000000000000000001b4c11951957c6f8f642c4af61cd6b24640fec6dc7fc607ee8206a99e92410d30",
                    "got": "0x052bf11dc5e1c7b9bbaafc2c8533017abc12daeb0baf22c92509ad50f7875e571600000000000000000000000000000000000000000000000000000000000000000399e896f9785712e879631af0dabdd4d84d9e277fef28ed9f4d93d2ddcad53c0071da95fb72a6f1069d766a558ca90d126b67ad7504ef37e99b2e10bdfbe905710000000000000000000000000000000000000000000000000000000000000000d3d9967b15394ece5c02160d3c1156977cf1ddaf95e6ca0e16711c920be5b9e501eb1302698c4a24296130ab592de8b75f65dcccea7fabf517c9576527d80eed1a00000000000000000000000000000000000000000000000000000000000000001b0b04e745ad1f28e000b5fb587ced4b62bcbd64d5a427b04a460bbbc0c7b679ad3228b676f7d3cd4284a5443f17f1962b36e491b30a40b2405849e597ba5fb5fc7e43b5b27f5053d17d887a850eb40a55649c6b249b3f8b0406845a5787936401150ef4ab4e4d7732b71f6cda70fd9fa351bc2d6b0c800e506ccabd8b5c370908000000000000000000000000000000000000000000000000000000000000000009adad2baa1010fab414e396be5c48c3ce1b8ebb93bf58d31bc344591b5b1ae7675f9e53123c83ddcdb2c1f5231f13646378aefc83837a4571d052ac8001483793bf30469a51a212eb6e8503d48922c20258c68f82a2edb16e99a379f463d15300c5f02b97c6f5076c269ba2db1b52679865aaaf1580784370b11cb18008fb97c7b4c11951957c6f8f642c4af61cd6b24640fec6dc7fc607ee8206a99e92410d30000000000000000000000000000000000000000000000000000000000000000001061305d0e78e1242141f4aad3e9b5a654f6b16018f3017f87f9c63b6a5e0da65000000000000000000000000000000000000000000000000000000000000000003000001b4c11951957c6f8f642c4af61cd6b24640fec6dc7fc607ee8206a99e92410d30"
                }
            },
            {
                "key": "0x06000000000000000000000000000000000000000000000000000000000000",
                "diff": {
                    "exp": "0x2df2da11e571660649fc69b590a65ccf8d9f3416459cdc9bb1711a57fa6157f2504e96139ef67184a6d0d9f882166a3a843eb5f50ffdd7c723bbb331119be626ec88b842681a66d0e836b2a65687ab9c4c2862b475cd5e8be77dda36a4d752bd405c80c1f6a2d5a0f8dbc56996f04230221100d9500244648f02a795d7850eac",
                    "got": "0x35575520732e51c0ce05c3b23af72a937db67e90ff0b0b59bba8e8f8dcf214dc504e96139ef67184a6d0d9f882166a3a843eb5f50ffdd7c723bbb331119be626ec88b842681a66d0e836b2a65687ab9c4c2862b475cd5e8be77dda36a4d752bd405c80c1f6a2d5a0f8dbc56996f04230221100d9500244648f02a795d7850eac"
                }
            },
            {
                "key": "0x0a000000000000000000000000000000000000000000000000000000000000",