{
    "config": {
        "seed": "42",
        "profile": {
            "fuzzy": null
        },
        "safrole": false,
        "max_work_items": 1,
        "max_service_keys": 10,
        "mutation_ratio": 0.1,
        "max_mutations": 0,
        "max_steps": 10000
    },
    "stats": {
        "steps": 1,
        "imported": 1,
        "import_max_step": 1,
        "import_min": 7.486924,
        "import_max": 7.486924,
        "import_mean": 7.486924,
        "import_p50": 7.486924,
        "import_p75": 0.0,
        "import_p90": 7.486924,
        "import_p99": 0.0,
        "import_std_dev": 0.0
    },
    "target": {
        "info": {
            "fuzz_version": 1,
            "fuzz_features": 2,
            "jam_version": {
                "major": 0,
                "minor": 7,
                "patch": 1
            },
            "app_version": {
                "major": 0,
                "minor": 3,
                "patch": 2
            },
            "app_name": "duna-target"
        },
        "stats": {
            "steps": 1,
            "imported": 1,
            "import_max_step": 1,
            "import_min": 55.675213,
            "import_max": 55.675213,
            "import_mean": 55.675213,
            "import_p50": 55.675213,
            "import_p75": 0.0,
            "import_p90": 55.675213,
            "import_p99": 0.0,
            "import_std_dev": 0.0
        }
    },
    "state_diff": {
        "roots": {
            "exp": "0xcf0f481402a1e709ca14bc5ce3300cc66bb4e869874b7bce4a7ffa779769b0dd",
            "got": "0x86898febf12ecc35f6c8b85fbcc0641e0bd62296f28d917ef52ece982ad5f12f"
        },
        "keyvals": [
            {
                "key": "0x0d000000000000000000000000000000000000000000000000000000000000",
                "diff": {
                    "exp": "0x01000000000000000000000000000000010000000200000000000000000000000000000000000000010000000100000000000000000000000000000000000000010000000200000000000000000000000000000000000000010000000200000000000000000000000000000000000000010000000100000001000000000000000000000000000000010000000200000002000000000000000000000000000000040000000900000002000000000000000000000000000000040000000b00000001000000000000000000000000000000040000000c00000002000000000000000000000000000000040000000a00000003000000000000000000000000000000040000000a00000002000000000000000000000000000000040000000900000000000000000081179cb480ff0600000000813f8b2303000000000000019cb400000000000024e8498e000000000000000001c1e8454ee8498e0000018b23000000000000",
                    "got": "0x01000000000000000000000000000000010000000200000000000000000000000000000000000000010000000100000000000000000000000000000000000000010000000200000000000000000000000000000000000000010000000200000000000000000000000000000000000000010000000100000001000000000000000000000000000000010000000200000002000000000000000000000000000000040000000900000002000000000000000000000000000000040000000b00000001000000000000000000000000000000040000000c00000002000000000000000000000000000000040000000a00000003000000000000000000000000000000040000000a00000002000000000000000000000000000000040000000900000000000000000081179cb480ff0600000000813f8b2303000000000000019cb400000000000024e8498e000000000000000001c0fe484ee8498e0000018b23000000000000"
                }
            }
        ]
    },
    "import_diff": null
}
