{
    "config": {
        "seed": "space",
        "max_steps": 10000,
        "safrole": false,
        "profile": {
            "fuzzy": null
        },
        "fuzzy_profile": {
            "rand": null
        },
        "max_work_items": 5,
        "mutation_ratio": 0.1,
        "max_mutations": 1
    },
    "stats": {
        "steps": 4,
        "imported": 3,
        "import_max_step": 4,
        "import_min": 1.412044,
        "import_max": 3.2496959999999997,
        "import_mean": 2.531753,
        "import_p50": 2.933,
        "import_p75": 3.249,
        "import_p90": 3.249,
        "import_p99": 3.249,
        "import_std_dev": 0.9824984261274923
    },
    "target": {
        "info": {
            "fuzz_version": 1,
            "fuzz_features": 2,
            "jam_version": {
                "major": 0,
                "minor": 7,
                "patch": 1
            },
            "app_version": {
                "major": 0,
                "minor": 0,
                "patch": 15
            },
            "app_name": "spacejam"
        },
        "stats": {
            "steps": 4,
            "imported": 3,
            "import_max_step": 2,
            "import_min": 1.08206,
            "import_max": 7.101350999999999,
            "import_mean": 3.1455029999999997,
            "import_p50": 1.253,
            "import_p75": 7.101,
            "import_p90": 7.101,
            "import_p99": 7.101,
            "import_std_dev": 3.4269320898857916
        }
    },
    "diff": {
        "state": {
            "roots": {
                "exp": "0x2d626eae1a8a85bd2d6778a4e3b0c16da76d5eee021b53680ae0aad7720719cd",
                "got": "0xc2a038df0bc8a7155ad7e9d98eafc7363f44fd5aa96c7f9b407be77278a040d4"
            },
            "keyvals": [
                {
                    "key": "0x0d000000000000000000000000000000000000000000000000000000000000",
                    "diff": {
                        "exp": "0x01000000000000000000000000000000020000000200000000000000000000000000000000000000010000000200000000000000000000000000000000000000010000000200000002000000000000000000000000000000010000000100000000000000000000000000000000000000020000000200000000000000000000000000000000000000020000000200000000000000000000000000000000000000000000000000000000000000000000000000000000000000000000000000000000000000000000000000000000000000000000000000000000000000000000000000000000000000000000000000000000000000000000000000000000000000000000000000000000000000000000000000000000000000000000000000000081f305000000008211c0975900000000000000000100000000000003c097590000000002c0779f",
                        "got": "0x01000000000000000000000000000000020000000200000000000000000000000000000000000000010000000200000000000000000000000000000000000000010000000200000002000000000000000000000000000000010000000100000000000000000000000000000000000000020000000200000000000000000000000000000000000000020000000200000000000000000000000000000000000000000000000000000000000000000000000000000000000000000000000000000000000000000000000000000000000000000000000000000000000000000000000000000000000000000000000000000000000000000000000000000000000000000000000000000000000000000000000000000000000000000000000000000081f305000000008211c0975900000000000000000200000000000003c097590000000002c087c6a5f0fcc000000000000000000000"
                    }
                },
                {
                    "key": "0xffa500f000fc00c00000000000000000000000000000000000000000000000",
                    "diff": {
                        "exp": "0x00828667638ae6f11aa6b7d77cf058a3bb6d46346701e914f18ab7015a0de17141fe57050000000000102700000000000010270000000000008139020000000000000000000000000002000000030000000000000000000000",
                        "got": "0x00828667638ae6f11aa6b7d77cf058a3bb6d46346701e914f18ab7015a0de17141fe57050000000000102700000000000010270000000000008139020000000000000000000000000002000000030000000300000000000000"
                    }
                }
            ]
        }
    }
}