{
    "config": {
        "seed": "42",
        "max_steps": 4294967295,
        "safrole": false,
        "profile": {
            "full": null
        },
        "fuzzy_profile": {
            "full": null
        },
        "max_work_items": 3,
        "mutation_ratio": 0.0,
        "max_mutations": 0
    },
    "stats": {
        "steps": 2,
        "imported": 1,
        "import_max_step": 2,
        "import_min": 4.773072,
        "import_max": 4.773072,
        "import_mean": 4.773072,
        "import_p50": 4.773072,
        "import_p75": 0.0,
        "import_p90": 4.773072,
        "import_p99": 0.0,
        "import_std_dev": 0.0
    },
    "target": {
        "info": {
            "fuzz_version": 1,
            "fuzz_features": 2,
            "jam_version": {
                "major": 0,
                "minor": 7,
                "patch": 1
            },
            "app_version": {
                "major": 0,
                "minor": 0,
                "patch": 15
            },
            "app_name": "spacejam"
        },
        "stats": {
            "steps": 2,
            "imported": 1,
            "import_max_step": 2,
            "import_min": 8.707365999999999,
            "import_max": 8.707365999999999,
            "import_mean": 8.707365999999999,
            "import_p50": 8.707365999999999,
            "import_p75": 0.0,
            "import_p90": 8.707365999999999,
            "import_p99": 0.0,
            "import_std_dev": 0.0
        }
    },
    "diff": {
        "state": {
            "roots": {
                "exp": "0x2d626eae1a8a85bd2d6778a4e3b0c16da76d5eee021b53680ae0aad7720719cd",
                "got": "0x92e4f5db6bd8d2c253a798c9b26c3c93c68c0022cd849b94d83311cbf4af9885"
            },
            "keyvals": [
                {
                    "key": "0x0d000000000000000000000000000000000000000000000000000000000000",
                    "diff": {
                        "exp": "0x01000000000000000000000000000000020000000200000000000000000000000000000000000000010000000200000000000000000000000000000000000000010000000200000002000000000000000000000000000000010000000100000000000000000000000000000000000000020000000200000000000000000000000000000000000000020000000200000000000000000000000000000000000000000000000000000000000000000000000000000000000000000000000000000000000000000000000000000000000000000000000000000000000000000000000000000000000000000000000000000000000000000000000000000000000000000000000000000000000000000000000000000000000000000000000000000081f305000000008211c0975900000000000000000100000000000003c097590000000002c0779f",
                        "got": "0x01000000000000000000000000000000020000000200000000000000000000000000000000000000010000000200000000000000000000000000000000000000010000000200000002000000000000000000000000000000010000000100000000000000000000000000000000000000020000000200000000000000000000000000000000000000020000000200000000000000000000000000000000000000000000000000000000000000000000000000000000000000000000000000000000000000000000000000000000000000000000000000000000000000000000000000000000000000000000000000000000000000000000000000000000000000000000000000000000000000000000000000000000000000000000000000000081f305000000008211c0975900000000000000000200000000000003c097590000000002c0779fa5f0fcc000000000000000000000"
                    }
                },
                {
                    "key": "0xffa500f000fc00c00000000000000000000000000000000000000000000000",
                    "diff": {
                        "exp": "0x00828667638ae6f11aa6b7d77cf058a3bb6d46346701e914f18ab7015a0de17141fe57050000000000102700000000000010270000000000008139020000000000000000000000000002000000030000000000000000000000",
                        "got": "0x00828667638ae6f11aa6b7d77cf058a3bb6d46346701e914f18ab7015a0de17141fe57050000000000102700000000000010270000000000008139020000000000000000000000000002000000030000000300000000000000"
                    }
                }
            ]
        }
    }
}