{
    "config": {
        "seed": "42",
        "max_steps": 4294967295,
        "safrole": false,
        "profile": {
            "full": null
        },
        "fuzzy_profile": {
            "full": null
        },
        "max_work_items": 3,
        "mutation_ratio": 0.0,
        "max_mutations": 0
    },
    "stats": {
        "steps": 2,
        "imported": 1,
        "import_max_step": 2,
        "import_min": 9.741752,
        "import_max": 9.741752,
        "import_mean": 9.741752,
        "import_p50": 9.741752,
        "import_p75": 0.0,
        "import_p90": 9.741752,
        "import_p99": 0.0,
        "import_std_dev": 0.0
    },
    "target": {
        "info": {
            "fuzz_version": 1,
            "fuzz_features": 2,
            "jam_version": {
                "major": 0,
                "minor": 7,
                "patch": 1
            },
            "app_version": {
                "major": 0,
                "minor": 0,
                "patch": 15
            },
            "app_name": "spacejam"
        },
        "stats": {
            "steps": 2,
            "imported": 1,
            "import_max_step": 2,
            "import_min": 2.594714,
            "import_max": 2.594714,
            "import_mean": 2.594714,
            "import_p50": 2.594714,
            "import_p75": 0.0,
            "import_p90": 2.594714,
            "import_p99": 0.0,
            "import_std_dev": 0.0
        }
    },
    "diff": {
        "state": {
            "roots": {
                "exp": "0x631512079a27aabbb06fa75864bb96c350747ccf5fe60e5fc2645b992f0ef689",
                "got": "0x2003b30cc8dabad7e66d47d3881569fba45d984eb3aa0a3b40904bf1bab21ba5"
            },
            "keyvals": [
                {
                    "key": "0x0d000000000000000000000000000000000000000000000000000000000000",
                    "diff": {
                        "exp": "0x0100000000000000000000000000000000000000010000000000000000000000000000000000000002000000010000000000000000000000000000000000000002000000010000000100000000000000000000000000000000000000010000000000000000000000000000000000000000000000010000000000000000000000000000000000000002000000010000000000000000000000000000000000000000000000000000000000000000000000000000000000000000000000000000000000000000000000000000000000000000000000000000000000000000000000000000000000000000000000000000000000000000000000000000000000000000000000000000000000000000000000000000000000000000000000000000008c0a06000000008defc39c1f0000000000000000010000000000000ec39c1f0000000005c49fe7",
                        "got": "0x0100000000000000000000000000000000000000010000000000000000000000000000000000000002000000010000000000000000000000000000000000000002000000010000000100000000000000000000000000000000000000010000000000000000000000000000000000000000000000010000000000000000000000000000000000000002000000010000000000000000000000000000000000000000000000000000000000000000000000000000000000000000000000000000000000000000000000000000000000000000000000000000000000000000000000000000000000000000000000000000000000000000000000000000000000000000000000000000000000000000000000000000000000000000000000000000008c0a06000000008defc39c1f0000000000000000010000000000000ec39c1f0000000005c56d4b"
                    }
                }
            ]
        }
    }
}