{
    "config": {
        "seed": "42",
        "profile": {
            "full": null
        },
        "safrole": false,
        "max_work_items": 3,
        "max_service_keys": 10,
        "mutation_ratio": 0.0,
        "max_mutations": 0,
        "max_steps": 4294967295
    },
    "stats": {
        "steps": 2,
        "imported": 1,
        "import_max_step": 2,
        "import_min": 17.53275,
        "import_max": 17.53275,
        "import_mean": 17.53275,
        "import_p50": 17.53275,
        "import_p75": 0.0,
        "import_p90": 17.53275,
        "import_p99": 0.0,
        "import_std_dev": 0.0
    },
    "target": {
        "info": {
            "fuzz_version": 1,
            "fuzz_features": 2,
            "jam_version": {
                "major": 0,
                "minor": 7,
                "patch": 1
            },
            "app_version": {
                "major": 0,
                "minor": 0,
                "patch": 14
            },
            "app_name": "spacejam"
        },
        "stats": {
            "steps": 2,
            "imported": 1,
            "import_max_step": 2,
            "import_min": 16.091041,
            "import_max": 16.091041,
            "import_mean": 16.091041,
            "import_p50": 16.091041,
            "import_p75": 0.0,
            "import_p90": 16.091041,
            "import_p99": 0.0,
            "import_std_dev": 0.0
        }
    },
    "state_diff": {
        "roots": {
            "exp": "0x631512079a27aabbb06fa75864bb96c350747ccf5fe60e5fc2645b992f0ef689",
            "got": "0x087810769cf9a2753aa345b02c154652f05c13c43bcad49f7c89b8b7f5e83ce3"
        },
        "keyvals": [
            {
                "key": "0x00450019006a0051135ef0225518c5ddc999419ffbf52cf2d4213d55af782e",
                "diff": {
                    "exp": "0x01000000",
                    "got": "0x"
                }
            },
            {
                "key": "0x00f00078008e0099cd2569e9ccf2045b86062b3e1b16723b5cd83807dab284",
                "diff": {
                    "exp": "0x000000005d7b000000000000726566696c6c0000000000000000000000000000000000000000000000000000000000000000000000000000000000000000000000000000000000000000000000000000000000000000000000000000000000000000000000000000000000000000000000000000000000000000000000000000000000000000000000000000",
                    "got": "0x"
                }
            },
            {
                "key": "0x0d000000000000000000000000000000000000000000000000000000000000",
                "diff": {
                    "exp": "0x0100000000000000000000000000000000000000010000000000000000000000000000000000000002000000010000000000000000000000000000000000000002000000010000000100000000000000000000000000000000000000010000000000000000000000000000000000000000000000010000000000000000000000000000000000000002000000010000000000000000000000000000000000000000000000000000000000000000000000000000000000000000000000000000000000000000000000000000000000000000000000000000000000000000000000000000000000000000000000000000000000000000000000000000000000000000000000000000000000000000000000000000000000000000000000000000008c0a06000000008defc39c1f0000000000000000010000000000000ec39c1f0000000005c49fe7",
                    "got": "0x0100000000000000000000000000000000000000010000000000000000000000000000000000000002000000010000000000000000000000000000000000000002000000010000000100000000000000000000000000000000000000010000000000000000000000000000000000000000000000010000000000000000000000000000000000000002000000010000000000000000000000000000000000000000000000000000000000000000000000000000000000000000000000000000000000000000000000000000000000000000000000000000000000000000000000000000000000000000000000000000000000000000000000000000000000000000000000000000000000000000000000000000000000000000000000000000008c0a06000000008defc39c1f0000000000000000010000000000000ec39c1f0000000005c464c1"
                }
            },
            {
                "key": "0xff000000000000000000000000000000000000000000000000000000000000",
                "diff": {
                    "exp": "0x00f45d36b7af68cdd48be8b7793cff734678e8fcad41902f07fbb4383707775687ffffffffffffffff0a000000000000000a00000000000000a01d020000000000ffffffffffffffff11000000000000000200000000000000",
                    "got": "0x00f45d36b7af68cdd48be8b7793cff734678e8fcad41902f07fbb4383707775687ffffffffffffffff0a000000000000000a00000000000000b51c020000000000ffffffffffffffff0f000000000000000200000000000000"
                }
            }
        ]
    },
    "import_diff": null
}