{
    "config": {
        "seed": "42",
        "profile": {
            "empty": null
        },
        "safrole": false,
        "max_work_items": 1,
        "max_service_keys": 10,
        "mutation_ratio": 0.1,
        "max_mutations": 0,
        "max_steps": 10000
    },
    "stats": {
        "steps": 1,
        "imported": 1,
        "import_max_step": 1,
        "import_min": 9.052911,
        "import_max": 9.052911,
        "import_mean": 9.052911,
        "import_p50": 9.052911,
        "import_p75": 0.0,
        "import_p90": 9.052911,
        "import_p99": 0.0,
        "import_std_dev": 0.0
    },
    "target": {
        "info": {
            "fuzz_version": 1,
            "fuzz_features": 2,
            "jam_version": {
                "major": 0,
                "minor": 7,
                "patch": 0
            },
            "app_version": {
                "major": 0,
                "minor": 0,
                "patch": 12
            },
            "app_name": "spacejam"
        },
        "stats": {
            "steps": 1,
            "imported": 1,
            "import_max_step": 1,
            "import_min": 4.004458,
            "import_max": 4.004458,
            "import_mean": 4.004458,
            "import_p50": 4.004458,
            "import_p75": 0.0,
            "import_p90": 4.004458,
            "import_p99": 0.0,
            "import_std_dev": 0.0
        }
    },
    "state_diff": {
        "roots": {
            "exp": "0x5a21564ce7f7da1dcf4b8a0d8b860af96d6605f617fe6d398771465b58415017",
            "got": "0x7a8dc177a4ab7aa572d3df6350e64a2d91f523e2d8d90808ef5696f539886f1f"
        },
        "keyvals": [
            {
                "key": "0x0d000000000000000000000000000000000000000000000000000000000000",
                "diff": {
                    "exp": "0x01000000000000000000000000000000010000000300000001000000000000000000000000000000010000000300000001000000000000000000000000000000010000000300000000000000000000000000000000000000000000000300000000000000000000000000000000000000000000000300000000000000000000000000000000000000000000000200000002000000000000000100000034660100060000000a00000000000000000000000000000000000000060000000a0000000100000000000000000000000000000006000000080000000400000000000000010000003466010005000000080000000200000000000000000000000000000005000000090000000200000000000000030000009c320400050000000a0000008103050000000000000000000000000000016f315556000000000000000001c02864019da6",
                    "got": "0x01000000000000000000000000000000010000000300000001000000000000000000000000000000010000000300000001000000000000000000000000000000010000000300000000000000000000000000000000000000000000000300000000000000000000000000000000000000000000000300000000000000000000000000000000000000000000000200000002000000000000000100000034660100060000000a00000000000000000000000000000000000000060000000a0000000100000000000000000000000000000006000000080000000400000000000000010000003466010005000000080000000200000000000000000000000000000005000000090000000200000000000000030000009c320400050000000a0000008103050000000000000000000000000000016f315556000000000000000001bb930100"
                }
            },
            {
                "key": "0x6f6631e3554c562422b3b7984e6961c6789c2c7242d8374714705c9161d2a7",
                "diff": {
                    "exp": "0x6f31555661e9000000000000676966742c20613d2c20623d72656164206f6620203c3d207065656b706f6b65646174612028307802000000000000000000000000000000020000000000000000000000000000000000000000000000200000e00000000002000000000000000000000000000000000008000000000000000000000000000100000000000000",
                    "got": "0x"
                }
            },
            {
                "key": "0x6f6a31ae55a356b8c876e335de632eac1b2705f8a5476ffb5c0499d95bd432",
                "diff": {
                    "exp": "0xd29055d0ece08081",
                    "got": "0x2054535a4e1981d3"
                }
            },
            {
                "key": "0xff6f0031005500560000000000000000000000000000000000000000000000",
                "diff": {
                    "exp": "0x6c322032f9ffb452de811d2db63f5b654aefeeff6195f50f19c2c8598d0b8ae5036602000000000010270000000000001027000000000000f267010000000000000000000000000007000000020000000e00000000000000",
                    "got": "0x6c322032f9ffb452de811d2db63f5b654aefeeff6195f50f19c2c8598d0b8ae50366020000000000102700000000000010270000000000004267010000000000000000000000000006000000020000000e00000000000000"
                }
            }
        ]
    },
    "import_diff": null
}
