{
    "config": {
        "seed": "42",
        "profile": {
            "empty": null
        },
        "safrole": false,
        "max_work_items": 1,
        "max_service_keys": 10,
        "mutation_ratio": 0.1,
        "max_mutations": 0,
        "max_steps": 10000
    },
    "stats": {
        "steps": 1,
        "imported": 1,
        "import_max_step": 1,
        "import_min": 8.389119,
        "import_max": 8.389119,
        "import_mean": 8.389119,
        "import_p50": 8.389119,
        "import_p75": 0.0,
        "import_p90": 8.389119,
        "import_p99": 0.0,
        "import_std_dev": 0.0
    },
    "target": {
        "info": {
            "fuzz_version": 1,
            "fuzz_features": 2,
            "jam_version": {
                "major": 0,
                "minor": 7,
                "patch": 0
            },
            "app_version": {
                "major": 0,
                "minor": 1,
                "patch": 15
            },
            "app_name": "PyJAMaz"
        },
        "stats": {
            "steps": 1,
            "imported": 1,
            "import_max_step": 1,
            "import_min": 64.382369,
            "import_max": 64.382369,
            "import_mean": 64.382369,
            "import_p50": 64.382369,
            "import_p75": 0.0,
            "import_p90": 64.382369,
            "import_p99": 0.0,
            "import_std_dev": 0.0
        }
    },
    "state_diff": {
        "roots": {
            "exp": "0xc48fa1bf0329d3acb173fb0fd10eb4c6bb34f9d083dbf78eef278ab886c8dc7a",
            "got": "0xb7fd67c2bad31b368086f4f14bba2a9417f190c7dd4b7a79d44a09619499ef42"
        },
        "keyvals": [
            {
                "key": "0x03000000000000000000000000000000000000000000000000000000000000",
                "diff": {
                    "exp": "0x088ac48bd3ec3ccc72b65b56d38737ee49d1db1bbefe82cabf2344387e08beee073d7911474624f7cd755f286622e1bceb2e2cb3f92e4589fd6c7e35ea540548040e19fe1d10c5c384bc8abb5038451b0fc8d2c1d02ebf89e2ccf8d26460ecd2260009fdd77ceb32a2e10f904a76d7d9e12f0eb9988870307432faf9296647af41cde053d40b67ce0e062975285c16b9dcc8356cb1a4668acfaa280dd5d13da77647306eaade6fff3f447c6507912cae8cdae78ed3ff8e3507df2ae6e3d7f3ce015e027e0fd22de7faecc76c4fb1a1fb4e4bb7276ff2e2163c6bab4d65297ff211f0840000000000000000000000000000000000000000000000000000000000000000ef2f56ef005bacbd0c0a228faee38445afd8f2edebf633c92d8fa42be7acc5e00000000000000000000000000000000000000000000000000000000000000000f358acb00b27beb0281f5aa32dff62d4c1c387b599414fe3666f0ce8487499cbd76e5cac3a05f75d653bf4d20d981561b1092c3dccb4baf134283e65930039e97a33f82862e7fa2e1bdfc08abfd74d7705a7232e9f6ef1bceab4a39b3fee9f3c02a91bd207b047351895555b648750a18a882b5e7e41ec9d5c885b2ed1e4b0e8cb0000000000000000000000000000000000000000000000000000000000000000efc02a7624a83fbee8481c9c7f6602fc6cf723f4871110c41db6fc9caefbe8a30000000000000000000000000000000000000000000000000000000000000000c66fae13b1611feabbecf30316f7d6604437480498356a5a4a5fac9ebcf69df8e7e10c888d839f4b8d03d00df07d61b47d1ad86740c61a6d90ede968a6a14210eb07f25ebcc352235d5cbe1bdbfb5eca0476baf91473efb023deefceac4213c1001daea76f4adbde1bc1ee2dd5367a9527d9cbf2c3726f8fa4f135473d5384c4f9e9eb312f937a03fe20281d0438d2e3c637f781073f1b9d609811e1b36ee52b933e017a31e50be85b70a22fad37d3fc8c42710b2f029de53e41fea7086a6a721001ddbbad598a673ff0f1c4d7056d08ef80f7eb33c4ca341e831b8b42921461ae7c000000000000000000000000000000000000000000000000000000000000000066129b99abdcd5bf55b410f1772ed2eeae045cc342f3e21e25f8d51cb414aa32e1dc4daf69cd28a8d73ba8b39b3705261bafc53ce4b4ac0c94704c6fea40a8f64dbbdb6aef0762436abbf4443f55a84ddf85f6478f9b5066774c27340a06b6fb01a3296d78bcda6240fa8a4ba9207badb443a7bcc042550c44af82de70fb91e7960000000000000000000000000000000000000000000000000000000000000000fa99e924f6d7dbdc90fc21895fcf27b5ac6c54f3a5a0498f6c87c52918c6ebae24286529302b7c69f142e0c193e40b59fc2a78388b1b56cfac5367ccd187896df5754c166579fee424ccbb17465245ecbdfa47b9927a5059fa38e1a7e31c969c01e8b6923da5b3febc642df7494df012eed36396daa36da17a8a0fec8dbc54a74700000000000000000000000000000000000000000000000000000000000000008a9199a5d8619dc5ec37700a907cf40da0c89cbde75c640c89e967fd42e04c45e6d61522bbf0751a0fa8c29779f1ce7754bd53284040b389d8cd6e7dd9e757f50000000000000000000000000000000000000000000000000000000000000000000501000000000000000000000000000000000000000000000000000000000000000001ad3228b676f7d3cd4284a5443f17f1962b36e491b30a40b2405849e597ba5fb5000001e9eb312f937a03fe20281d0438d2e3c637f781073f1b9d609811e1b36ee52b93",
                    "got": "0x08750e1165cc96e6061764a21a7ffe09d56bbd7952e147193fd91933e233cd35a35a117dd584d15a66927d679dcc9cc7e4d5d4e01bd9bd157a54a162223f9adb5581fc201d8cdc917a2ee6bd8372cbdcdf2bf5c79762164989fe19a1d1f9a01324023c1a64faa4b8e65eb4d207fdc2f5f6246ac3fd14fe71771608dc654cd1786dc60000000000000000000000000000000000000000000000000000000000000000dac14151f49fe51a2555dbb4d6a155f83f7d372d9141614e1a0ec93df20049fb00000000000000000000000000000000000000000000000000000000000000008ac48bd3ec3ccc72b65b56d38737ee49d1db1bbefe82cabf2344387e08beee073d7911474624f7cd755f286622e1bceb2e2cb3f92e4589fd6c7e35ea540548040e19fe1d10c5c384bc8abb5038451b0fc8d2c1d02ebf89e2ccf8d26460ecd2260009fdd77ceb32a2e10f904a76d7d9e12f0eb9988870307432faf9296647af41cde053d40b67ce0e062975285c16b9dcc8356cb1a4668acfaa280dd5d13da77647306eaade6fff3f447c6507912cae8cdae78ed3ff8e3507df2ae6e3d7f3ce015e027e0fd22de7faecc76c4fb1a1fb4e4bb7276ff2e2163c6bab4d65297ff211f0840000000000000000000000000000000000000000000000000000000000000000ef2f56ef005bacbd0c0a228faee38445afd8f2edebf633c92d8fa42be7acc5e00000000000000000000000000000000000000000000000000000000000000000f358acb00b27beb0281f5aa32dff62d4c1c387b599414fe3666f0ce8487499cbd76e5cac3a05f75d653bf4d20d981561b1092c3dccb4baf134283e65930039e97a33f82862e7fa2e1bdfc08abfd74d7705a7232e9f6ef1bceab4a39b3fee9f3c02a91bd207b047351895555b648750a18a882b5e7e41ec9d5c885b2ed1e4b0e8cb0000000000000000000000000000000000000000000000000000000000000000efc02a7624a83fbee8481c9c7f6602fc6cf723f4871110c41db6fc9caefbe8a30000000000000000000000000000000000000000000000000000000000000000c66fae13b1611feabbecf30316f7d6604437480498356a5a4a5fac9ebcf69df8e7e10c888d839f4b8d03d00df07d61b47d1ad86740c61a6d90ede968a6a14210eb07f25ebcc352235d5cbe1bdbfb5eca0476baf91473efb023deefceac4213c1001daea76f4adbde1bc1ee2dd5367a9527d9cbf2c3726f8fa4f135473d5384c4f9e9eb312f937a03fe20281d0438d2e3c637f781073f1b9d609811e1b36ee52b933e017a31e50be85b70a22fad37d3fc8c42710b2f029de53e41fea7086a6a721001ddbbad598a673ff0f1c4d7056d08ef80f7eb33c4ca341e831b8b42921461ae7c000000000000000000000000000000000000000000000000000000000000000066129b99abdcd5bf55b410f1772ed2eeae045cc342f3e21e25f8d51cb414aa32e1dc4daf69cd28a8d73ba8b39b3705261bafc53ce4b4ac0c94704c6fea40a8f64dbbdb6aef0762436abbf4443f55a84ddf85f6478f9b5066774c27340a06b6fb01a3296d78bcda6240fa8a4ba9207badb443a7bcc042550c44af82de70fb91e7960000000000000000000000000000000000000000000000000000000000000000fa99e924f6d7dbdc90fc21895fcf27b5ac6c54f3a5a0498f6c87c52918c6ebae24286529302b7c69f142e0c193e40b59fc2a78388b1b56cfac5367ccd187896d000000000000000000000000000000000000000000000000000000000000000001e8b6923da5b3febc642df7494df012eed36396daa36da17a8a0fec8dbc54a7470000000000000000000000000000000000000000000000000000000000000000050001ad3228b676f7d3cd4284a5443f17f1962b36e491b30a40b2405849e597ba5fb5000001e9eb312f937a03fe20281d0438d2e3c637f781073f1b9d609811e1b36ee52b93"
                }
            },
            {
                "key": "0x06000000000000000000000000000000000000000000000000000000000000",
                "diff": {
                    "exp": "0xac087adc7494ea993ed160c5b0e2426cde8b5a045a524e0464af6b7ff0ed1f2ecadab340dd999fcaef76716546af6a2ff095949fc96fe05d23b881922723d5051428265b0bc1b7db5d6729b7494ce729306909ff5a6f25f2ba315f71f7f821d01029ee431e2c99f2db4c6a38f6bfe68fa467094e5bc193892e830eaefc494677",