{
    "config": {
        "seed": "42",
        "profile": {
            "full": null
        },
        "safrole": false,
        "max_work_items": 3,
        "max_service_keys": 10,
        "mutation_ratio": 0.0,
        "max_mutations": 0,
        "max_steps": 4294967295
    },
    "stats": {
        "steps": 1,
        "imported": 1,
        "import_max_step": 1,
        "import_min": 23.0955,
        "import_max": 23.0955,
        "import_mean": 23.0955,
        "import_p50": 23.0955,
        "import_p75": 0.0,
        "import_p90": 23.0955,
        "import_p99": 0.0,
        "import_std_dev": 0.0
    },
    "target": {
        "info": {
            "fuzz_version": 1,
            "fuzz_features": 2,
            "jam_version": {
                "major": 0,
                "minor": 7,
                "patch": 1
            },
            "app_version": {
                "major": 0,
                "minor": 0,
                "patch": 14
            },
            "app_name": "spacejam"
        },
        "stats": {
            "steps": 1,
            "imported": 1,
            "import_max_step": 1,
            "import_min": 32.820958,
            "import_max": 32.820958,
            "import_mean": 32.820958,
            "import_p50": 32.820958,
            "import_p75": 0.0,
            "import_p90": 32.820958,
            "import_p99": 0.0,
            "import_std_dev": 0.0
        }
    },
    "state_diff": {
        "roots": {
            "exp": "0x11a2ad48ce3846530cb84cc708b39ee2356e0bd5f9f9c55abfde7e8e50db3e93",
            "got": "0x1085cbc26a998c48acf7b6984b22f45bfdf14e778d455a990cbcf31f63a920f8"
        },
        "keyvals": [
            {
                "key": "0x0d000000000000000000000000000000000000000000000000000000000000",
                "diff": {
                    "exp": "0x010000000000000000000000000000000300000007000000000000000000000000000000000000000400000005000000010000000000000000000000000000000400000006000000030000000000000000000000000000000300000006000000010000000000000000000000000000000300000006000000020000000000000000000000000000000400000006000000000000000000000000000000000000000000000000000000000000000000000000000000000000000000000000000000000000000000000000000000000000000000000000000000000000000000000000000000000000000000000000000000000000000000000000000000000000000000000000000000000000000000000000000000000000000000000000000000912206000000000000818d05000000009993c4c62e0100000000000005c4c62e0000000007c7d72a",
                    "got": "0x010000000000000000000000000000000300000007000000000000000000000000000000000000000400000005000000010000000000000000000000000000000400000006000000030000000000000000000000000000000300000006000000010000000000000000000000000000000300000006000000020000000000000000000000000000000400000006000000000000000000000000000000000000000000000000000000000000000000000000000000000000000000000000000000000000000000000000000000000000000000000000000000000000000000000000000000000000000000000000000000000000000000000000000000000000000000000000000000000000000000000000000000000000000000000000000000912206000000000000818d05000000009993c4c62e0100000000000005c4c62e0000000007c41abc"
                }
            }
        ]
    },
    "import_diff": null
}