{
    "config": {
        "seed": "42",
        "profile": {
            "empty": null
        },
        "safrole": false,
        "max_work_items": 1,
        "max_service_keys": 10,
        "mutation_ratio": 0.1,
        "max_mutations": 0,
        "max_steps": 10000
    },
    "stats": {
        "steps": 1,
        "imported": 1,
        "import_max_step": 1,
        "import_min": 8.586289,
        "import_max": 8.586289,
        "import_mean": 8.586289,
        "import_p50": 8.586289,
        "import_p75": 0.0,
        "import_p90": 8.586289,
        "import_p99": 0.0,
        "import_std_dev": 0.0
    },
    "target": {
        "info": {
            "fuzz_version": 1,
            "fuzz_features": 2,
            "jam_version": {
                "major": 0,
                "minor": 7,
                "patch": 0
            },
            "app_version": {
                "major": 0,
                "minor": 0,
                "patch": 1
            },
            "app_name": "strawberry"
        },
        "stats": {
            "steps": 1,
            "imported": 1,
            "import_max_step": 1,
            "import_min": 42.853657000000005,
            "import_max": 42.853657000000005,
            "import_mean": 42.853657000000005,
            "import_p50": 42.853657000000005,
            "import_p75": 0.0,
            "import_p90": 42.853657000000005,
            "import_p99": 0.0,
            "import_std_dev": 0.0
        }
    },
    "state_diff": {
        "roots": {
            "exp": "0x9f0d86ee6902870364b8e41f0de9806683fc6f5161131aa9300477573856d8b7",
            "got": "0x642dd678912d64e27be1a93ace276b4d7f0aec16b8e998b5736be4103ee014b6"
        },
        "keyvals": [
            {
                "key": "0x03000000000000000000000000000000000000000000000000000000000000",
                "diff": {
                    "exp": "0x08baf5ad019695b8fe3ba58241b322c2ac4d084e8749aab226d269554380ca924586c104020fb9d0fc582f03e7e43003f0ee10d84fab951c6eb62806693ed32388fe9c2e0b95a56c2a04d9a7060276bfc42637d2869b913a9a0d5f2cc5b0ed61e900bac8f3ac5a59bad37654e556fcbc6d0e833aec54726869a7caddb57e6ad79f3ea7423aeab2d7de2769ddb789e77b89bd5c79618ad806512b3e8e167d5567a29216fe32744d7ae27512b7538addef241f55460da2fe67a9ec6cc49008ef7fc45e01fbc0fd593c60ca075cd4a79b41c6b21d276b632c252cafe05e028b5f4697bbb7000000000000000000000000000000000000000000000000000000000000000067422c32d32f76d34d3000d4a3ce3d4ecbcd13fb83cf303358b26e45b25b1a411d26a84ad140290ba640ad391fc0421c5ac30f36a9ce547eba5f070d617b2df2be879d250c4f3b250166a7ca88aeadc79b9898cf3b121209865b3b7fd5e7a13c0145fbc2344401c343f79c1d0ff823f58e9717899985ece6eb8f7a48e1d30087190000000000000000000000000000000000000000000000000000000000000000df789a84e8c9a3c223b368bf96a09b7409c9b3772434c4344f5a37e01dac9f374253254f4fcd8b44585d082e1647dcd98df9c8179095c3d887ddbe8cc78e75497d6f8ab8a0dc4b1acd3e4318504d84a9852c9454500440b355fe9f2a991dcce200298efecc5bfef1f894c42083ad2aef833a1788c1a3d30c5a9bbde5292d9621fe2801d7bd9627dde3005624ef760c0058105445b4325ac5c2501a3c8a28e93c461f9d18901e86f1b7a4ac69fc1a4b976e8485435e06846322ed7931083f36300501941fde5f34ac216221a04a53de7efca3bd71aedf2b2726b6f37818600c8c17fd00000000000000000000000000000000000000000000000000000000000000006a8f2f05376835a57b3d4abff14ac599d9c2a6560e8c14b0a06678d1dc8a2aa5fb0f2442a890db9ca07436b0372cf94f4abca89201a13fd5d6350ce3fdfed74e33c44d85df2769184c562d17294223a633e3c208973cd2bb0f6e9eb284102a9200f19789672653dbf080497f2da651fbf17b82434c0685b77b9c856af57c9c7b1de153e4ea371792a89d772c29e1359bc5fff28ce5242fe7abbe094e036461e5b63a5550a24864d9c1a0f16d81121549f1baa33ca8683cb53fdc20bc1f4a6b325f020d22ae003724cf263532fc8648fea28589658097dd56b70e36a3b10e1ff86b97000000000000000000000000000000000000000000000000000000000000000092a42f5d9df04711b74e66e264d176a5c475c47c94eeca586d970e24f4d15e4900000000000000000000000000000000000000000000000000000000000000001510190d32c492bc0bf30195678c6bbd266ccab3e116d0c24eec240b9146f8fc59e17c063b784cf6ff5aa70663f0912ac1fc8cd30775ae6df157b882901f5e330000000000000000000000000000000000000000000000000000000000000000012ee23e3b32873b5f4251ecd38f6e48e95f0c00f7d2f6b8908c8e0e8dc8c755cf0000000000000000000000000000000000000000000000000000000000000000090000011e51a08c301bd7beb648f268f2b7eb8aa5351d32576586588815074caf0a24060000017c92961d8d23951914cfb50177dba27f547c5ea2b1f8b2e7f218fa37a967124c000001b3f3d12e11a12d14f568e496c80b2af7913b22591c05f6646926a93356f61f63",
                    "got": "0x08baf5ad019695b8fe3ba58241b322c2ac4d084e8749aab226d269554380ca924586c104020fb9d0fc582f03e7e43003f0ee10d84fab951c6eb62806693ed32388fe9c2e0b95a56c2a04d9a7060276bfc42637d2869b913a9a0d5f2cc5b0ed61e900bac8f3ac5a59bad37654e556fcbc6d0e833aec54726869a7caddb57e6ad79f3ea7423aeab2d7de2769ddb789e77b89bd5c79618ad806512b3e8e167d5567a29216fe32744d7ae27512b7538addef241f55460da2fe67a9ec6cc49008ef7fc45e01fbc0fd593c60ca075cd4a79b41c6b21d276b632c252cafe05e028b5f4697bbb7000000000000000000000000000000000000000000000000000000000000000067422c32d32f76d34d3000d4a3ce3d4ecbcd13fb83cf303358b26e45b25b1a411d26a84ad140290ba640ad391fc0421c5ac30f36a9ce547eba5f070d617b2df2be879d250c4f3b250166a7ca88aeadc79b9898cf3b121209865b3b7fd5e7a13c0145fbc2344401c343f79c1d0ff823f58e9717899985ece6eb8f7a48e1d30087190000000000000000000000000000000000000000000000000000000000000000df789a84e8c9a3c223b368bf96a09b7409c9b3772434c4344f5a37e01dac9f374253254f4fcd8b44585d082e1647dcd98df9c8179095c3d887ddbe8cc78e75497d6f8ab8a0dc4b1acd3e4318504d84a9852c9454500440b355fe9f2a991dcce200298efecc5bfef1f894c42083ad2aef833a1788c1a3d30c5a9bbde5292d9621fe2801d7bd9627dde3005624ef760c0058105445b4325ac5c2501a3c8a28e93c461f9d18901e86f1b7a4ac69fc1a4b976e8485435e06846322ed7931083f36300501941fde5f34ac216221a04a53de7efca3bd71aedf2b2726b6f37818600c8c17fd00000000000000000000000000000000000000000000000000000000000000006a8f2f05376835a57b3d4abff14ac599d9c2a6560e8c14b0a06678d1dc8a2aa5fb0f2442a890db9ca07436b0372cf94f4abca89201a13fd5d6350ce3fdfed74e33c44d85df2769184c562d17294223a633e3c208973cd2bb0f6e9eb284102a9200f19789672653dbf080497f2da651fbf17b82434c0685b77b9c856af57c9c7b1de153e4ea371792a89d772c29e1359bc5fff28ce5242fe7abbe094e036461e5b63a5550a24864d9c1a0f16d81121549f1baa33ca8683cb53fdc20bc1f4a6b325f020d22ae003724cf263532fc8648fea28589658097dd56b70e36a3b10e1ff86b97000000000000000000000000000000000000000000000000000000000000000092a42f5d9df04711b74e66e264d176a5c475c47c94eeca586d970e24f4d15e4900000000000000000000000000000000000000000000000000000000000000001510190d32c492bc0bf30195678c6bbd266ccab3e116d0c24eec240b9146f8fc4ad5c11ee00753fe2bf476ea5de49f13b8b3e54119d5e39d2d8aa3cfc024faa50000000000000000000000000000000000000000000000000000000000000000012ee23e3b32873b5f4251ecd38f6e48e95f0c00f7d2f6b8908c8e0e8dc8c755cf000000000000000000000000000000000000000000000000000000000000000009000001eb00179a090f0f47e7c8e143962675670ea58f0794aa87317a8de6b2e1510a6e0000017c92961d8d23951914cfb50177dba27f547c5ea2b1f8b2e7f218fa37a967124c000001b3f3d12e11a12d14f568e496c80b2af7913b22591c05f6646926a93356f61f63"
                }
            },
            {
                "key": "0x07000000000000000000000000000000000000000000000000000000000000",