{
  "info": {
    "name": "jamzilla",
    "app_version": {
      "major": 0,
      "minor": 1,
      "patch": 0
    },
    "jam_version": {
      "major": 0,
      "minor": 7,
      "patch": 0
    }
  },
  "stats": {
    "steps": 100,
    "imported": 100,
    "import_max_step": 96,
    "import_min": 9.094318000000001,
    "import_max": 61.057614,
    "import_mean": 23.091104009999995,
    "import_p50": 18.492,
    "import_p75": 26.559,
    "import_p90": 34.88,
    "import_p99": 59.94,
    "import_std_dev": 13.885843483882041
  }
}
