{
  "info": {
    "name": "jamzilla",
    "app_version": {
      "major": 0,
      "minor": 1,
      "patch": 0
    },
    "jam_version": {
      "major": 0,
      "minor": 7,
      "patch": 0
    }
  },
  "stats": {
    "steps": 100,
    "imported": 100,
    "import_max_step": 8,
    "import_min": 10.558926999999999,
    "import_max": 193.22349599999998,
    "import_mean": 59.122981200000005,
    "import_p50": 52.528,
    "import_p75": 84.867,
    "import_p90": 124.144,
    "import_p99": 184.049,
    "import_std_dev": 47.72192306962362
  }
}
