{
    "config": {
        "seed": "42",
        "profile": {
            "Empty": null
        },
        "safrole": false,
        "max_work_items": 1,
        "max_service_keys": 10,
        "mutation_ratio": 0.1,
        "max_mutations": 0,
        "max_steps": 10000
    },
    "stats": {
        "steps": 1,
        "imported": 1,
        "import_max_step": 1,
        "import_min": 13.697694,
        "import_max": 13.697694,
        "import_mean": 13.697694,
        "import_p50": 13.697694,
        "import_p75": 0.0,
        "import_p90": 13.697694,
        "import_p99": 0.0,
        "import_std_dev": 0.0
    },
    "target": {
        "info": {
            "name": "jamzig-target",
            "app_version": {
                "major": 0,
                "minor": 1,
                "patch": 0
            },
            "jam_version": {
                "major": 0,
                "minor": 7,
                "patch": 0
            }
        },
        "stats": {
            "steps": 1,
            "imported": 1,
            "import_max_step": 1,
            "import_min": 11.699647,
            "import_max": 11.699647,
            "import_mean": 11.699647,
            "import_p50": 11.699647,
            "import_p75": 0.0,
            "import_p90": 11.699647,
            "import_p99": 0.0,
            "import_std_dev": 0.0
        }
    },
    "diff": {
        "roots": {
            "exp": "0xa65119f96d7c0851c0faec83361a55bac47971f511e8e4ac86af5bf03df8078c",
            "got": "0x38e084758544988956a4f32a24d4c6594bf914aa7ef3a65a953b625b9cd76f79"
        },
        "keyvals": [
            {
                "key": "0xff000000000000000000000000000000000000000000000000000000000000",
                "diff": {
                    "exp": "0x3f72b36f023e0a26ba5e3bb25dccd8bc38055b9561f7ca61fecb0c957de7e5779182eaffffffffff0a000000000000000a000000000000001278020000000000ffffffffffffffff05000000000000000500000000000000",
                    "got": "0x3f72b36f023e0a26ba5e3bb25dccd8bc38055b9561f7ca61fecb0c957de7e577fcc1ebffffffffff0a000000000000000a000000000000001278020000000000ffffffffffffffff05000000000000000500000000000000"
                }
            }
        ]
    }
}
