{
    "config": {
        "seed": "42",
        "profile": {
            "empty": null
        },
        "safrole": false,
        "max_work_items": 1,
        "max_service_keys": 10,
        "mutation_ratio": 0.1,
        "max_mutations": 0,
        "max_steps": 10000
    },
    "stats": {
        "steps": 1,
        "imported": 1,
        "import_max_step": 1,
        "import_min": 15.547272,
        "import_max": 15.547272,
        "import_mean": 15.547272,
        "import_p50": 15.547272,
        "import_p75": 0.0,
        "import_p90": 15.547272,
        "import_p99": 0.0,
        "import_std_dev": 0.0
    },
    "target": {
        "info": {
            "fuzz_version": 1,
            "fuzz_features": 2,
            "jam_version": {
                "major": 0,
                "minor": 7,
                "patch": 0
            },
            "app_version": {
                "major": 0,
                "minor": 1,
                "patch": 0
            },
            "app_name": "boka-fuzzing-target"
        },
        "stats": {
            "steps": 1,
            "imported": 1,
            "import_max_step": 1,
            "import_min": 44.026253000000004,
            "import_max": 44.026253000000004,
            "import_mean": 44.026253000000004,
            "import_p50": 44.026253000000004,
            "import_p75": 0.0,
            "import_p90": 44.026253000000004,
            "import_p99": 0.0,
            "import_std_dev": 0.0
        }
    },
    "state_diff": {
        "roots": {
            "exp": "0x2c0dc825ef981a0bb19587efa35809f9b92ba80a0161a413fd4c61bafec739c0",
            "got": "0xcb9660b3e670d57b8daa7f7906c2bcd68fdae58558203321002c8615889547a1"
        },
        "keyvals": [
            {
                "key": "0x0d000000000000000000000000000000000000000000000000000000000000",
                "diff": {
                    "exp": "0x03000000000000000200000068cc0200060000000a00000002000000000000000100000034660100060000000a00000002000000000000000000000000000000020000000a00000000000000000000000000000000000000020000000800000000000000000000000000000000000000060000000a00000004000000000000000200000068cc0200020000000b00000002000000000000000000000000000000040000000700000000000000000000000000000000000000040000000a00000001000000000000000000000000000000040000000700000004000000000000000000000000000000040000000700000002000000000000000000000000000000040000000800000002000000000000000000000000000000040000000800000091590600000000000088c70500000000810388ea054e600b8c000000000000000001c09295000078600b8c000000000000000001c02a680000e844518e000000000000000001c0cf95000034b64bcb00000188ea00000000000000006be7fee2000000000000000001c093950000",
                    "got": "0x03000000000000000200000068cc0200060000000a00000002000000000000000100000034660100060000000a00000002000000000000000000000000000000020000000a00000000000000000000000000000000000000020000000800000000000000000000000000000000000000060000000a00000004000000000000000200000068cc0200020000000b00000002000000000000000000000000000000040000000700000000000000000000000000000000000000040000000a00000001000000000000000000000000000000040000000700000004000000000000000000000000000000040000000700000002000000000000000000000000000000040000000800000002000000000000000000000000000000040000000800000091590600000000000088c70500000000810388ea054e600b8c000000000000000001c00196000078600b8c000000000000000001c096680000e844518e000000000000000001c03b96000034b64bcb00000188ea00000000000000006be7fee2000000000000000001c0ff950000"
                }
            },
            {
                "key": "0x4ea460940b2a8ceede34e52ce402f065eb04bfaee62f20ec7e0a4c3eb3f5ef",
                "diff": {
                    "exp": "0x01000000",
                    "got": "0x00000000"
                }
            },
            {
                "key": "0x6ba4e794fe2ae2eede34e52ce402f065eb04bfaee62f20ec7e0a4c3eb3f5ef",
                "diff": {
                    "exp": "0x01000000",
                    "got": "0x00000000"
                }
            },
            {
                "key": "0x78a460940b2a8ceede34e52ce402f065eb04bfaee62f20ec7e0a4c3eb3f5ef",
                "diff": {
                    "exp": "0x03000000",
                    "got": "0x00000000"
                }
            },
            {
                "key": "0xe8a44494512a8eeede34e52ce402f065eb04bfaee62f20ec7e0a4c3eb3f5ef",
                "diff": {
                    "exp": "0x01000000",
                    "got": "0x00000000"
                }
            }
        ]
    },
    "import_diff": null
}
