{
    "config": {
        "seed": "42",
        "max_steps": 4294967295,
        "safrole": false,
        "profile": {
            "full": null
        },
        "fuzzy_profile": {
            "full": null
        },
        "max_work_items": 3,
        "mutation_ratio": 0.0,
        "max_mutations": 0
    },
    "stats": {
        "steps": 3,
        "imported": 1,
        "import_max_step": 3,
        "import_min": 6.5923,
        "import_max": 6.5923,
        "import_mean": 6.5923,
        "import_p50": 6.5923,
        "import_p75": 0.0,
        "import_p90": 6.5923,
        "import_p99": 0.0,
        "import_std_dev": 0.0
    },
    "target": {
        "info": {
            "fuzz_version": 1,
            "fuzz_features": 2,
            "jam_version": {
                "major": 0,
                "minor": 7,
                "patch": 2
            },
            "app_version": {
                "major": 0,
                "minor": 5,
                "patch": 0
            },
            "app_name": "@typeberry/jam"
        },
        "stats": {
            "steps": 3,
            "imported": 1,
            "import_max_step": 3,
            "import_min": 93.440805,
            "import_max": 93.440805,
            "import_mean": 93.440805,
            "import_p50": 93.440805,
            "import_p75": 0.0,
            "import_p90": 93.440805,
            "import_p99": 0.0,
            "import_std_dev": 0.0
        }
    },
    "error": {
        "state_diff": {
            "roots": {
                "exp": "0x126a5c1f4ffc33d698af8ea6e638435704bb61a0e1606de6e84230efaa17acb6",
                "got": "0xf2ad98690768a08867fc5568744dbaaa6bb8183ce10b6af76259c9d238afdfaa"
            },
            "keyvals": [
                {
                    "key": "0x0d000000000000000000000000000000000000000000000000000000000000",
                    "diff": {
                        "exp": "0x0000000000000000000000000000000001000000030000000000000000000000000000000000000002000000020000000100000000000000000000000000000001000000030000000100000000000000000000000000000001000000030000000100000000000000010000003a000000000000000300000000000000000000000000000000000000010000000300000000000000000000000000000000000000060000000c00000002000000000000000000000000000000050000000b0000000200000000000000010000002f000000050000000c00000001000000000000000000000000000000050000000b00000004000000000000000000000000000000050000000c000000030000000000000004000000ddab0600040000000b00000088a8050011855c008adbc041518ca2050000000000000500000000000001a3940001790001c01c7bc505d5070000018bdd000280920002bcbc01ac7125000002967c000882720001b613d8ca9f4d000000000000000001bf19c5217d530000018b54000681df0002b143",
                        "got": "0x0000000000000000000000000000000002000000030000000000000000000000000000000000000001000000020000000100000000000000000000000000000001000000030000000100000000000000000000000000000001000000030000000100000000000000010000003a000000000000000300000000000000000000000000000000000000010000000300000000000000000000000000000000000000060000000c00000002000000000000000000000000000000050000000b0000000200000000000000010000002f000000050000000c00000001000000000000000000000000000000050000000b00000004000000000000000000000000000000050000000c000000030000000000000004000000ddab0600040000000b00000088a8050011855c008adbc041518ca2050000000000000500000000000001a3940001790001c01c7bc505d5070000018bdd000280920002bcbc01ac7125000002967c000882720001b613d8ca9f4d000000000000000001bf19c5217d530000018b54000681df0002b143"
                    }
                }
            ]
        }
    }
}