{
    "config": {
        "seed": "1766255635_2557",
        "max_steps": 1000000,
        "safrole": false,
        "profile": {
            "fuzzy": null
        },
        "fuzzy_profile": {
            "rand": null
        },
        "max_work_items": 5,
        "mutation_ratio": 0.1,
        "max_mutations": 3
    },
    "stats": {
        "steps": 153,
        "imported": 69,
        "import_max_step": 131,
        "import_min": 1.340157,
        "import_max": 175.36291,
        "import_mean": 7.015090594202897,
        "import_p50": 4.079,
        "import_p75": 6.862,
        "import_p90": 8.239,
        "import_p99": 11.624,
        "import_std_dev": 20.753628610123904
    },
    "target": {
        "info": {
            "fuzz_version": 1,
            "fuzz_features": 2,
            "jam_version": {
                "major": 0,
                "minor": 7,
                "patch": 2
            },
            "app_version": {
                "major": 0,
                "minor": 0,
                "patch": 2
            },
            "app_name": "strawberry"
        },
        "stats": {
            "steps": 153,
            "imported": 69,
            "import_max_step": 131,
            "import_min": 4.431264,
            "import_max": 107.53286200000001,
            "import_mean": 20.676596710144928,
            "import_p50": 17.734,
            "import_p75": 25.666,
            "import_p90": 34.026,
            "import_p99": 57.068,
            "import_std_dev": 14.653350497829802
        }
    },
    "error": {
        "state_diff": {
            "roots": {
                "exp": "0xcc94abc63e661aa366b82ff865e2e6febe4588d8c2bdea4cef0e531fe0622646",
                "got": "0x9fdad14e785a26ad735b608ef56dd4c78a94f74751a34e704d21496c53d78488"
            },
            "keyvals": [
                {
                    "key": "0x31d788457fb79efec13e507a95e86ec03add50794acc76edd9370aca5ecbf2",
                    "diff": {
                        "exp": "0x7e3b09c82b8ba8c6",
                        "got": "0x25d6967b58d2780a"
                    }
                }
            ]
        }
    }
}