{
    "config": {
        "seed": "42",
        "profile": {
            "Empty": null
        },
        "safrole": false,
        "max_work_items": 1,
        "max_service_keys": 10,
        "mutation_ratio": 0.1,
        "max_mutations": 0,
        "max_steps": 10000
    },
    "stats": {
        "steps": 1,
        "imported": 1,
        "import_max_step": 1,
        "import_min": 1.828377,
        "import_max": 1.828377,
        "import_mean": 1.828377,
        "import_p50": 1.828377,
        "import_p75": 0.0,
        "import_p90": 1.828377,
        "import_p99": 0.0,
        "import_std_dev": 0.0
    },
    "target": {
        "info": {
            "name": "spacejam",
            "app_version": {
                "major": 0,
                "minor": 0,
                "patch": 9
            },
            "jam_version": {
                "major": 0,
                "minor": 7,
                "patch": 0
            }
        },
        "stats": {
            "steps": 1,
            "imported": 0,
            "import_max_step": 0,
            "import_min": 0.0,
            "import_max": 0.0,
            "import_mean": 0.0,
            "import_p50": 0.0,
            "import_p75": 0.0,
            "import_p90": 0.0,
            "import_p99": 0.0,
            "import_std_dev": 0.0
        }
    },
    "diff": {
        "roots": {
            "exp": "0x9fee688b639c9b3e3a3b5abeaf072ce989c170cac144868ee6441059e9773afc",
            "got": "0xdf0b31dff8ea89cfe46b2e77efdae6b1baa8a047867613b235896a5a4f44cb62"
        },
        "keyvals": [
            {
                "key": "0x03000000000000000000000000000000000000000000000000000000000000",
                "diff": {
                    "exp": "0x084b207b943450b09f922cf516082cda37d85aadf014ce5fc0100d0c8e97fe94ae1c28d7753d0da2a474006b499e96ffb0ee39817ab95a6ac4c4df44e5ce771a25d118ed7401171cd932213060b32ffed6b5d6ea9eef91f216c6aa466aeeef144200986c1d87ff641cde92a71be877776da655124df3d6231da0f66515b58bf40a659faa0c43252e1ba7c1ef557ea9878bb782a2b020ca7d6224637e5a3924ba159a593d6359883f09b0b0fd84c822a584471e6768aa066b74621d1833eca3fa0ec50088f7531709aa6a905a3f83dc1f99d9c1bbb986666fa2e84519664c370f6c4e39c533236987243f5cfa2d9bf16377c9a55abf736f74b8d2d069ee9a361c9df0dd6e0c2b37dc119aa6a4cabd0d049389eed4ff14d2b807690198e6345e887a1b8b00015d37a131b7c781ae347fab16e119a52c95f2f4e450bbb4b6b78a7bd912370a21798dc3fb02337e41caa0455ded3f9fa93c3272bad79eb6fca6a94ea430eb7ced5cbcbd237f474b8756135e798c37930c7f56d90efad3a64eef2cd10497d8fd00c5fe86cfe4220863f409ea3f500deb1e93d158b230da502666aa4b6be689d7ae013ecc812e64ed7ada790b3e46cb9a9fb28f55f2f4a97511ce238f74a88c10ce074b4feb72454fc6df8212e7b3fcc17e1a890447d9eb449dd1c94c79799c24fc003c961db6d84f0aad403bc13f48725a8ff9a2be1edd4dc1f6bb94ae1eddeacc470673ac652cf084ba7182d262b474aad5f8a4ea0ac6280cb8f98ee9db9710745c9ed624d5cf771fc73947f69330e4f21736756ccd2b0f0fec07dee4a14537581900bf777c2f7591012e6b89a3ffca679b1b891ad6e21038ea68f9179441b2f2a67e819337875a951d06b127938025478761ef58810e2e0d7599d54ed0dfb001f11ddf0b31dff8ea89cfe46b2e77efdae6b1baa8a047867613b235896a5a4f44cb62007f86c7f31d87335d1bddbe864a7cf9cbf75530800f9ca8a6002612f76bb4731ed3b16455aad1283a801add21ada8a434d231925eb588ef00828f70dafa934b55000000000000000000000000000000000000000000000000000000000000000000050000000121ddb9a356815c3fac1026b6dec5df3124afbadb485c9ba5a3e3398a04b7ba8501e58769b32a1beaf1ea27375a44095a0d1fb664ce2dd358e7fcbfb78c26a19344",
                    "got": "0x083538f2cc271f443a5fe95926da9a1b974b08fa3e7344aab92f1b8820ef9be10be58769b32a1beaf1ea27375a44095a0d1fb664ce2dd358e7fcbfb78c26a19344fbb36ffdaa1d4e06dd14354c7b3ba2a1ec2afbb1e9ce6f6502d37a7894fd54ec004b207b943450b09f922cf516082cda37d85aadf014ce5fc0100d0c8e97fe94ae1c28d7753d0da2a474006b499e96ffb0ee39817ab95a6ac4c4df44e5ce771a25d118ed7401171cd932213060b32ffed6b5d6ea9eef91f216c6aa466aeeef144200986c1d87ff641cde92a71be877776da655124df3d6231da0f66515b58bf40a659faa0c43252e1ba7c1ef557ea9878bb782a2b020ca7d6224637e5a3924ba159a593d6359883f09b0b0fd84c822a584471e6768aa066b74621d1833eca3fa0ec50088f7531709aa6a905a3f83dc1f99d9c1bbb986666fa2e84519664c370f6c4e39c533236987243f5cfa2d9bf16377c9a55abf736f74b8d2d069ee9a361c9df0dd6e0c2b37dc119aa6a4cabd0d049389eed4ff14d2b807690198e6345e887a1b8b00015d37a131b7c781ae347fab16e119a52c95f2f4e450bbb4b6b78a7bd912370a21798dc3fb02337e41caa0455ded3f9fa93c3272bad79eb6fca6a94ea430eb7ced5cbcbd237f474b8756135e798c37930c7f56d90efad3a64eef2cd10497d8fd00c5fe86cfe4220863f409ea3f500deb1e93d158b230da502666aa4b6be689d7ae013ecc812e64ed7ada790b3e46cb9a9fb28f55f2f4a97511ce238f74a88c10ce074b4feb72454fc6df8212e7b3fcc17e1a890447d9eb449dd1c94c79799c24fc003c961db6d84f0aad403bc13f48725a8ff9a2be1edd4dc1f6bb94ae1eddeacc470673ac652cf084ba7182d262b474aad5f8a4ea0ac6280cb8f98ee9db9710745c9ed624d5cf771fc73947f69330e4f21736756ccd2b0f0fec07dee4a14537581900bf777c2f7591012e6b89a3ffca679b1b891ad6e21038ea68f9179441b2f2a67e819337875a951d06b127938025478761ef58810e2e0d7599d54ed0dfb001f11d0000000000000000000000000000000000000000000000000000000000000000000501000000000000000000000000000000000000000000000000000000000000000001ad3228b676f7d3cd4284a5443f17f1962b36e491b30a40b2405849e597ba5fb501b4c11951957c6f8f642c4af61cd6b24640fec6dc7fc607ee8206a99e92410d300001e58769b32a1beaf1ea27375a44095a0d1fb664ce2dd358e7fcbfb78c26a19344"
                }
            },
            {
                "key": "0x04000000000000000000000000000000000000000000000000000000000000",