{
    "config": {
        "seed": "42",
        "profile": {
            "fuzzy": null
        },
        "safrole": false,
        "max_work_items": 1,
        "max_service_keys": 10,
        "mutation_ratio": 0.1,
        "max_mutations": 0,
        "max_steps": 10000
    },
    "stats": {
        "steps": 1,
        "imported": 1,
        "import_max_step": 1,
        "import_min": 5.750935,
        "import_max": 5.750935,
        "import_mean": 5.750935,
        "import_p50": 5.750935,
        "import_p75": 0.0,
        "import_p90": 5.750935,
        "import_p99": 0.0,
        "import_std_dev": 0.0
    },
    "target": {
        "info": {
            "fuzz_version": 1,
            "fuzz_features": 2,
            "jam_version": {
                "major": 0,
                "minor": 7,
                "patch": 2
            },
            "app_version": {
                "major": 0,
                "minor": 2,
                "patch": 6
            },
            "app_name": "Jamixir"
        },
        "stats": {
            "steps": 1,
            "imported": 1,
            "import_max_step": 1,
            "import_min": 11.167589,
            "import_max": 11.167589,
            "import_mean": 11.167589,
            "import_p50": 11.167589,
            "import_p75": 0.0,
            "import_p90": 11.167589,
            "import_p99": 0.0,
            "import_std_dev": 0.0
        }
    },
    "state_diff": {
        "roots": {
            "exp": "0x595471764b85ad5615ae98388d2bb96023af7444b4c070e7fa40d79476064414",
            "got": "0xcf21818037e2bfd1cf619a799c3755977656e2d13e50e135c57fac531dee892a"
        },
        "keyvals": [
            {
                "key": "0x0d000000000000000000000000000000000000000000000000000000000000",
                "diff": {
                    "exp": "0x01000000000000000000000000000000040000000500000000000000000000000000000000000000040000000600000001000000000000000000000000000000040000000600000002000000000000000000000000000000030000000600000002000000000000000000000000000000030000000500000000000000000000000000000000000000030000000600000002000000000000000000000000000000040000000a000000000000000000000000000000000000000400000008000000010000000000000000000000000000000400000008000000040000000000000001000000795f02000400000009000000020000000000000000000000000000000400000008000000020000000000000001000000795f020004000000080000008a6e0600000000817ba34980f7060000000080f79b520200000000000002be9b0000000001b2e824a6dc6b000000000000000001c071b2",
                    "got": "0x01000000000000000000000000000000040000000500000000000000000000000000000000000000040000000600000001000000000000000000000000000000040000000600000002000000000000000000000000000000030000000600000002000000000000000000000000000000030000000500000000000000000000000000000000000000030000000600000002000000000000000000000000000000040000000a000000000000000000000000000000000000000400000008000000010000000000000000000000000000000400000008000000040000000000000001000000795f02000400000009000000020000000000000000000000000000000400000008000000020000000000000001000000795f020004000000080000008a6e0600000000817ba34980f7060000000080f79b520200000000000002be9b0000000001b2e824a6dc6b000000000000000001c0618b"
                }
            }
        ]
    },
    "import_diff": null
}
