{
    "config": {
        "seed": "42",
        "max_steps": 4294967295,
        "safrole": false,
        "profile": {
            "full": null
        },
        "fuzzy_profile": {
            "full": null
        },
        "max_work_items": 3,
        "mutation_ratio": 0.0,
        "max_mutations": 0
    },
    "stats": {
        "steps": 6,
        "imported": 1,
        "import_max_step": 6,
        "import_min": 17.627973,
        "import_max": 17.627973,
        "import_mean": 17.627973,
        "import_p50": 17.627973,
        "import_p75": 0.0,
        "import_p90": 17.627973,
        "import_p99": 0.0,
        "import_std_dev": 0.0
    },
    "target": {
        "info": {
            "fuzz_version": 1,
            "fuzz_features": 2,
            "jam_version": {
                "major": 0,
                "minor": 7,
                "patch": 2
            },
            "app_version": {
                "major": 0,
                "minor": 7,
                "patch": 2
            },
            "app_name": "tsjam-0.7.2-tiny-6c57c9af"
        },
        "stats": {
            "steps": 6,
            "imported": 1,
            "import_max_step": 6,
            "import_min": 612.6392000000001,
            "import_max": 612.6392000000001,
            "import_mean": 612.6392000000001,
            "import_p50": 612.6392000000001,
            "import_p75": 0.0,
            "import_p90": 612.6392000000001,
            "import_p99": 0.0,
            "import_std_dev": 0.0
        }
    },
    "error": {
        "state_diff": {
            "roots": {
                "exp": "0xec58a78592843d4a573c2609a8a42156a64e01c9870838864df0499962d7034a",
                "got": "0x725f8557c453e5b47cb01df6664d21a0a39f4be1942773073ef1c73041c8c3c7"
            },
            "keyvals": [
                {
                    "key": "0xff1600a500ad00a40000000000000000000000000000000000000000000000",
                    "diff": {
                        "exp": "0x000000000000000000000000000000000000000000000000000000000000000000c380050000000000000000000000000000000000000000008e39020000000000000000000000000002000000a21e00001b1f000000000000",
                        "got": "0x"
                    }
                }
            ]
        }
    }
}