{
    "config": {
        "seed": "42",
        "profile": {
            "empty": null
        },
        "safrole": false,
        "max_work_items": 1,
        "max_service_keys": 10,
        "mutation_ratio": 0.1,
        "max_mutations": 0,
        "max_steps": 10000
    },
    "stats": {
        "steps": 1,
        "imported": 1,
        "import_max_step": 1,
        "import_min": 8.682478,
        "import_max": 8.682478,
        "import_mean": 8.682478,
        "import_p50": 8.682478,
        "import_p75": 0.0,
        "import_p90": 8.682478,
        "import_p99": 0.0,
        "import_std_dev": 0.0
    },
    "target": {
        "info": {
            "fuzz_version": 1,
            "fuzz_features": 0,
            "jam_version": {
                "major": 0,
                "minor": 7,
                "patch": 0
            },
            "app_version": {
                "major": 0,
                "minor": 0,
                "patch": 1
            },
            "app_name": "gossamer-jam"
        },
        "stats": {
            "steps": 1,
            "imported": 1,
            "import_max_step": 1,
            "import_min": 26.911161,
            "import_max": 26.911161,
            "import_mean": 26.911161,
            "import_p50": 26.911161,
            "import_p75": 0.0,
            "import_p90": 26.911161,
            "import_p99": 0.0,
            "import_std_dev": 0.0
        }
    },
    "state_diff": {
        "roots": {
            "exp": "0x5a21564ce7f7da1dcf4b8a0d8b860af96d6605f617fe6d398771465b58415017",
            "got": "0x60e171af3b559110a759308edc5b5832d683bee8b6901ba02df9e1eeb0f3c6e3"
        },
        "keyvals": [
            {
                "key": "0x0d000000000000000000000000000000000000000000000000000000000000",
                "diff": {
                    "exp": "0x01000000000000000000000000000000010000000300000001000000000000000000000000000000010000000300000001000000000000000000000000000000010000000300000000000000000000000000000000000000000000000300000000000000000000000000000000000000000000000300000000000000000000000000000000000000000000000200000002000000000000000100000034660100060000000a00000000000000000000000000000000000000060000000a0000000100000000000000000000000000000006000000080000000400000000000000010000003466010005000000080000000200000000000000000000000000000005000000090000000200000000000000030000009c320400050000000a0000008103050000000000000000000000000000016f315556000000000000000001c02864019da6",
                    "got": "0x01000000000000000000000000000000010000000300000001000000000000000000000000000000010000000300000001000000000000000000000000000000010000000300000000000000000000000000000000000000000000000300000000000000000000000000000000000000000000000300000000000000000000000000000000000000000000000200000002000000000000000100000034660100060000000a00000000000000000000000000000000000000060000000a0000000100000000000000000000000000000006000000080000000400000000000000010000003466010005000000080000000200000000000000000000000000000005000000090000000200000000000000030000009c320400050000000a0000008103050000000000000000000000000000016f315556000000000000000001e08096980000"
                }
            },
            {
                "key": "0x6f6631e3554c562422b3b7984e6961c6789c2c7242d8374714705c9161d2a7",
                "diff": {
                    "exp": "0x6f31555661e9000000000000676966742c20613d2c20623d72656164206f6620203c3d207065656b706f6b65646174612028307802000000000000000000000000000000020000000000000000000000000000000000000000000000200000e00000000002000000000000000000000000000000000008000000000000000000000000000100000000000000",
                    "got": "0x"
                }
            },
            {
                "key": "0x6f6a31ae55a356b8c876e335de632eac1b2705f8a5476ffb5c0499d95bd432",
                "diff": {
                    "exp": "0xd29055d0ece08081",
                    "got": "0x"
                }
            },
            {
                "key": "0x6fbf318055c45615a6de0d53b81f75fb91e9487af71c623599e8ecb38e7204",
                "diff": {
                    "exp": "0x01000000",
                    "got": "0x"
                }
            },
            {
                "key": "0x6ff831e955c656d9d891b7f383ca393e9934e324cd5c2fa0a6dade41413612",
                "diff": {
                    "exp": "0x07c8bdc7386f31555600000000dbdd0e140a48ced3dc8c0ed54f67c6bb",
                    "got": "0x"
                }
            },
            {
                "key": "0xff6f0031005500560000000000000000000000000000000000000000000000",
                "diff": {
                    "exp": "0x6c322032f9ffb452de811d2db63f5b654aefeeff6195f50f19c2c8598d0b8ae5036602000000000010270000000000001027000000000000f267010000000000000000000000000007000000020000000e00000000000000",
                    "got": "0x6c322032f9ffb452de811d2db63f5b654aefeeff6195f50f19c2c8598d0b8ae5036602000000000010270000000000001027000000000000ad66010000000000000000000000000003000000020000000e00000000000000"
                }
            }
        ]
    },
    "import_diff": null
}
