{
    "config": {
        "seed": "1766243493_9922",
        "max_steps": 1000000,
        "safrole": false,
        "profile": {
            "full": null
        },
        "fuzzy_profile": {
            "rand": null
        },
        "max_work_items": 5,
        "mutation_ratio": 0.1,
        "max_mutations": 1
    },
    "stats": {
        "steps": 31,
        "imported": 24,
        "import_max_step": 14,
        "import_min": 1.363957,
        "import_max": 48.372254000000005,
        "import_mean": 8.145682041666667,
        "import_p50": 4.644,
        "import_p75": 7.434,
        "import_p90": 10.469,
        "import_p99": 48.372,
        "import_std_dev": 12.1823810593403
    },
    "target": {
        "info": {
            "fuzz_version": 1,
            "fuzz_features": 2,
            "jam_version": {
                "major": 0,
                "minor": 7,
                "patch": 2
            },
            "app_version": {
                "major": 0,
                "minor": 5,
                "patch": 0
            },
            "app_name": "@typeberry/jam"
        },
        "stats": {
            "steps": 31,
            "imported": 23,
            "import_max_step": 14,
            "import_min": 14.482567999999999,
            "import_max": 299.536663,
            "import_mean": 44.59300917391304,
            "import_p50": 29.655,
            "import_p75": 42.767,
            "import_p90": 50.963,
            "import_p99": 299.536,
            "import_std_dev": 57.4859573299039
        }
    },
    "error": {
        "import_result_diff": {
            "exp": "ok",
            "got": "Invalid signatures for validators with keys: 0x4418fb8c85bb3985394a8c2756d3643457ce614546202a2f50b093d762499ace, 0xab0084d01534b31c1dd87c81645fd762482a90027754041ca1b56133d0466c06\nError: Stf (1) - Reports (3) - 21"
        }
    }
}