{
    "config": {
        "seed": "42",
        "profile": {
            "empty": null
        },
        "safrole": false,
        "max_work_items": 1,
        "max_service_keys": 10,
        "mutation_ratio": 0.1,
        "max_mutations": 0,
        "max_steps": 10000
    },
    "stats": {
        "steps": 1,
        "imported": 1,
        "import_max_step": 1,
        "import_min": 8.32605,
        "import_max": 8.32605,
        "import_mean": 8.32605,
        "import_p50": 8.32605,
        "import_p75": 0.0,
        "import_p90": 8.32605,
        "import_p99": 0.0,
        "import_std_dev": 0.0
    },
    "target": {
        "info": {
            "fuzz_version": 1,
            "fuzz_features": 2,
            "jam_version": {
                "major": 0,
                "minor": 7,
                "patch": 0
            },
            "app_version": {
                "major": 0,
                "minor": 1,
                "patch": 0
            },
            "app_name": "boka-fuzzing-target"
        },
        "stats": {
            "steps": 1,
            "imported": 1,
            "import_max_step": 1,
            "import_min": 26.542629,
            "import_max": 26.542629,
            "import_mean": 26.542629,
            "import_p50": 26.542629,
            "import_p75": 0.0,
            "import_p90": 26.542629,
            "import_p99": 0.0,
            "import_std_dev": 0.0
        }
    },
    "state_diff": {
        "roots": {
            "exp": "0x1eed8760dc9f9b1d45e4c79d72251d0058f32eeb5b660c75bf616d52c4614a7a",
            "got": "0x810736e8da384483c5c5683613d63f737c15db1fc50a1bb605ef3656c441377c"
        },
        "keyvals": [
            {
                "key": "0x0d000000000000000000000000000000000000000000000000000000000000",
                "diff": {
                    "exp": "0x01000000000000000000000000000000030000000800000001000000000000000000000000000000040000000800000002000000000000000000000000000000040000000800000002000000000000000000000000000000050000000600000000000000000000000000000000000000030000000900000003000000000000000000000000000000030000000900000001000000000000000000000000000000050000000c00000003000000000000000100000034660100050000000b00000002000000000000000000000000000000050000000b00000001000000000000000000000000000000040000000c00000003000000000000000000000000000000040000000900000002000000000000000000000000000000040000000b000000815305000000000000811305000000008113890a0300000000000000000000000001b44b000061c01c16000001890a0000000000000000597c9c9b000000000000000001a7450000",
                    "got": "0x01000000000000000000000000000000030000000800000001000000000000000000000000000000040000000800000002000000000000000000000000000000040000000800000002000000000000000000000000000000050000000600000000000000000000000000000000000000030000000900000003000000000000000000000000000000030000000900000001000000000000000000000000000000050000000c00000003000000000000000100000034660100050000000b00000002000000000000000000000000000000050000000b00000001000000000000000000000000000000040000000c00000003000000000000000000000000000000040000000900000002000000000000000000000000000000040000000b000000815305000000000000811305000000008113890a0300000000000000000000000001ac7d000061c01c16000001890a0000000000000000597c9c9b000000000000000001a7cd0000"
                }
            }
        ]
    },
    "import_diff": null
}
