{
    "config": {
        "seed": "42",
        "profile": {
            "Empty": null
        },
        "safrole": false,
        "max_work_items": 1,
        "max_service_keys": 10,
        "mutation_ratio": 0.1,
        "max_mutations": 0,
        "max_steps": 10000
    },
    "stats": {
        "steps": 1,
        "imported": 0,
        "import_max_step": 0,
        "import_min": 0.0,
        "import_max": 0.0,
        "import_mean": 0.0,
        "import_p50": 0.0,
        "import_p75": 0.0,
        "import_p90": 0.0,
        "import_p99": 0.0,
        "import_std_dev": 0.0
    },
    "target": {
        "info": {
            "name": "spacejam",
            "app_version": {
                "major": 0,
                "minor": 0,
                "patch": 8
            },
            "jam_version": {
                "major": 0,
                "minor": 7,
                "patch": 0
            }
        },
        "stats": {
            "steps": 1,
            "imported": 1,
            "import_max_step": 1,
            "import_min": 0.791547,
            "import_max": 0.791547,
            "import_mean": 0.791547,
            "import_p50": 0.791547,
            "import_p75": 0.0,
            "import_p90": 0.791547,
            "import_p99": 0.0,
            "import_std_dev": 0.0
        }
    },
    "diff": {
        "roots": {
            "exp": "0x83529d0544d1ea7ddec6ef31f8f2e8c2f39fb3a75613c1227f9ebcfa08572905",
            "got": "0xfd1c389a66136313b7c53bfe76c02df20f73f0146574445aea88aa657fc06eda"
        },
        "keyvals": [
            {
                "key": "0x03000000000000000000000000000000000000000000000000000000000000",
                "diff": {
                    "exp": "0x0856f51f020dcd0918eb6168defdd4f56887b9779cae9c3bf3d72046a92d324268675f9e53123c83ddcdb2c1f5231f13646378aefc83837a4571d052ac80014837dfeb637fe79d2b74cf520139bd0bf201863101f56e1b146704b31478c662668d00471b9e1e59306e4c81a0da556878bd48cde3475fd50f266e3bc6a1dfb323ffd0b4c11951957c6f8f642c4af61cd6b24640fec6dc7fc607ee8206a99e92410d306b2f22172d10824cf4e724c004433d5a44eefe8ecb9e64048bee4a61cc0008ea00810d1dea1edc30240216d8823a496b007a8769783b26522299f16b934e78e1ede884038e46068eaab1df24317c855e78fe94335d4adb7aa6c62920ce1352eed71698b464e4e4666c8fc16b229d8b69c8ec26fd44a43988d509465b07ff2fe51d00c01ab5b15d04db360473d545371e30ee3020131652b3efa3b778201b1fb97a7cfee77aea940e38601cb828d2878308e32529f8382cf85f7a29b75f1c826985bcc2f91cda601fd4af502175b73ae6554b862459d7ab0acd473b5c445ea13ed70f00e7a1bf30dea683d6efdbaf9c8396df008e92a6eeb8b495a291434642726235ae2fc9a372a65e2341f5e92ca21944a87986a3ff07b5c5cbabd6f36187ff1436f30f3de6ec2ee9cc154523cfe2091a35a0ee8837611e42193d9f4b1045164e9663004baba3dd11d0ee7b756e1ad888cfd68905e47d5beb3ed09ba753646ab7a5928721ddb9a356815c3fac1026b6dec5df3124afbadb485c9ba5a3e3398a04b7ba8511065f916f87f2dfe76c02b16528ba9833bf845cd30939fa8a9bcd001308af0300ca5afb451dc6358d906ec674f8f3c1c9fbab5305bdc7b067e1e58aa75f1499df1978bdc2f9989334b4d216e72a14297dd9b06c8feaf1f80cde76cf1057786a2b14376037ca9fca0bb6e6979894aacb261c44f3e3cdfddaf85cb97c3e72acc3ef00f69cb4dd2d4957389fee1712a391331306d713da0056be0da4d1a179f7df28a8581f10ddd774befd80936ba02cd8521c6f16e1478e4a25c4d34421470f8f91c3000000000000000000000000000000000000000000000000000000000000000000040001ad3228b676f7d3cd4284a5443f17f1962b36e491b30a40b2405849e597ba5fb5000121ddb9a356815c3fac1026b6dec5df3124afbadb485c9ba5a3e3398a04b7ba85",
                    "got": "0x08471b9e1e59306e4c81a0da556878bd48cde3475fd50f266e3bc6a1dfb323ffd0b4c11951957c6f8f642c4af61cd6b24640fec6dc7fc607ee8206a99e92410d306b2f22172d10824cf4e724c004433d5a44eefe8ecb9e64048bee4a61cc0008ea00810d1dea1edc30240216d8823a496b007a8769783b26522299f16b934e78e1ede884038e46068eaab1df24317c855e78fe94335d4adb7aa6c62920ce1352eed71698b464e4e4666c8fc16b229d8b69c8ec26fd44a43988d509465b07ff2fe51d00c01ab5b15d04db360473d545371e30ee3020131652b3efa3b778201b1fb97a7cfee77aea940e38601cb828d2878308e32529f8382cf85f7a29b75f1c826985bcc2f91cda601fd4af502175b73ae6554b862459d7ab0acd473b5c445ea13ed70f00e7a1bf30dea683d6efdbaf9c8396df008e92a6eeb8b495a291434642726235ae2fc9a372a65e2341f5e92ca21944a87986a3ff07b5c5cbabd6f36187ff1436f30f3de6ec2ee9cc154523cfe2091a35a0ee8837611e42193d9f4b1045164e9663004baba3dd11d0ee7b756e1ad888cfd68905e47d5beb3ed09ba753646ab7a5928721ddb9a356815c3fac1026b6dec5df3124afbadb485c9ba5a3e3398a04b7ba8511065f916f87f2dfe76c02b16528ba9833bf845cd30939fa8a9bcd001308af0300ca5afb451dc6358d906ec674f8f3c1c9fbab5305bdc7b067e1e58aa75f1499df1978bdc2f9989334b4d216e72a14297dd9b06c8feaf1f80cde76cf1057786a2b14376037ca9fca0bb6e6979894aacb261c44f3e3cdfddaf85cb97c3e72acc3ef00f69cb4dd2d4957389fee1712a391331306d713da0056be0da4d1a179f7df28a8581f10ddd774befd80936ba02cd8521c6f16e1478e4a25c4d34421470f8f91c383529d0544d1ea7ddec6ef31f8f2e8c2f39fb3a75613c1227f9ebcfa0857290500969aac969b76007f90f3535a7c5798d475e6ce0b8ddbc2e56d1016ba5ca81bb35a117dd584d15a66927d679dcc9cc7e4d5d4e01bd9bd157a54a162223f9adb550000000000000000000000000000000000000000000000000000000000000000000401000000000000000000000000000000000000000000000000000000000000000001ad3228b676f7d3cd4284a5443f17f1962b36e491b30a40b2405849e597ba5fb5000121ddb9a356815c3fac1026b6dec5df3124afbadb485c9ba5a3e3398a04b7ba85"
                }
            },
            {
                "key": "0x06000000000000000000000000000000000000000000000000000000000000",
                "diff": {
                    "exp": "0xb60246a828c4c016a28eac8fb0dc16ce64eda5a60374aa55c15847bedadd6d95504e96139ef67184a6d0d9f882166a3a843eb5f50ffdd7c723bbb331119be626ec88b842681a66d0e836b2a65687ab9c4c2862b475cd5e8be77dda36a4d752bd405c80c1f6a2d5a0f8dbc56996f04230221100d9500244648f02a795d7850eac",
                    "got": "0x0ce5423aebf50cd16407a606e48b59d039b460d9805edc8b0ffa24ee3db70ea6504e96139ef67184a6d0d9f882166a3a843eb5f50ffdd7c723bbb331119be626ec88b842681a66d0e836b2a65687ab9c4c2862b475cd5e8be77dda36a4d752bd405c80c1f6a2d5a0f8dbc56996f04230221100d9500244648f02a795d7850eac"
                }
            },
            {
                "key": "0x0b000000000000000000000000000000000000000000000000000000000000",
                "diff": {
                    "exp": "0x0a000000",
                    "got": "0x0b000000"
                }
            },
            {
                "key": "0x0d000000000000000000000000000000000000000000000000000000000000",
                "diff": {
                    "exp": "0x0200000000000000000000000000000000000000000000000000000000000000000000000000000000000000000000000100000000000000000000000000000000000000000000000300000000000000000000000000000000000000000000000200000000000000000000000000000000000000000000000200000000000000000000000000000000000000000000000000000000000000000000000000000000000000000000000000000000000000000000000000000000000000000000000000000000000000000000000000000000000000000000000000000000000000000000000000000000000000000000000000000000000000000000000000000000000000000000000000000000000000000000000000000000000000000000000000000000000000000000000000000000",
                    "got": "0x0200000000000000000000000000000000000000000000000000000000000000000000000000000000000000000000000100000000000000000000000000000000000000000000000400000000000000000000000000000000000000000000000200000000000000000000000000000000000000000000000200000000000000000000000000000000000000000000000000000000000000000000000000000000000000000000000000000000000000000000000000000000000000000000000000000000000000000000000000000000000000000000000000000000000000000000000000000000000000000000000000000000000000000000000000000000000000000000000000000000000000000000000000000000000000000000000000000000000000000000000000000000"
                }
            }
        ]
    }
}
