{
    "config": {
        "seed": "ddd",
        "max_steps": 10000,
        "safrole": false,
        "profile": {
            "fuzzy": null
        },
        "fuzzy_profile": {
            "rand": null
        },
        "max_work_items": 5,
        "mutation_ratio": 0.1,
        "max_mutations": 1
    },
    "stats": {
        "steps": 117,
        "imported": 79,
        "import_max_step": 92,
        "import_min": 1.4364320000000002,
        "import_max": 163.102001,
        "import_mean": 10.502443506329115,
        "import_p50": 4.822,
        "import_p75": 6.944,
        "import_p90": 9.456,
        "import_p99": 160.724,
        "import_std_dev": 29.69867711206124
    },
    "target": {
        "info": {
            "fuzz_version": 1,
            "fuzz_features": 2,
            "jam_version": {
                "major": 0,
                "minor": 7,
                "patch": 1
            },
            "app_version": {
                "major": 0,
                "minor": 1,
                "patch": 34
            },
            "app_name": "PyJAMaz"
        },
        "stats": {
            "steps": 117,
            "imported": 79,
            "import_max_step": 5,
            "import_min": 8.854358,
            "import_max": 1062.0975740000001,
            "import_mean": 157.04505660759492,
            "import_p50": 127.223,
            "import_p75": 250.609,
            "import_p90": 349.411,
            "import_p99": 648.855,
            "import_std_dev": 174.114553904089
        }
    },
    "diff": {
        "state": {
            "roots": {
                "exp": "0x1403dd5cb3bd3f7b62dd774be4e29c11935a246790846d4f3a864650c7288573",
                "got": "0x9a11b2cef68d85f7fc7bc8726719c31db08713dafb69c7e95ebc28a66dd8b57d"
            },
            "keyvals": [
                {
                    "key": "0x03000000000000000000000000000000000000000000000000000000000000",
                    "diff": {
                        "exp": "0x08338b5bb99d6edd502eb754aaa3fb3b11690c276445918c3b4f6e51ba9622154bbbcf1414af632728e0a026b648d39b12ed2d65d1e3e043b5dd3ac72dfe8be265001c414fa6435cfea1cd9168a96a3bd6bbae98d4d35c9745643bb8537a34967902079437bc84fb8940f86073f3ab148ec0e7b47af68ef212cbafa4dc343abe08d00000000000000000000000000000000000000000000000000000000000000000521bd450510130403798d91dbfc8c05835f57671c53ee5d63e3cc9fce9d709fe00000000000000000000000000000000000000000000000000000000000000007117e125071d0f1c587177fdef3adb212e72737365405bc46c0dfe6c88f8765799f2d75e5b707ac2082c89f8adf46998404be1996cdbe31fdedebd93cfa8568f462135a1efcff608c11ad1f2732e9c14bf9301d1ae7f826336cc5aa99364ba7500cd0459d086e7de8fd65f5cf8e3f0777f9c21115dae7818243933530183656d25765652a0a0dbe4d68c017c134330c5069587233e028e44aabb44616a97f39f7a7a6b2aebe87aeb9400a37ba98f59decf69c552590d18103ee7f4bbd35ecd8eb3018d8d704ed0f4c8f262cd43d09610dd7b2a4f833e269cdecf9f6e32910ca6d0a9000000000000000000000000000000000000000000000000000000000000000064e4ba08d9dbad4299a436890217c7e90e9b00ca5e0ce3259bacd03640e26daa7bf9dc2a13f3b1f415c415914e9a4e508863319de0faf9292b8863e704085143152081e843fb86e44542bf40320d6ffaabe7cb04a4ae8bd11ae54a4eb43672e400c5e13c51a723fd252e97973b315a37fe56918e1a392c02b414a1616d2df3498c4dee8d2df764cadbda88940dd38845fcad8cb0591e7e37fc665395db18ba30980bc5c31854adbbe3ef4e752865e614b9f649306a2924a543788e15dd1b4e23fa0162f306e6ae15b445e34924fb0c8d5bbc09ea231b62bbefd0d44fe5beff10724400000000000000000000000000000000000000000000000000000000000000005ae5db64cc292f3fd99b36bc27a62e03e6ab9edd9a33a90f54b2df741111854b2eea7585a40b7564a206df45b349457e556175ca10bfd296db0e85828f2cf3ec665eaeb421a9be602e756c63bb05d63b76455d388813712d1aa8bec75b1a6cfb012fdaaa655b354b90978f9a083edcf76d5be1d8680f3acb2cdefd42f75dc2dcaf00000000000000000000000000000000000000000000000000000000000000004e5fdd13c1f09f8d65f303fcd3c0b5069e0372e9f170f282ba0aefdca25458bd1616d3b6d1dc405849e3e5e0c0a304e2a0ba4796873a917b70c481dfc11878f1977a62cc498c8b579aee598746ff699fa073a977b0fc99c2329aea830f4e5377006aa7ebac77745b589cf4bae01b75545ea2822531c0d7daae5586b8dea954286c83a7ad1861d7004342923ddde07e8e51274cdc0c7ed56c7bd2d80d53888a5b150000000000000000000000000000000000000000000000000000000000000000019944c13ac48601648f9c4ae87e937d0d868b75924c147dffece750d60c373b4f0000000000000000000000000000000000000000000000000000000000000000070100000000000000000000000000000000000000000000000000000000000000000001207022b08256d73a27eac2c3f96bdbd19add07876e6db8f13760f61ea95a4c3601a7070d62e5d36a468afd521a765892de55cc53e40b0aa1d39849a1d6d6fd64700000015e655fa3320d4958ce3bd09b899db52abe9376712f3da87fda0d1bb00361a46d",
                        "got": "0x0894742f9ec93b82909f4ec91cc8a550c7969d32deeea6ac64cce0d9e77ca0bf93957a389536556efe47f691ce660e5314143b399eedf708295018b5fc7ce04147774e59444d52a2df5a811a6ec990955a2c1336224c64e9805798cca91559e9e601daf7b7329673296e39336816c548dfc910860617d849f161f6398eb8c8d27b7c0000000000000000000000000000000000000000000000000000000000000000338b5bb99d6edd502eb754aaa3fb3b11690c276445918c3b4f6e51ba9622154bbbcf1414af632728e0a026b648d39b12ed2d65d1e3e043b5dd3ac72dfe8be265001c414fa6435cfea1cd9168a96a3bd6bbae98d4d35c9745643bb8537a34967902079437bc84fb8940f86073f3ab148ec0e7b47af68ef212cbafa4dc343abe08d00000000000000000000000000000000000000000000000000000000000000000521bd450510130403798d91dbfc8c05835f57671c53ee5d63e3cc9fce9d709fe00000000000000000000000000000000000000000000000000000000000000007117e125071d0f1c587177fdef3adb212e72737365405bc46c0dfe6c88f8765799f2d75e5b707ac2082c89f8adf46998404be1996cdbe31fdedebd93cfa8568f462135a1efcff608c11ad1f2732e9c14bf9301d1ae7f826336cc5aa99364ba7500cd0459d086e7de8fd65f5cf8e3f0777f9c21115dae7818243933530183656d25765652a0a0dbe4d68c017c134330c5069587233e028e44aabb44616a97f39f7a7a6b2aebe87aeb9400a37ba98f59decf69c552590d18103ee7f4bbd35ecd8eb3018d8d704ed0f4c8f262cd43d09610dd7b2a4f833e269cdecf9f6e32910ca6d0a9000000000000000000000000000000000000000000000000000000000000000064e4ba08d9dbad4299a436890217c7e90e9b00ca5e0ce3259bacd03640e26daa7bf9dc2a13f3b1f415c415914e9a4e508863319de0faf9292b8863e704085143152081e843fb86e44542bf40320d6ffaabe7cb04a4ae8bd11ae54a4eb43672e400c5e13c51a723fd252e97973b315a37fe56918e1a392c02b414a1616d2df3498c4dee8d2df764cadbda88940dd38845fcad8cb0591e7e37fc665395db18ba30980bc5c31854adbbe3ef4e752865e614b9f649306a2924a543788e15dd1b4e23fa0162f306e6ae15b445e34924fb0c8d5bbc09ea231b62bbefd0d44fe5beff10724400000000000000000000000000000000000000000000000000000000000000005ae5db64cc292f3fd99b36bc27a62e03e6ab9edd9a33a90f54b2df741111854b2eea7585a40b7564a206df45b349457e556175ca10bfd296db0e85828f2cf3ec665eaeb421a9be602e756c63bb05d63b76455d388813712d1aa8bec75b1a6cfb012fdaaa655b354b90978f9a083edcf76d5be1d8680f3acb2cdefd42f75dc2dcaf00000000000000000000000000000000000000000000000000000000000000004e5fdd13c1f09f8d65f303fcd3c0b5069e0372e9f170f282ba0aefdca25458bd1616d3b6d1dc405849e3e5e0c0a304e2a0ba4796873a917b70c481dfc11878f100000000000000000000000000000000000000000000000000000000000000000007000001207022b08256d73a27eac2c3f96bdbd19add07876e6db8f13760f61ea95a4c3601a7070d62e5d36a468afd521a765892de55cc53e40b0aa1d39849a1d6d6fd64700000015e655fa3320d4958ce3bd09b899db52abe9376712f3da87fda0d1bb00361a46d"
                    }
                },
                {
                    "key": "0x06000000000000000000000000000000000000000000000000000000000000",
                    "diff": {
                        "exp": "0xbcc4d0ee01db7e42ac2aba84e305db32f5047449aa475d0ef8e0006b2c96f87944b4abfcf60fb385641ba8e2b1bab4324c64809d5c184e4159690e4e4fce54c008d3eae422c473da835ad37a9dfaba3c27a2305abe03b328e32d3e4c23c78f0465e834149268e2a2ea570b3b20cfb66c421b377dd2d57f0725de09281c16d870",