{
    "config": {
        "seed": "42",
        "profile": {
            "empty": null
        },
        "safrole": false,
        "max_work_items": 1,
        "max_service_keys": 10,
        "mutation_ratio": 0.1,
        "max_mutations": 0,
        "max_steps": 10000
    },
    "stats": {
        "steps": 1,
        "imported": 1,
        "import_max_step": 1,
        "import_min": 8.309919,
        "import_max": 8.309919,
        "import_mean": 8.309919,
        "import_p50": 8.309919,
        "import_p75": 0.0,
        "import_p90": 8.309919,
        "import_p99": 0.0,
        "import_std_dev": 0.0
    },
    "target": {
        "info": {
            "fuzz_version": 1,
            "fuzz_features": 2,
            "jam_version": {
                "major": 0,
                "minor": 7,
                "patch": 0
            },
            "app_version": {
                "major": 0,
                "minor": 1,
                "patch": 0
            },
            "app_name": "boka-fuzzing-target"
        },
        "stats": {
            "steps": 1,
            "imported": 1,
            "import_max_step": 1,
            "import_min": 34.089645000000004,
            "import_max": 34.089645000000004,
            "import_mean": 34.089645000000004,
            "import_p50": 34.089645000000004,
            "import_p75": 0.0,
            "import_p90": 34.089645000000004,
            "import_p99": 0.0,
            "import_std_dev": 0.0
        }
    },
    "state_diff": {
        "roots": {
            "exp": "0x9f0d86ee6902870364b8e41f0de9806683fc6f5161131aa9300477573856d8b7",
            "got": "0x92a0090650d09cf9ee5ee8c7361027a55132c2b1acfc8fc4d9c1704a4667b81f"
        },
        "keyvals": [
            {
                "key": "0x0c000000000000000000000000000000000000000000000000000000000000",
                "diff": {
                    "exp": "0x0000000000000000000000000000000000",
                    "got": "0x0000000000000000000000005d0bdacc00"
                }
            },
            {
                "key": "0x0d000000000000000000000000000000000000000000000000000000000000",
                "diff": {
                    "exp": "0x00000000000000000000000000000000020000000500000002000000000000000000000000000000020000000500000000000000000000000000000000000000020000000500000003000000000000000000000000000000020000000400000000000000000000000000000000000000020000000400000000000000000000000000000000000000020000000400000000000000000000000000000000000000030000000c00000002000000000000000000000000000000050000000800000002000000000000000000000000000000050000000b00000001000000000000000000000000000000050000000800000001000000000000000000000000000000030000000a00000006000000000000000000000000000000030000000a000000811306000000000000811305000000008113890a0300000000000000000000000001b154000017bf7e26000001890a00000000000000005d0bdacc000000000000000001c09d680000",
                    "got": "0x00000000000000000000000000000000020000000500000002000000000000000000000000000000020000000500000000000000000000000000000000000000020000000500000003000000000000000000000000000000020000000400000000000000000000000000000000000000020000000400000000000000000000000000000000000000020000000400000000000000000000000000000000000000030000000c00000002000000000000000000000000000000050000000800000002000000000000000000000000000000050000000b00000001000000000000000000000000000000050000000800000001000000000000000000000000000000030000000a00000006000000000000000000000000000000030000000a000000811306000000000000811305000000008113890a0300000000000000000000000001aa0b000017bf7e26000001890a00000000000000005d0bdacc000000000000000001c00c690000"
                }
            },
            {
                "key": "0x5da40b94da2acceede34e52ce402f065eb04bfaee62f20ec7e0a4c3eb3f5ef",
                "diff": {
                    "exp": "0x09000000",
                    "got": "0x00000000"
                }
            }
        ]
    },
    "import_diff": null
}
