{
    "config": {
        "seed": "42",
        "profile": {
            "Empty": null
        },
        "safrole": false,
        "max_work_items": 1,
        "max_service_keys": 10,
        "mutation_ratio": 0.1,
        "max_mutations": 0,
        "max_steps": 10000
    },
    "stats": {
        "steps": 1,
        "imported": 0,
        "import_max_step": 0,
        "import_min": 0.0,
        "import_max": 0.0,
        "import_mean": 0.0,
        "import_p50": 0.0,
        "import_p75": 0.0,
        "import_p90": 0.0,
        "import_p99": 0.0,
        "import_std_dev": 0.0
    },
    "target": {
        "info": {
            "name": "spacejam",
            "app_version": {
                "major": 0,
                "minor": 0,
                "patch": 8
            },
            "jam_version": {
                "major": 0,
                "minor": 7,
                "patch": 0
            }
        },
        "stats": {
            "steps": 1,
            "imported": 1,
            "import_max_step": 1,
            "import_min": 0.768824,
            "import_max": 0.768824,
            "import_mean": 0.768824,
            "import_p50": 0.768824,
            "import_p75": 0.0,
            "import_p90": 0.768824,
            "import_p99": 0.0,
            "import_std_dev": 0.0
        }
    },
    "diff": {
        "roots": {
            "exp": "0x6442ed6e86fa19a7f7c8cc7bb2981bae314e6911f719b3e1f6be165572253729",
            "got": "0x1cce53f6139d2f68271f07f964b32a7f684cf50a85fa80f3ac07d6c2948a5636"
        },
        "keyvals": [
            {
                "key": "0x03000000000000000000000000000000000000000000000000000000000000",
                "diff": {
                    "exp": "0x0878336d574abe817ab959c375635e3de3ea7d1c3031066b3fc23a537cabcbd14f7675f0e516b757c311cab18cf530d0f3762d09e07da2a0ee374f199ab20b454783c3039a32af6e4639ccf2562d8da8d4516340ad4d3ccde2c25c5b98548f67e6004d8b709e2e03c5f193b1e7ec23b51bbdf2d610d80c8d528533fddae5c61b85a1537dfaea6d2cb21e84a9a90ada2242432d024d7352fbb7612424853609145cd677ac23e2d399173f4f2c7547bf892b829d2740fa842eb1606a407e9b551e9f1b002cbc9856faa1bd4bdfb12a2d6663e3bab46fdd06521963da3c3095dfa13cae0426552779bfd15c6fb1fb9c2811f578d8edc6faa9ed1d5dfd10cf3ea5845acbce45dc140a57649e102ffc3f86d3ffc1a4f0534cbd0fbf8b5c9a15585d2bf651ce00600d72d5f8031a1f8bbd2c1c35093e45290c151315164273d34fa3a7460238f189b27c131c7c9142c6c92d3f67efb692cae6999e87623fc054c1e8e5f69ea5ee83c4b6f9412b3951998f5a84b6f96ba71f0be30682af2a9f19cc599e2499c9dd00a8a05e8e89aca9e1245f0c1d6b4d6ead77ca302aa73838ac51e8e9f80bc3a22c3e840cddafefdf31ed122507eaf7ae678e5b169cfa00424c9b88e621c3a2330b9c3a16e96a138ace45736f31e77aadacac082d02304c42b97d77b286326f5f4a0042d3201465ff33164e60867744fc41719032d52fc6a915cfcccde96c16a682c770be82e4d994259e177182911deb2a3b89623920d17f8684a4463bb427db34b3bcfd1f9de711460203a9040f7532c93e4a334d3f0aead9953863714e40a68a6c00453d4fed0c2a9f396c2f43efc51ec35a879fe2e13ed5515ec4b7c7c8e613cad2d7529513b8d65b555033c8528f470eba8de38c473e6eca65f258dee612233b8369cfd18107ae18cec9e4a211e06e3a3ca04f58c85e2b4901c6c518117a1df0b700f6d916416e0a1214ef20cdad38b683ef6b1b53451ebde3cd461d840220f3df0dd812466ce495cbeed8bf76111cd2ffa405cf68c8886c1dfcb8d6b2655c6fe066000000000000000000000000000000000000000000000000000000000000000000060000000121ddb9a356815c3fac1026b6dec5df3124afbadb485c9ba5a3e3398a04b7ba8500010eb01ebfc9ed27500cd4dfc979272d1f0913cc9f66540d7e8005811109e1cf2d",
                    "got": "0x084d8b709e2e03c5f193b1e7ec23b51bbdf2d610d80c8d528533fddae5c61b85a1537dfaea6d2cb21e84a9a90ada2242432d024d7352fbb7612424853609145cd677ac23e2d399173f4f2c7547bf892b829d2740fa842eb1606a407e9b551e9f1b002cbc9856faa1bd4bdfb12a2d6663e3bab46fdd06521963da3c3095dfa13cae0426552779bfd15c6fb1fb9c2811f578d8edc6faa9ed1d5dfd10cf3ea5845acbce45dc140a57649e102ffc3f86d3ffc1a4f0534cbd0fbf8b5c9a15585d2bf651ce00600d72d5f8031a1f8bbd2c1c35093e45290c151315164273d34fa3a7460238f189b27c131c7c9142c6c92d3f67efb692cae6999e87623fc054c1e8e5f69ea5ee83c4b6f9412b3951998f5a84b6f96ba71f0be30682af2a9f19cc599e2499c9dd00a8a05e8e89aca9e1245f0c1d6b4d6ead77ca302aa73838ac51e8e9f80bc3a22c3e840cddafefdf31ed122507eaf7ae678e5b169cfa00424c9b88e621c3a2330b9c3a16e96a138ace45736f31e77aadacac082d02304c42b97d77b286326f5f4a0042d3201465ff33164e60867744fc41719032d52fc6a915cfcccde96c16a682c770be82e4d994259e177182911deb2a3b89623920d17f8684a4463bb427db34b3bcfd1f9de711460203a9040f7532c93e4a334d3f0aead9953863714e40a68a6c00453d4fed0c2a9f396c2f43efc51ec35a879fe2e13ed5515ec4b7c7c8e613cad2d7529513b8d65b555033c8528f470eba8de38c473e6eca65f258dee612233b8369cfd18107ae18cec9e4a211e06e3a3ca04f58c85e2b4901c6c518117a1df0b700f6d916416e0a1214ef20cdad38b683ef6b1b53451ebde3cd461d840220f3df0dd812466ce495cbeed8bf76111cd2ffa405cf68c8886c1dfcb8d6b2655c6fe0666442ed6e86fa19a7f7c8cc7bb2981bae314e6911f719b3e1f6be16557225372900e2fc189a96e35329b9abb70465e4ce5b6b7d5653ac38e612c0fd8043f817d3e72ae46cca678d5da85a72cd2accb0d0766565548bd3665725b29013a1e5659ab20000000000000000000000000000000000000000000000000000000000000000000601000000000000000000000000000000000000000000000000000000000000000000000121ddb9a356815c3fac1026b6dec5df3124afbadb485c9ba5a3e3398a04b7ba8500010eb01ebfc9ed27500cd4dfc979272d1f0913cc9f66540d7e8005811109e1cf2d"
                }
            },
            {
                "key": "0x06000000000000000000000000000000000000000000000000000000000000",
                "diff": {
                    "exp": "0x1ae8c5c19e124f19e162ece8b819c914290c37b48fb002ae3b4445e9b8b53f6b70ef0bcb4f78f0b30c647a74b1762318413d279a6723b8f0d9ebfbee34a504ff20265a5e149cf8b6faabc54f1e155e92adc17f737506a023b3a5c98d6fa21d5b0ce5423aebf50cd16407a606e48b59d039b460d9805edc8b0ffa24ee3db70ea6",
                    "got": "0xfd07b94f7c1e7497d7204dce65bf2cb620fab8aac1c055a3eda104fcf930548670ef0bcb4f78f0b30c647a74b1762318413d279a6723b8f0d9ebfbee34a504ff20265a5e149cf8b6faabc54f1e155e92adc17f737506a023b3a5c98d6fa21d5b0ce5423aebf50cd16407a606e48b59d039b460d9805edc8b0ffa24ee3db70ea6"
                }
            },
            {
                "key": "0x0b000000000000000000000000000000000000000000000000000000000000",
                "diff": {
                    "exp": "0x28000000",
                    "got": "0x29000000"
                }
            },
            {
                "key": "0x0d000000000000000000000000000000000000000000000000000000000000",
                "diff": {
                    "exp": "0x0100000000000000000000000000000000000000000000000100000000000000000000000000000000000000000000000100000000000000000000000000000000000000000000000000000000000000000000000000000000000000000000000100000000000000000000000000000000000000000000000100000000000000000000000000000000000000000000000100000000000000000000000000000000000000000000000300000000000000000000000000000000000000000000000200000000000000000000000000000000000000000000000300000000000000000000000000000000000000000000000000000000000000000000000000000000000000000000000300000000000000000000000000000000000000000000000000000000000000000000000000000000",
                    "got": "0x0200000000000000000000000000000000000000000000000100000000000000000000000000000000000000000000000100000000000000000000000000000000000000000000000000000000000000000000000000000000000000000000000100000000000000000000000000000000000000000000000100000000000000000000000000000000000000000000000100000000000000000000000000000000000000000000000300000000000000000000000000000000000000000000000200000000000000000000000000000000000000000000000300000000000000000000000000000000000000000000000000000000000000000000000000000000000000000000000300000000000000000000000000000000000000000000000000000000000000000000000000000000"
                }
            }
        ]
    }
}
