{
    "config": {
        "seed": "42",
        "max_steps": 4294967295,
        "safrole": false,
        "profile": {
            "full": null
        },
        "fuzzy_profile": {
            "full": null
        },
        "max_work_items": 3,
        "mutation_ratio": 0.0,
        "max_mutations": 0
    },
    "stats": {
        "steps": 1,
        "imported": 1,
        "import_max_step": 1,
        "import_min": 8.903911,
        "import_max": 8.903911,
        "import_mean": 8.903911,
        "import_p50": 8.903911,
        "import_p75": 0.0,
        "import_p90": 8.903911,
        "import_p99": 0.0,
        "import_std_dev": 0.0
    },
    "target": {
        "info": {
            "fuzz_version": 1,
            "fuzz_features": 2,
            "jam_version": {
                "major": 0,
                "minor": 7,
                "patch": 1
            },
            "app_version": {
                "major": 0,
                "minor": 0,
                "patch": 14
            },
            "app_name": "spacejam"
        },
        "stats": {
            "steps": 1,
            "imported": 1,
            "import_max_step": 1,
            "import_min": 9.99129,
            "import_max": 9.99129,
            "import_mean": 9.99129,
            "import_p50": 9.99129,
            "import_p75": 0.0,
            "import_p90": 9.99129,
            "import_p99": 0.0,
            "import_std_dev": 0.0
        }
    },
    "diff": {
        "state": {
            "roots": {
                "exp": "0x72f702e54197780f31383a7240f8605b433c76339795983d5e0b924f5373e7f9",
                "got": "0x7b9ea8c3ff8d19aab8123044f3328b686232a5aa41f49abfd87921d13acaa83e"
            },
            "keyvals": [
                {
                    "key": "0x004400b500a400aaa0d7f8eab5ca1cca4a0472988422febc68a6b6a944cabf",
                    "diff": {
                        "exp": "0x4ea6dc6b",
                        "got": "0x"
                    }
                },
                {
                    "key": "0x00450019006a0051135ef0225518c5ddc999419ffbf52cf2d4213d55af782e",
                    "diff": {
                        "exp": "0x01000000",
                        "got": "0x"
                    }
                },
                {
                    "key": "0x00c0001d0056003b9dfa998fdc18531738e679fe8cf0cb42c3f5f40de9fe04",
                    "diff": {
                        "exp": "0x000000005d7b000000000000726566696c6c0000000000000000000000000000000000000000000000000000000000000000000000000000000000000000000000000000000000000000000000000000000000000000000000000000000000000000000000000000000000000000000000000000000000000000000000000000000000000000000000000000",
                        "got": "0x"
                    }
                },
                {
                    "key": "0x00f00078008e0099cd2569e9ccf2045b86062b3e1b16723b5cd83807dab284",
                    "diff": {
                        "exp": "0x000000005d7b000000000000726566696c6c0000000000000000000000000000000000000000000000000000000000000000000000000000000000000000000000000000000000000000000000000000000000000000000000000000000000000000000000000000000000000000000000000000000000000000000000000000000000000000000000000000",
                        "got": "0x"
                    }
                },
                {
                    "key": "0x0c000000000000000000000000000000000000000000000000000000000000",
                    "diff": {
                        "exp": "0x00000000000000000000000091b29b520000000000",
                        "got": "0x000000000000000000000000000000000000000000"
                    }
                },
                {
                    "key": "0x0d000000000000000000000000000000000000000000000000000000000000",
                    "diff": {
                        "exp": "0x010000000000000000000000000000000100000003000000000000000000000000000000000000000200000002000000000000000000000000000000000000000200000003000000020000000000000000000000000000000100000002000000000000000000000000000000000000000100000002000000010000000000000000000000000000000200000002000000000000000000000000000000000000000000000000000000000000000000000000000000000000000000000000000000000000000000000000000000000000000000000000000000000000000000000000000000000000000000000000000000000000000000000000000000000000000000000000000000000000000000000000000000000000000000000000000000827705000000000000833a060000000080f79b5d01000000000000019b5d0000000006c28056",
                        "got": "0x010000000000000000000000000000000100000003000000000000000000000000000000000000000200000002000000000000000000000000000000000000000200000003000000020000000000000000000000000000000100000002000000000000000000000000000000000000000100000002000000010000000000000000000000000000000200000002000000000000000000000000000000000000000000000000000000000000000000000000000000000000000000000000000000000000000000000000000000000000000000000000000000000000000000000000000000000000000000000000000000000000000000000000000000000000000000000000000000000000000000000000000000000000000000000000000000827705000000000000833a060000000080f79b5d01000000000000019b5d0000000006c24231"
                    }
                },
                {
                    "key": "0x24bba695dc556b59840836d0c4b1f3b1d59b9fdc71594c4d08c06a4ea4ac9d",
                    "diff": {
                        "exp": "0x00",
                        "got": "0x"
                    }
                },
                {
                    "key": "0x4ebba695dc556b59840836d0c4b1f3b1d59b9fdc71594c4d08c06a4ea4ac9d",
                    "diff": {
                        "exp": "0x00",
                        "got": "0x"
                    }
                },
                {
                    "key": "0xfabba595dc556b59840836d0c4b1f3b1d59b9fdc71594c4d08c06a4ea4ac9d",
                    "diff": {
                        "exp": "0x00",
                        "got": "0x"
                    }
                },
                {
                    "key": "0xff000000000000000000000000000000000000000000000000000000000000",
                    "diff": {
                        "exp": "0x00f45d36b7af68cdd48be8b7793cff734678e8fcad41902f07fbb4383707775687870af1ffffffffff0a000000000000000a000000000000001d1a020000000000ffffffffffffffff08000000000000000400000000000000",
                        "got": "0x00f45d36b7af68cdd48be8b7793cff734678e8fcad41902f07fbb4383707775687ffffffffffffffff0a000000000000000a000000000000004c18020000000000ffffffffffffffff04000000000000000400000000000000"
                    }
                },
                {
                    "key": "0xff2400a600dc006b0000000000000000000000000000000000000000000000",
                    "diff": {
                        "exp": "0x00b966c7bc5cd787c524a8730eb7c953ef4732811c2e4290e041646123449b74ccd72005000000000010270000000000001027000000000000f95f020000000000000000000000000002000000040000000000000000000000",
                        "got": "0x"
                    }
                },
                {
                    "key": "0xff4e00a600dc006b0000000000000000000000000000000000000000000000",
                    "diff": {
                        "exp": "0x00b966c7bc5cd787c524a8730eb7c953ef4732811c2e4290e041646123449b74ccac6304000000000010270000000000001027000000000000f95f020000000000000000000000000002000000040000000000000000000000",
                        "got": "0x"
                    }
                },
                {
                    "key": "0xfffa00a500dc006b0000000000000000000000000000000000000000000000",
                    "diff": {
                        "exp": "0x00b966c7bc5cd787c524a8730eb7c953ef4732811c2e4290e041646123449b74ccf57005000000000010270000000000001027000000000000f95f020000000000000000000000000002000000040000000000000000000000",
                        "got": "0x"
                    }
                }
            ]
        }
    }
}