{
    "config": {
        "seed": "1767872928_2891",
        "max_steps": 1000000,
        "safrole": false,
        "profile": {
            "fuzzy": null
        },
        "fuzzy_profile": {
            "rand": null
        },
        "max_work_items": 5,
        "mutation_ratio": 0.1,
        "max_mutations": 5
    },
    "stats": {
        "steps": 92,
        "imported": 29,
        "import_max_step": 82,
        "import_min": 1.45107,
        "import_max": 304.886842,
        "import_mean": 17.99684724137931,
        "import_p50": 7.467,
        "import_p75": 10.973,
        "import_p90": 15.771,
        "import_p99": 304.886,
        "import_std_dev": 55.39955461935459
    },
    "target": {
        "info": {
            "fuzz_version": 1,
            "fuzz_features": 2,
            "jam_version": {
                "major": 0,
                "minor": 7,
                "patch": 2
            },
            "app_version": {
                "major": 0,
                "minor": 1,
                "patch": 0
            },
            "app_name": "jamzig-target"
        },
        "stats": {
            "steps": 92,
            "imported": 29,
            "import_max_step": 82,
            "import_min": 1.5206810000000002,
            "import_max": 226.75994899999998,
            "import_mean": 28.910028206896545,
            "import_p50": 17.767,
            "import_p75": 25.56,
            "import_p90": 52.114,
            "import_p99": 226.759,
            "import_std_dev": 43.069293984990836
        }
    },
    "error": {
        "state_diff": {
            "roots": {
                "exp": "0xa25eab1d77d3c5741de8de3868e27223351e7078dddfb2f648487478cd9c7a51",
                "got": "0x77fda1fd27f266a5d3bfe7e0aaa806f5e0103eb35f49a7a62dca0948a3582146"
            },
            "keyvals": [
                {
                    "key": "0x03000000000000000000000000000000000000000000000000000000000000",
                    "diff": {
                        "exp": "0x08a9975d7c298b6861e541b961203d95e4515188732e1961c0c5f4234eb65fdeda37d09b462a107279743d1d84488bc3ac19dbdd2fa77c5b8bc5bc41688a428d9a40daf7665df5e958667019a642d4d298ff90e8db8fd69022fa9ee342b8bc38b30101eef99d4633d42a1e3120e1f02e3967a135c652d23ed713f617caa19d09b7640000000000000000000000000000000000000000000000000000000000000000d49c529cfed4949c12033eae451ab29bd0ce7e3dc5dd5e4f51b9937a29f76042cceda26427042d2e86fd90ba3efdd2877095a9db7a476673be937eb07829cca538a45ed67c78eca9156ab14b28971cae39bfc6309fec83feb345d1a605922b4902c703b83abf33cedddd7b807fdae5e15afe614a2757a2d3ce226488df22bd8d9f0000000000000000000000000000000000000000000000000000000000000000c9c22ed35d61389c3eb87949a40883b36d377d76b12599fdd1c4a569dc346fd70000000000000000000000000000000000000000000000000000000000000000ca3fb85a06e1a2f89b4288aedc64ab6e0df42604635d9a3abd9d59f05682d96146d49b503fc8e67cc0018f3b13135fa94659404e658898cafa0e2a85716b7fe59c07a39c3159807cf7d7b5de74728bcd607ddb14e09450edbf1bf737769ff48c0100a852b41167a1d37cc8bc9d65e85e5ac4f30d159f2c61dbd0b114e5b6fb58900000000000000000000000000000000000000000000000000000000000000000ae720cfc0dbe6ebe981e0534c400896f42734b688690f887d7f7a90abbcaa998a383905278c9361a76bc9eb5f5b3863f09eb6575459a7be4c629b159f60dddffe1285fbaa9c9713b2e80d5c2b221f6bf7f89bf41e141a983c21eea04d64842b9017e4a0e65ee3a1783effb2c5ea80fd4a73be1c3532aacb4b49d902ea04fb9eb1e0000000000000000000000000000000000000000000000000000000000000000bdba79adcf7e3e0aebe8b56cd9e7b4308b7bcbf4c830a5d97c8ba9faa92969b3b90436985f62d9ecda95a9c0027312f50b69b1ff80f5a8485999c2ffcb4f1d6244a8ae3514785c66ade06a6c8068547f139cef149b27cf4054bab7276e51fc1d015a4a8242d1c7d8f19c39b65ab36268a7a3a96fb637c94323078383a4a1c1710a00000000000000000000000000000000000000000000000000000000000000008ff02fa1154ba5057efc157fdad859cd9b8437c0895860a87d831220704fe2f88a9eafe6ef692d87d82a8bb53a04eb4bb2f3e22367a1ac92db301b43cc7021362890ed676b3ea365c6296cd7ccbd225d9efe1027f7925bb71ad364106831996c00f108c52b2bbf7f49784041f68ae691a566816a7b147a2438bcbce017821e02ee64e17f55046bc6718aca6dd0b729354edbd30e807e1d2172b28f374f1f7161cf916c6440b969b802cc91c986c89d379343459d0f8212abbe304bc7e7ae7e209901b9e54b79575d017c4bcb0c3b5164a3c474901c356c869dc10c372e133fe58c86000000000000000000000000000000000000000000000000000000000000000094b145fae2c21c3a72bf0d3275526bb1afda469b3a6ca0f891b23028f4859a5772decf69ec2e060e84fa9fe1004de95f458ed646d8d811c11c16d3a22b7472cb00000000000000000000000000000000000000000000000000000000000000000177ae2cb87a4368359d5885de57fec16434d0ac778863fa8a7b00dfdd3b85895c000000000000000000000000000000000000000000000000000000000000000005016de2fbdd3eee3797c4b11ed31f2c3b363f4f057a24a41d61e5e55e8192ca14ab01ad3228b676f7d3cd4284a5443f17f1962b36e491b30a40b2405849e597ba5fb50001b765de0e2e0baa05c03b151b5a3a2452adc6f298176c8da0f2b72c602e14fee6011e8385970930dd96acf908f75bdbc9bce2dde48b517f5b1caa28f56ca7b5ef42",
                        "got": "0x08a9975d7c298b6861e541b961203d95e4515188732e1961c0c5f4234eb65fdeda37d09b462a107279743d1d84488bc3ac19dbdd2fa77c5b8bc5bc41688a428d9a40daf7665df5e958667019a642d4d298ff90e8db8fd69022fa9ee342b8bc38b30101eef99d4633d42a1e3120e1f02e3967a135c652d23ed713f617caa19d09b7640000000000000000000000000000000000000000000000000000000000000000d49c529cfed4949c12033eae451ab29bd0ce7e3dc5dd5e4f51b9937a29f76042cceda26427042d2e86fd90ba3efdd2877095a9db7a476673be937eb07829cca538a45ed67c78eca9156ab14b28971cae39bfc6309fec83feb345d1a605922b4902c703b83abf33cedddd7b807fdae5e15afe614a2757a2d3ce226488df22bd8d9f0000000000000000000000000000000000000000000000000000000000000000c9c22ed35d61389c3eb87949a40883b36d377d76b12599fdd1c4a569dc346fd70000000000000000000000000000000000000000000000000000000000000000ca3fb85a06e1a2f89b4288aedc64ab6e0df42604635d9a3abd9d59f05682d96146d49b503fc8e67cc0018f3b13135fa94659404e658898cafa0e2a85716b7fe59c07a39c3159807cf7d7b5de74728bcd607ddb14e09450edbf1bf737769ff48c0100a852b41167a1d37cc8bc9d65e85e5ac4f30d159f2c61dbd0b114e5b6fb58900000000000000000000000000000000000000000000000000000000000000000ae720cfc0dbe6ebe981e0534c400896f42734b688690f887d7f7a90abbcaa998a383905278c9361a76bc9eb5f5b3863f09eb6575459a7be4c629b159f60dddffe1285fbaa9c9713b2e80d5c2b221f6bf7f89bf41e141a983c21eea04d64842b9017e4a0e65ee3a1783effb2c5ea80fd4a73be1c3532aacb4b49d902ea04fb9eb1e0000000000000000000000000000000000000000000000000000000000000000bdba79adcf7e3e0aebe8b56cd9e7b4308b7bcbf4c830a5d97c8ba9faa92969b3b90436985f62d9ecda95a9c0027312f50b69b1ff80f5a8485999c2ffcb4f1d6244a8ae3514785c66ade06a6c8068547f139cef149b27cf4054bab7276e51fc1d015a4a8242d1c7d8f19c39b65ab36268a7a3a96fb637c94323078383a4a1c1710a00000000000000000000000000000000000000000000000000000000000000008ff02fa1154ba5057efc157fdad859cd9b8437c0895860a87d831220704fe2f88a9eafe6ef692d87d82a8bb53a04eb4bb2f3e22367a1ac92db301b43cc7021362890ed676b3ea365c6296cd7ccbd225d9efe1027f7925bb71ad364106831996c00f108c52b2bbf7f49784041f68ae691a566816a7b147a2438bcbce017821e02ee64e17f55046bc6718aca6dd0b729354edbd30e807e1d2172b28f374f1f7161cf916c6440b969b802cc91c986c89d379343459d0f8212abbe304bc7e7ae7e209901b9e54b79575d017c4bcb0c3b5164a3c474901c356c869dc10c372e133fe58c86000000000000000000000000000000000000000000000000000000000000000094b145fae2c21c3a72bf0d3275526bb1afda469b3a6ca0f891b23028f4859a57707f8935c0fc925deaab93baceb4dfa5f1c3b9d1dae94a0e6dd467afe46da78900000000000000000000000000000000000000000000000000000000000000000177ae2cb87a4368359d5885de57fec16434d0ac778863fa8a7b00dfdd3b85895c00000000000000000000000000000000000000000000000000000000000000000501b8a71a6e379b8987341a712376d545f7fc2e42faf19c7651a642821918ef0d4801ad3228b676f7d3cd4284a5443f17f1962b36e491b30a40b2405849e597ba5fb50001b765de0e2e0baa05c03b151b5a3a2452adc6f298176c8da0f2b72c602e14fee6011e8385970930dd96acf908f75bdbc9bce2dde48b517f5b1caa28f56ca7b5ef42"
                    }
                },
                {
                    "key": "0x0d000000000000000000000000000000000000000000000000000000000000",