{
    "config": {
        "seed": "42",
        "profile": {
            "fuzzy": null
        },
        "safrole": false,
        "max_work_items": 1,
        "max_service_keys": 10,
        "mutation_ratio": 0.1,
        "max_mutations": 0,
        "max_steps": 10000
    },
    "stats": {
        "steps": 1,
        "imported": 1,
        "import_max_step": 1,
        "import_min": 8.212581,
        "import_max": 8.212581,
        "import_mean": 8.212581,
        "import_p50": 8.212581,
        "import_p75": 0.0,
        "import_p90": 8.212581,
        "import_p99": 0.0,
        "import_std_dev": 0.0
    },
    "target": {
        "info": {
            "fuzz_version": 1,
            "fuzz_features": 2,
            "jam_version": {
                "major": 0,
                "minor": 7,
                "patch": 1
            },
            "app_version": {
                "major": 0,
                "minor": 3,
                "patch": 1
            },
            "app_name": "vinwolf-target"
        },
        "stats": {
            "steps": 1,
            "imported": 1,
            "import_max_step": 1,
            "import_min": 11.475489,
            "import_max": 11.475489,
            "import_mean": 11.475489,
            "import_p50": 11.475489,
            "import_p75": 0.0,
            "import_p90": 11.475489,
            "import_p99": 0.0,
            "import_std_dev": 0.0
        }
    },
    "state_diff": {
        "roots": {
            "exp": "0x6bb23d707c959515131bcb947ee595b18ae8f4231dc5b79c05cac5634d2f68b4",
            "got": "0xfa884258c8ea0bd8d4c53188ae5a885c639bc39a9e57842de9664f7903156afc"
        },
        "keyvals": [
            {
                "key": "0x00450019006a0051135ef0225518c5ddc999419ffbf52cf2d4213d55af782e",
                "diff": {
                    "exp": "0x01000000",
                    "got": "0x"
                }
            },
            {
                "key": "0x00f00078008e0099cd2569e9ccf2045b86062b3e1b16723b5cd83807dab284",
                "diff": {
                    "exp": "0x00000000b5ae000000000000726566696c6c0000000000000000000000000000000000000000000000000000000000000000000000000000000000000000000000000000000000000000000000000000000000000000000000000000000000000000000000000000000000000000000000000000000000000000000000000000000000000000000000000000",
                    "got": "0x"
                }
            },
            {
                "key": "0x0d000000000000000000000000000000000000000000000000000000000000",
                "diff": {
                    "exp": "0x010000000000000000000000000000000100000001000000000000000000000000000000000000000100000001000000000000000000000000000000000000000200000001000000010000000000000000000000000000000100000001000000000000000000000000000000000000000200000001000000000000000000000000000000000000000200000001000000000000000000000000000000000000000000000000000000000000000000000000000000000000000000000000000000000000000000000000000000000000000000000000000000000000000000000000000000000000000000000000000000000000000000000000000000000000000000000000000000000000000000000000000000000000000000000000000000817b060000000081179b2680f70500000000000001000000000000019b260000000002c021ce",
                    "got": "0x010000000000000000000000000000000100000001000000000000000000000000000000000000000100000001000000000000000000000000000000000000000200000001000000010000000000000000000000000000000100000001000000000000000000000000000000000000000200000001000000000000000000000000000000000000000200000001000000000000000000000000000000000000000000000000000000000000000000000000000000000000000000000000000000000000000000000000000000000000000000000000000000000000000000000000000000000000000000000000000000000000000000000000000000000000000000000000000000000000000000000000000000000000000000000000000000817b060000000081179b2680f70500000000000001000000000000019b260000000002c098b4"
                }
            },
            {
                "key": "0xff000000000000000000000000000000000000000000000000000000000000",
                "diff": {
                    "exp": "0x0069076f38642f87e2037a88d4a583b03703c744af1f02bd0bbd7df93ce1ef8f6cffffffffffffffff0a000000000000000a00000000000000e819020000000000ffffffffffffffff07000000000000000200000000000000",
                    "got": "0x0069076f38642f87e2037a88d4a583b03703c744af1f02bd0bbd7df93ce1ef8f6cffffffffffffffff0a000000000000000a00000000000000fd18020000000000ffffffffffffffff05000000000000000200000000000000"
                }
            }
        ]
    },
    "import_diff": null
}
