{
    "config": {
        "seed": "42",
        "profile": {
            "empty": null
        },
        "safrole": false,
        "max_work_items": 1,
        "max_service_keys": 10,
        "mutation_ratio": 0.1,
        "max_mutations": 0,
        "max_steps": 10000
    },
    "stats": {
        "steps": 1,
        "imported": 1,
        "import_max_step": 1,
        "import_min": 8.857057999999999,
        "import_max": 8.857057999999999,
        "import_mean": 8.857057999999999,
        "import_p50": 8.857057999999999,
        "import_p75": 0.0,
        "import_p90": 8.857057999999999,
        "import_p99": 0.0,
        "import_std_dev": 0.0
    },
    "target": {
        "info": {
            "fuzz_version": 1,
            "fuzz_features": 2,
            "jam_version": {
                "major": 0,
                "minor": 7,
                "patch": 0
            },
            "app_version": {
                "major": 0,
                "minor": 1,
                "patch": 0
            },
            "app_name": "boka-fuzzing-target"
        },
        "stats": {
            "steps": 1,
            "imported": 1,
            "import_max_step": 1,
            "import_min": 22.036572,
            "import_max": 22.036572,
            "import_mean": 22.036572,
            "import_p50": 22.036572,
            "import_p75": 0.0,
            "import_p90": 22.036572,
            "import_p99": 0.0,
            "import_std_dev": 0.0
        }
    },
    "state_diff": {
        "roots": {
            "exp": "0xd9c20b45f9819021dc1dec5c6c6e2cfb668b6f5bbaff29943ccf7514af85381a",
            "got": "0xc7a6ab549d9ea18c3df40758ce7ffb30d2714d72dfd191f0e8ddee3e5c1dd7f5"
        },
        "keyvals": [
            {
                "key": "0x0d000000000000000000000000000000000000000000000000000000000000",
                "diff": {
                    "exp": "0x00000000000000000000000000000000020000000400000000000000000000000000000000000000020000000600000000000000000000000000000000000000040000000400000001000000000000000000000000000000020000000600000003000000000000000100000034660100040000000600000002000000000000000000000000000000040000000500000002000000000000000100000034660100030000000800000000000000000000000000000000000000040000000800000001000000000000000000000000000000040000000900000004000000000000000100000034660100030000000800000002000000000000000000000000000000040000000700000002000000000000000100000034660100030000000900000088c7050000000088c78d8280ff050000000088c78d820255f8b49a0000029b040000000001c0c4570000862da8ef000000000000000001e08096980000",
                    "got": "0x00000000000000000000000000000000020000000400000000000000000000000000000000000000020000000600000000000000000000000000000000000000040000000400000001000000000000000000000000000000020000000600000003000000000000000100000034660100040000000600000002000000000000000000000000000000040000000500000002000000000000000100000034660100030000000800000000000000000000000000000000000000040000000800000001000000000000000000000000000000040000000900000004000000000000000100000034660100030000000800000002000000000000000000000000000000040000000700000002000000000000000100000034660100030000000900000088c7050000000088c78d8280ff050000000088c78d820255f8b49a0000029b040000000001c04c580000862da8ef000000000000000001a40a0000"
                }
            }
        ]
    },
    "import_diff": null
}
