{
    "config": {
        "seed": "42",
        "profile": {
            "empty": null
        },
        "safrole": false,
        "max_work_items": 1,
        "max_service_keys": 10,
        "mutation_ratio": 0.1,
        "max_mutations": 0,
        "max_steps": 10000
    },
    "stats": {
        "steps": 1,
        "imported": 1,
        "import_max_step": 1,
        "import_min": 8.152631000000001,
        "import_max": 8.152631000000001,
        "import_mean": 8.152631000000001,
        "import_p50": 8.152631000000001,
        "import_p75": 0.0,
        "import_p90": 8.152631000000001,
        "import_p99": 0.0,
        "import_std_dev": 0.0
    },
    "target": {
        "info": {
            "fuzz_version": 1,
            "fuzz_features": 2,
            "jam_version": {
                "major": 0,
                "minor": 7,
                "patch": 0
            },
            "app_version": {
                "major": 0,
                "minor": 1,
                "patch": 0
            },
            "app_name": "jamzig-target"
        },
        "stats": {
            "steps": 1,
            "imported": 1,
            "import_max_step": 1,
            "import_min": 6.446132,
            "import_max": 6.446132,
            "import_mean": 6.446132,
            "import_p50": 6.446132,
            "import_p75": 0.0,
            "import_p90": 6.446132,
            "import_p99": 0.0,
            "import_std_dev": 0.0
        }
    },
    "state_diff": {
        "roots": {
            "exp": "0x5711000cfeae6374d13513c905b9a5e00649946b90d9e5da4b46d34b6354fee2",
            "got": "0x74eba44d01ccf48dedfe53731bef24d678379bae66b3dade567e738979304c81"
        },
        "keyvals": [
            {
                "key": "0x0d000000000000000000000000000000000000000000000000000000000000",
                "diff": {
                    "exp": "0x000000000000000000000000000000000200000007000000030000000000000000000000000000000200000005000000010000000000000000000000000000000200000005000000000000000000000000000000000000000300000006000000020000000000000000000000000000000300000005000000010000000000000000000000000000000300000003000000020000000000000004000000d0980500050000000a00000000000000000000000000000000000000060000000900000001000000000000000000000000000000050000000a00000004000000000000000200000068cc0200060000000a00000002000000000000000000000000000000050000000900000002000000000000000000000000000000060000000900000081070600000000810788e2000000000000810788e203f4c6469000000188e200000000000000002f1b96a200000000000000000000019da62cc2eef700000188e20000000001c05e650000",
                    "got": "0x000000000000000000000000000000000200000007000000030000000000000000000000000000000200000005000000010000000000000000000000000000000200000005000000000000000000000000000000000000000300000006000000020000000000000000000000000000000300000005000000010000000000000000000000000000000300000003000000020000000000000004000000d0980500050000000a00000000000000000000000000000000000000060000000900000001000000000000000000000000000000050000000a00000004000000000000000200000068cc0200060000000a00000002000000000000000000000000000000050000000900000002000000000000000000000000000000060000000900000081070600000000810788e2000000000000810788e203f4c6469000000188e200000000000000002f1b96a200000000000000000000019d2d2cc2eef700000188e20000000001c05e650000"
                }
            },
            {
                "key": "0xff2f001b009600a20000000000000000000000000000000000000000000000",
                "diff": {
                    "exp": "0x6c322032f9ffb452de811d2db63f5b654aefeeff6195f50f19c2c8598d0b8ae5a415020000000000102700000000000010270000000000003567010000000000000000000000000003000000050000000000000000000000",
                    "got": "0x6c322032f9ffb452de811d2db63f5b654aefeeff6195f50f19c2c8598d0b8ae5a415020000000000102700000000000010270000000000003567010000000000000000000000000003000000050000001200000000000000"
                }
            }
        ]
    },
    "import_diff": null
}
