{
    "config": {
        "seed": "42",
        "max_steps": 4294967295,
        "safrole": false,
        "profile": {
            "full": null
        },
        "fuzzy_profile": {
            "full": null
        },
        "max_work_items": 3,
        "mutation_ratio": 0.0,
        "max_mutations": 0
    },
    "stats": {
        "steps": 3,
        "imported": 1,
        "import_max_step": 3,
        "import_min": 56.820336999999995,
        "import_max": 56.820336999999995,
        "import_mean": 56.820336999999995,
        "import_p50": 56.820336999999995,
        "import_p75": 0.0,
        "import_p90": 56.820336999999995,
        "import_p99": 0.0,
        "import_std_dev": 0.0
    },
    "target": {
        "info": {
            "fuzz_version": 1,
            "fuzz_features": 2,
            "jam_version": {
                "major": 0,
                "minor": 7,
                "patch": 2
            },
            "app_version": {
                "major": 0,
                "minor": 1,
                "patch": 0
            },
            "app_name": "jamzig-target"
        },
        "stats": {
            "steps": 3,
            "imported": 1,
            "import_max_step": 3,
            "import_min": 51.640544,
            "import_max": 51.640544,
            "import_mean": 51.640544,
            "import_p50": 51.640544,
            "import_p75": 0.0,
            "import_p90": 51.640544,
            "import_p99": 0.0,
            "import_std_dev": 0.0
        }
    },
    "error": {
        "state_diff": {
            "roots": {
                "exp": "0x1765e5c0dffbffc7cf6fa389ff1f66f19f68315ff61671c08acedfb03f405c55",
                "got": "0x1529de957f0bc0c289577721a000ef2d26aaffbca5e1b798b99e931278a6acf1"
            },
            "keyvals": [
                {
                    "key": "0x0d000000000000000000000000000000000000000000000000000000000000",
                    "diff": {
                        "exp": "0x00000000000000000000000000000000010000000100000000000000000000000000000000000000010000000100000001000000000000000000000000000000000000000100000000000000000000000000000000000000000000000100000000000000000000000000000000000000000000000100000000000000000000000000000000000000010000000100000000000000000000000000000000000000080000000b00000004000000000000000100000078000000050000000c00000000000000000000000000000000000000080000000c00000002000000000000000000000000000000040000000c0000000400000000000000010000003d390200080000000c0000000200000000000000010000003d390200050000000c00000000040000000000008dee06001986e5008cbec0534b0300000000000002b49d000c82ae0001c0686617565e260000018b71000983210003c037486d413dbf0000018b45000481160001aed3",
                        "got": "0x00000000000000000000000000000000010000000100000000000000000000000000000000000000000000000100000001000000000000000000000000000000010000000100000000000000000000000000000000000000000000000100000000000000000000000000000000000000010000000100000000000000000000000000000000000000000000000100000000000000000000000000000000000000080000000b00000004000000000000000100000078000000050000000c00000000000000000000000000000000000000080000000c00000002000000000000000000000000000000040000000c0000000400000000000000010000003d390200080000000c0000000200000000000000010000003d390200050000000c00000000040000000000008dee06001986e5008cbec0534b0300000000000002b49d000c82ae0001c0686617565e260000018b71000983210003c02d486d413dbf0000018b45000481160001aed3"
                    }
                }
            ]
        }
    }
}