{
    "config": {
        "seed": "42",
        "profile": {
            "Empty": null
        },
        "safrole": false,
        "max_work_items": 1,
        "max_service_keys": 10,
        "mutation_ratio": 0.1,
        "max_mutations": 0,
        "max_steps": 10000
    },
    "stats": {
        "steps": 1,
        "imported": 1,
        "import_max_step": 1,
        "import_min": 12.703807,
        "import_max": 12.703807,
        "import_mean": 12.703807,
        "import_p50": 12.703807,
        "import_p75": 0.0,
        "import_p90": 12.703807,
        "import_p99": 0.0,
        "import_std_dev": 0.0
    },
    "target": {
        "info": {
            "name": "PyJAMaz",
            "app_version": {
                "major": 0,
                "minor": 1,
                "patch": 9
            },
            "jam_version": {
                "major": 0,
                "minor": 7,
                "patch": 0
            }
        },
        "stats": {
            "steps": 1,
            "imported": 1,
            "import_max_step": 1,
            "import_min": 1266.635956,
            "import_max": 1266.635956,
            "import_mean": 1266.635956,
            "import_p50": 1266.635956,
            "import_p75": 0.0,
            "import_p90": 1266.635956,
            "import_p99": 0.0,
            "import_std_dev": 0.0
        }
    },
    "diff": {
        "roots": {
            "exp": "0x3db2b7f6e5c890594f436af9145f1d0f204f4b863ba40c8da82a76598fb9c45e",
            "got": "0x882c33d5c2601280d2dabafe2e10347977efa4ccfdaf743d526c3f65b712523f"
        },
        "keyvals": [
            {
                "key": "0x10000000000000000000000000000000000000000000000000000000000000",
                "diff": {
                    "exp": "0x0232e9d34f1e9d1f5a1867baafe31f554c2cf8799b566cbad178d98fb71383b2b3c247a880051b96a23859ecea06ce89e70a7d5b9a27f16b850198e71e3d593a511d3871f05b9840f7",
                    "got": "0x02051b96a23859ecea06ce89e70a7d5b9a27f16b850198e71e3d593a511d3871f05b9840f732e9d34f1e9d1f5a1867baafe31f554c2cf8799b566cbad178d98fb71383b2b3c247a880"
                }
            }
        ]
    }
}
