{
    "config": {
        "seed": "42",
        "profile": {
            "Empty": null
        },
        "safrole": false,
        "max_work_items": 1,
        "max_service_keys": 10,
        "mutation_ratio": 0.1,
        "max_mutations": 0,
        "max_steps": 10000
    },
    "stats": {
        "steps": 1,
        "imported": 1,
        "import_max_step": 1,
        "import_min": 14.81907,
        "import_max": 14.81907,
        "import_mean": 14.81907,
        "import_p50": 14.81907,
        "import_p75": 0.0,
        "import_p90": 14.81907,
        "import_p99": 0.0,
        "import_std_dev": 0.0
    },
    "target": {
        "info": {
            "name": "jam-duna-target",
            "app_version": {
                "major": 0,
                "minor": 1,
                "patch": 9
            },
            "jam_version": {
                "major": 0,
                "minor": 7,
                "patch": 0
            }
        },
        "stats": {
            "steps": 1,
            "imported": 1,
            "import_max_step": 1,
            "import_min": 5.172981999999999,
            "import_max": 5.172981999999999,
            "import_mean": 5.172981999999999,
            "import_p50": 5.172981999999999,
            "import_p75": 0.0,
            "import_p90": 5.172981999999999,
            "import_p99": 0.0,
            "import_std_dev": 0.0
        }
    },
    "diff": {
        "roots": {
            "exp": "0x483e00438ad0f800a853e81ee537ae1ad22cbd4e994907dc7b5f10c158607086",
            "got": "0x925e056b8d9c10cc208ed9a38d4c612b26f4a7852900c1a36785f43a4ac4a016"
        },
        "keyvals": [
            {
                "key": "0x004400b500a400aaa0d7f8eab5ca1cca4a0472988422febc68a6b6a944cabf",
                "diff": {
                    "exp": "0x24e9488e",
                    "got": "0x4ee9488e"
                }
            },
            {
                "key": "0x0d000000000000000000000000000000000000000000000000000000000000",
                "diff": {
                    "exp": "0x010000000000000000000000000000000200000007000000000000000000000000000000000000000400000005000000010000000000000000000000000000000400000006000000030000000000000000000000000000000200000006000000010000000000000000000000000000000200000006000000020000000000000003000000e6bb0300040000000600000000000000000000000000000000000000000000000000000000000000000000000000000000000000000000000000000000000000000000000000000000000000000000000000000000000000000000000000000000000000000000000000000000000000000000000000000000000000000000000000000000000000000000000000000000000000000000000000000080ed060000000080ed88da81e8050000000080ed000400000000000000000000000002c099b40000faa6db6b000001000000000001c0a340000024e9488e000000000000000000000100622ae7be00000188da0000000000000000",
                    "got": "0x010000000000000000000000000000000200000007000000000000000000000000000000000000000400000005000000010000000000000000000000000000000400000006000000030000000000000000000000000000000200000006000000010000000000000000000000000000000200000006000000020000000000000003000000e6bb0300040000000600000000000000000000000000000000000000000000000000000000000000000000000000000000000000000000000000000000000000000000000000000000000000000000000000000000000000000000000000000000000000000000000000000000000000000000000000000000000000000000000000000000000000000000000000000000000000000000000000000080ed060000000080ed88da81e8050000000080ed000500000000000000000000000002c0d4e10000faa6db6b000001000000000001c0a340000024e9488e0000000000000000000001004ee9488e000000000000000000000100622ae7be00000188da0000000000000000"
                }
            },
            {
                "key": "0x4e6de9b8487f8e4c24b7cc068c0a1f7a5a2f04094df1b6dfd2e4b1ae14cffe",
                "diff": {
                    "exp": "0x",
                    "got": "0x00"
                }
            },
            {
                "key": "0xff000000000000000000000000000000000000000000000000000000000000",
                "diff": {
                    "exp": "0x3f72b36f023e0a26ba5e3bb25dccd8bc38055b9561f7ca61fecb0c957de7e5779c90f7ffffffffff0a000000000000000a000000000000001278020000000000ffffffffffffffff05000000000000000800000000000000",
                    "got": "0x3f72b36f023e0a26ba5e3bb25dccd8bc38055b9561f7ca61fecb0c957de7e577fb1ef5ffffffffff0a000000000000000a000000000000001278020000000000ffffffffffffffff05000000000000000800000000000000"
                }
            },
            {
                "key": "0xff2400e90048008e0000000000000000000000000000000000000000000000",
                "diff": {
                    "exp": "0xbaf736ff7927f6f7dfa744a10a67a48b261ae89bbe5c712f7c1f0ee023776661a53102000000000010270000000000001027000000000000f33e010000000000000000000000000002000000080000000000000000000000",
                    "got": "0xbaf736ff7927f6f7dfa744a10a67a48b261ae89bbe5c712f7c1f0ee023776661a17102000000000010270000000000001027000000000000f33e010000000000000000000000000002000000080000000000000000000000"
                }
            },
            {
                "key": "0xff4e00e90048008e0000000000000000000000000000000000000000000000",
                "diff": {
                    "exp": "0x",
                    "got": "0xbaf736ff7927f6f7dfa744a10a67a48b261ae89bbe5c712f7c1f0ee023776661a53102000000000010270000000000001027000000000000f33e010000000000000000000000000002000000080000000000000000000000"
                }
            }
        ]
    }
}
