{
    "config": {
        "seed": "42",
        "max_steps": 4294967295,
        "safrole": false,
        "profile": {
            "full": null
        },
        "fuzzy_profile": {
            "full": null
        },
        "max_work_items": 3,
        "mutation_ratio": 0.0,
        "max_mutations": 0
    },
    "stats": {
        "steps": 1,
        "imported": 1,
        "import_max_step": 1,
        "import_min": 9.971983,
        "import_max": 9.971983,
        "import_mean": 9.971983,
        "import_p50": 9.971983,
        "import_p75": 0.0,
        "import_p90": 9.971983,
        "import_p99": 0.0,
        "import_std_dev": 0.0
    },
    "target": {
        "info": {
            "fuzz_version": 1,
            "fuzz_features": 2,
            "jam_version": {
                "major": 0,
                "minor": 7,
                "patch": 1
            },
            "app_version": {
                "major": 0,
                "minor": 0,
                "patch": 15
            },
            "app_name": "spacejam"
        },
        "stats": {
            "steps": 1,
            "imported": 1,
            "import_max_step": 1,
            "import_min": 13.192568,
            "import_max": 13.192568,
            "import_mean": 13.192568,
            "import_p50": 13.192568,
            "import_p75": 0.0,
            "import_p90": 13.192568,
            "import_p99": 0.0,
            "import_std_dev": 0.0
        }
    },
    "diff": {
        "state": {
            "roots": {
                "exp": "0xef0a8916d7e2a0421ecfe5e6f534bf07482f557456a77b1a17e027251e43bacd",
                "got": "0x49cafcdc50e7389edbb1333e502d2c7fcca76ff021beef555e2e64cbbdaa5fb3"
            },
            "keyvals": [
                {
                    "key": "0x0d000000000000000000000000000000000000000000000000000000000000",
                    "diff": {
                        "exp": "0x01000000000000000000000000000000010000000300000000000000000000000000000000000000020000000200000000000000000000000000000000000000020000000300000002000000000000000000000000000000010000000200000000000000000000000000000000000000010000000200000001000000000000000000000000000000020000000200000000000000000000000000000000000000000000000000000000000000000000000000000000000000000000000000000000000000000000000000000000000000000000000000000000000000000000000000000000000000000000000000000000000000000000000000000000000000000000000000000000000000000000000000000000000000000000000000000084ba0500000000000085320600000000856bc0a4ec0100000000000005c0a4ec000000000bc4be2e",
                        "got": "0x01000000000000000000000000000000010000000300000000000000000000000000000000000000020000000200000000000000000000000000000000000000020000000300000002000000000000000000000000000000010000000200000000000000000000000000000000000000010000000200000001000000000000000000000000000000020000000200000000000000000000000000000000000000000000000000000000000000000000000000000000000000000000000000000000000000000000000000000000000000000000000000000000000000000000000000000000000000000000000000000000000000000000000000000000000000000000000000000000000000000000000000000000000000000000000000000084ba0500000000000085320600000000856bc0a4ec0800000000000005c0a4ec000000000bc4be2efaa5dc6b0000000000000000000024a6dc6b000000000000000000004ea6dc6b0000000000000000000078a6dc6b00000000000000000000a2a6dc6b00000000000000000000cca6dc6b00000000000000000000f6a6dc6b00000000000000000000"
                    }
                },
                {
                    "key": "0xff2400a600dc006b0000000000000000000000000000000000000000000000",
                    "diff": {
                        "exp": "0x00b966c7bc5cd787c524a8730eb7c953ef4732811c2e4290e041646123449b74ccfdf803000000000010270000000000001027000000000000f95f020000000000000000000000000002000000040000000000000000000000",
                        "got": "0x00b966c7bc5cd787c524a8730eb7c953ef4732811c2e4290e041646123449b74ccfdf803000000000010270000000000001027000000000000f95f020000000000000000000000000002000000040000000400000000000000"
                    }
                },
                {
                    "key": "0xff4e00a600dc006b0000000000000000000000000000000000000000000000",
                    "diff": {
                        "exp": "0x00b966c7bc5cd787c524a8730eb7c953ef4732811c2e4290e041646123449b74ccd72005000000000010270000000000001027000000000000f95f020000000000000000000000000002000000040000000000000000000000",
                        "got": "0x00b966c7bc5cd787c524a8730eb7c953ef4732811c2e4290e041646123449b74ccd72005000000000010270000000000001027000000000000f95f020000000000000000000000000002000000040000000400000000000000"
                    }
                },
                {
                    "key": "0xff7800a600dc006b0000000000000000000000000000000000000000000000",
                    "diff": {
                        "exp": "0x00b966c7bc5cd787c524a8730eb7c953ef4732811c2e4290e041646123449b74cc43ed03000000000010270000000000001027000000000000f95f020000000000000000000000000002000000040000000000000000000000",
                        "got": "0x00b966c7bc5cd787c524a8730eb7c953ef4732811c2e4290e041646123449b74cc43ed03000000000010270000000000001027000000000000f95f020000000000000000000000000002000000040000000400000000000000"
                    }
                },
                {
                    "key": "0xffa200a600dc006b0000000000000000000000000000000000000000000000",
                    "diff": {
                        "exp": "0x00b966c7bc5cd787c524a8730eb7c953ef4732811c2e4290e041646123449b74cceaa106000000000010270000000000001027000000000000f95f020000000000000000000000000002000000040000000000000000000000",
                        "got": "0x00b966c7bc5cd787c524a8730eb7c953ef4732811c2e4290e041646123449b74cceaa106000000000010270000000000001027000000000000f95f020000000000000000000000000002000000040000000400000000000000"
                    }
                },
                {
                    "key": "0xffcc00a600dc006b0000000000000000000000000000000000000000000000",
                    "diff": {
                        "exp": "0x00b966c7bc5cd787c524a8730eb7c953ef4732811c2e4290e041646123449b74cce8e806000000000010270000000000001027000000000000f95f020000000000000000000000000002000000040000000000000000000000",
                        "got": "0x00b966c7bc5cd787c524a8730eb7c953ef4732811c2e4290e041646123449b74cce8e806000000000010270000000000001027000000000000f95f020000000000000000000000000002000000040000000400000000000000"
                    }
                },
                {
                    "key": "0xfff600a600dc006b0000000000000000000000000000000000000000000000",
                    "diff": {
                        "exp": "0x00b966c7bc5cd787c524a8730eb7c953ef4732811c2e4290e041646123449b74cc145b05000000000010270000000000001027000000000000f95f020000000000000000000000000002000000040000000000000000000000",
                        "got": "0x00b966c7bc5cd787c524a8730eb7c953ef4732811c2e4290e041646123449b74cc145b05000000000010270000000000001027000000000000f95f020000000000000000000000000002000000040000000400000000000000"
                    }
                },
                {
                    "key": "0xfffa00a500dc006b0000000000000000000000000000000000000000000000",
                    "diff": {
                        "exp": "0x00b966c7bc5cd787c524a8730eb7c953ef4732811c2e4290e041646123449b74ccf57005000000000010270000000000001027000000000000f95f020000000000000000000000000002000000040000000000000000000000",
                        "got": "0x00b966c7bc5cd787c524a8730eb7c953ef4732811c2e4290e041646123449b74ccf57005000000000010270000000000001027000000000000f95f020000000000000000000000000002000000040000000400000000000000"
                    }
                }
            ]
        }
    }
}