{
    "config": {
        "seed": "42",
        "max_steps": 4294967295,
        "safrole": false,
        "profile": {
            "full": null
        },
        "fuzzy_profile": {
            "full": null
        },
        "max_work_items": 3,
        "mutation_ratio": 0.0,
        "max_mutations": 0
    },
    "stats": {
        "steps": 4,
        "imported": 1,
        "import_max_step": 4,
        "import_min": 4.788286,
        "import_max": 4.788286,
        "import_mean": 4.788286,
        "import_p50": 4.788286,
        "import_p75": 0.0,
        "import_p90": 4.788286,
        "import_p99": 0.0,
        "import_std_dev": 0.0
    },
    "target": {
        "info": {
            "fuzz_version": 1,
            "fuzz_features": 2,
            "jam_version": {
                "major": 0,
                "minor": 7,
                "patch": 1
            },
            "app_version": {
                "major": 0,
                "minor": 1,
                "patch": 1
            },
            "app_name": "jam-scala"
        },
        "stats": {
            "steps": 4,
            "imported": 1,
            "import_max_step": 4,
            "import_min": 400.89709899999997,
            "import_max": 400.89709899999997,
            "import_mean": 400.89709899999997,
            "import_p50": 400.89709899999997,
            "import_p75": 0.0,
            "import_p90": 400.89709899999997,
            "import_p99": 0.0,
            "import_std_dev": 0.0
        }
    },
    "error": {
        "state_diff": {
            "roots": {
                "exp": "0xcc94abc63e661aa366b82ff865e2e6febe4588d8c2bdea4cef0e531fe0622646",
                "got": "0x9fdad14e785a26ad735b608ef56dd4c78a94f74751a34e704d21496c53d78488"
            },
            "keyvals": [
                {
                    "key": "0x31d788457fb79efec13e507a95e86ec03add50794acc76edd9370aca5ecbf2",
                    "diff": {
                        "exp": "0x7e3b09c82b8ba8c6",
                        "got": "0x25d6967b58d2780a"
                    }
                }
            ]
        }
    }
}