{
    "config": {
        "seed": "42",
        "max_steps": 10000,
        "safrole": false,
        "profile": {
            "fuzzy": null
        },
        "fuzzy_profile": {
            "rand": null
        },
        "max_work_items": 5,
        "mutation_ratio": 0.1,
        "max_mutations": 0
    },
    "stats": {
        "steps": 6,
        "imported": 6,
        "import_max_step": 6,
        "import_min": 1.334226,
        "import_max": 6.936347,
        "import_mean": 2.423564,
        "import_p50": 1.561,
        "import_p75": 1.662,
        "import_p90": 6.936,
        "import_p99": 6.936,
        "import_std_dev": 2.2133777153631953
    },
    "target": {
        "info": {
            "fuzz_version": 1,
            "fuzz_features": 2,
            "jam_version": {
                "major": 0,
                "minor": 7,
                "patch": 1
            },
            "app_version": {
                "major": 0,
                "minor": 0,
                "patch": 15
            },
            "app_name": "spacejam"
        },
        "stats": {
            "steps": 6,
            "imported": 6,
            "import_max_step": 6,
            "import_min": 0.791363,
            "import_max": 8.418144,
            "import_mean": 2.2908213333333336,
            "import_p50": 1.206,
            "import_p75": 1.348,
            "import_p90": 8.418,
            "import_p99": 8.418,
            "import_std_dev": 3.0081028197041846
        }
    },
    "diff": {
        "state": {
            "roots": {
                "exp": "0xca285ddbd86741ddddb79efa92e5711824345e6be47c9980be65ab99043fbc7a",
                "got": "0x58bf5ac54bdaf377ffc3729005b51b0075e21aabbaeae8790fc6229d85ca87bd"
            },
            "keyvals": [
                {
                    "key": "0x0d000000000000000000000000000000000000000000000000000000000000",
                    "diff": {
                        "exp": "0x01000000000000000000000000000000020000000200000000000000000000000000000000000000020000000300000001000000000000000000000000000000020000000300000002000000000000000000000000000000020000000400000000000000000000000000000000000000020000000300000002000000000000000000000000000000020000000300000000000000000000000000000000000000000000000000000000000000000000000000000000000000000000000000000000000000000000000000000000000000000000000000000000000000000000000000000000000000000000000000000000000000000000000000000000000000000000000000000000000000000000000000000000000000000000000000000081a8050000000081f3c0b14d81c60600000000825ec087690100000000000005c038b70000000003c1a980",
                        "got": "0x01000000000000000000000000000000020000000200000000000000000000000000000000000000020000000300000001000000000000000000000000000000020000000300000002000000000000000000000000000000020000000400000000000000000000000000000000000000020000000300000002000000000000000000000000000000020000000300000000000000000000000000000000000000000000000000000000000000000000000000000000000000000000000000000000000000000000000000000000000000000000000000000000000000000000000000000000000000000000000000000000000000000000000000000000000000000000000000000000000000000000000000000000000000000000000000000081a8050000000081f3c0b14d81c60600000000825ec087690200000000000005c038b70000000003c1a9801710adeb00000000000000000000"
                    }
                },
                {
                    "key": "0xff17001000ad00eb0000000000000000000000000000000000000000000000",
                    "diff": {
                        "exp": "0x00828667638ae6f11aa6b7d77cf058a3bb6d46346701e914f18ab7015a0de1714116a1060000000000102700000000000010270000000000008139020000000000000000000000000002000000060000000000000000000000",
                        "got": "0x00828667638ae6f11aa6b7d77cf058a3bb6d46346701e914f18ab7015a0de1714116a1060000000000102700000000000010270000000000008139020000000000000000000000000002000000060000000600000000000000"
                    }
                }
            ]
        }
    }
}