{
    "config": {
        "seed": "42",
        "profile": {
            "Empty": null
        },
        "safrole": false,
        "max_work_items": 1,
        "max_service_keys": 10,
        "mutation_ratio": 0.1,
        "max_mutations": 0,
        "max_steps": 10000
    },
    "stats": {
        "steps": 1,
        "imported": 1,
        "import_max_step": 1,
        "import_min": 8.782421000000001,
        "import_max": 8.782421000000001,
        "import_mean": 8.782421000000001,
        "import_p50": 8.782421000000001,
        "import_p75": 0.0,
        "import_p90": 8.782421000000001,
        "import_p99": 0.0,
        "import_std_dev": 0.0
    },
    "target": {
        "info": {
            "name": "PyJAMaz",
            "app_version": {
                "major": 0,
                "minor": 1,
                "patch": 9
            },
            "jam_version": {
                "major": 0,
                "minor": 7,
                "patch": 0
            }
        },
        "stats": {
            "steps": 1,
            "imported": 1,
            "import_max_step": 1,
            "import_min": 391.09108599999996,
            "import_max": 391.09108599999996,
            "import_mean": 391.09108599999996,
            "import_p50": 391.09108599999996,
            "import_p75": 0.0,
            "import_p90": 391.09108599999996,
            "import_p99": 0.0,
            "import_std_dev": 0.0
        }
    },
    "diff": {
        "roots": {
            "exp": "0x72b3ae00e148160b164cfdb1861b4c4284b6b59b76124b17c1385d275f2f6324",
            "got": "0xc5bc861d1d8a892499a7efe2874ef983908ded1c8124560ee4f66834c0d34156"
        },
        "keyvals": [
            {
                "key": "0x10000000000000000000000000000000000000000000000000000000000000",
                "diff": {
                    "exp": "0x0204dc4a127079b9f32c7a6ad71072d367277c80d4473e9517d53595bc11b3f989acc215fd6aad07cb6790891c04ee66af8ccc61fe232eb374427810fdeb3a5f974be76035d9a2f991",
                    "got": "0x026aad07cb6790891c04ee66af8ccc61fe232eb374427810fdeb3a5f974be76035d9a2f99104dc4a127079b9f32c7a6ad71072d367277c80d4473e9517d53595bc11b3f989acc215fd"
                }
            }
        ]
    }
}
