{
    "config": {
        "seed": "42",
        "profile": {
            "full": null
        },
        "safrole": false,
        "max_work_items": 3,
        "max_service_keys": 10,
        "mutation_ratio": 0.0,
        "max_mutations": 0,
        "max_steps": 4294967295
    },
    "stats": {
        "steps": 1,
        "imported": 1,
        "import_max_step": 1,
        "import_min": 15.6205,
        "import_max": 15.6205,
        "import_mean": 15.6205,
        "import_p50": 15.6205,
        "import_p75": 0.0,
        "import_p90": 15.6205,
        "import_p99": 0.0,
        "import_std_dev": 0.0
    },
    "target": {
        "info": {
            "fuzz_version": 1,
            "fuzz_features": 2,
            "jam_version": {
                "major": 0,
                "minor": 7,
                "patch": 1
            },
            "app_version": {
                "major": 0,
                "minor": 1,
                "patch": 18
            },
            "app_name": "FastRoll"
        },
        "stats": {
            "steps": 1,
            "imported": 1,
            "import_max_step": 1,
            "import_min": 22.355415999999998,
            "import_max": 22.355415999999998,
            "import_mean": 22.355415999999998,
            "import_p50": 22.355415999999998,
            "import_p75": 0.0,
            "import_p90": 22.355415999999998,
            "import_p99": 0.0,
            "import_std_dev": 0.0
        }
    },
    "state_diff": {
        "roots": {
            "exp": "0x72f702e54197780f31383a7240f8605b433c76339795983d5e0b924f5373e7f9",
            "got": "0xc44a615e82b0c08bbbe5565e66d88466777f09ad910851a82a71cf8b886e30ec"
        },
        "keyvals": [
            {
                "key": "0x004400b500a400aaa0d7f8eab5ca1cca4a0472988422febc68a6b6a944cabf",
                "diff": {
                    "exp": "0x4ea6dc6b",
                    "got": "0x"
                }
            },
            {
                "key": "0x00450019006a0051135ef0225518c5ddc999419ffbf52cf2d4213d55af782e",
                "diff": {
                    "exp": "0x01000000",
                    "got": "0x"
                }
            },
            {
                "key": "0x00c0001d0056003b9dfa998fdc18531738e679fe8cf0cb42c3f5f40de9fe04",
                "diff": {
                    "exp": "0x000000005d7b000000000000726566696c6c0000000000000000000000000000000000000000000000000000000000000000000000000000000000000000000000000000000000000000000000000000000000000000000000000000000000000000000000000000000000000000000000000000000000000000000000000000000000000000000000000000",
                    "got": "0x"
                }
            },
            {
                "key": "0x00f00078008e0099cd2569e9ccf2045b86062b3e1b16723b5cd83807dab284",
                "diff": {
                    "exp": "0x000000005d7b000000000000726566696c6c0000000000000000000000000000000000000000000000000000000000000000000000000000000000000000000000000000000000000000000000000000000000000000000000000000000000000000000000000000000000000000000000000000000000000000000000000000000000000000000000000000",
                    "got": "0x"
                }
            },
            {
                "key": "0x03000000000000000000000000000000000000000000000000000000000000",
                "diff": {
                    "exp": "0x052bf11dc5e1c7b9bbaafc2c8533017abc12daeb0baf22c92509ad50f7875e571600000000000000000000000000000000000000000000000000000000000000003261d3de132628ccb33ad26ef78a5961d0cf9c5e92394be2880f76f12459791900acf03eafc3777baa32a67f3e79c1fdfa006977ec641375f30a3b147c23967026000000000000000000000000000000000000000000000000000000000000000099a83f4ccf115ea67ef2c77af7cf12f75d735c3b2ec10501493f2f6d0a10c14501164b17910c2b4790e71f7edd187991dc0aad49241cdd8ba893c230674fb4207b00000000000000000000000000000000000000000000000000000000000000005eb58f32171ed83be55658f8ed81a05d9437a551f807a50d8a0bd1671f9b4992ad3228b676f7d3cd4284a5443f17f1962b36e491b30a40b2405849e597ba5fb520301c0810348f3317d54d34dd55223951cfe59e2d25554c58d4fd4ce8efe7a30191151ec5eab9fecc6425329bae62bf9302e34401e8d3cca9e6a5519614facf6b000000000000000000000000000000000000000000000000000000000000000048027c8456f85fc1b0505feb317412114c4dc662f7ed7b80dfca5f602c8383f5675f9e53123c83ddcdb2c1f5231f13646378aefc83837a4571d052ac80014837bd566b4a2235d9288caf0b9cbd1b439dce9e45134a4fa839252a6b0c74151be4006f1679b4cf9bd88dfda05c0a6919f7b86725f3f416c0f78ff5fe986c65395be9b4c11951957c6f8f642c4af61cd6b24640fec6dc7fc607ee8206a99e92410d30000000000000000000000000000000000000000000000000000000000000000001b73763578d9a3a4c40a27ae2443b98b05b4f3066429ed5058cef13025ad83144000000000000000000000000000000000000000000000000000000000000000003000001b4c11951957c6f8f642c4af61cd6b24640fec6dc7fc607ee8206a99e92410d30",
                    "got": "0x042bf11dc5e1c7b9bbaafc2c8533017abc12daeb0baf22c92509ad50f7875e571600000000000000000000000000000000000000000000000000000000000000003261d3de132628ccb33ad26ef78a5961d0cf9c5e92394be2880f76f12459791900acf03eafc3777baa32a67f3e79c1fdfa006977ec641375f30a3b147c23967026000000000000000000000000000000000000000000000000000000000000000099a83f4ccf115ea67ef2c77af7cf12f75d735c3b2ec10501493f2f6d0a10c14501164b17910c2b4790e71f7edd187991dc0aad49241cdd8ba893c230674fb4207b00000000000000000000000000000000000000000000000000000000000000005eb58f32171ed83be55658f8ed81a05d9437a551f807a50d8a0bd1671f9b4992ad3228b676f7d3cd4284a5443f17f1962b36e491b30a40b2405849e597ba5fb520301c0810348f3317d54d34dd55223951cfe59e2d25554c58d4fd4ce8efe7a30191151ec5eab9fecc6425329bae62bf9302e34401e8d3cca9e6a5519614facf6b000000000000000000000000000000000000000000000000000000000000000048027c8456f85fc1b0505feb317412114c4dc662f7ed7b80dfca5f602c8383f5675f9e53123c83ddcdb2c1f5231f13646378aefc83837a4571d052ac800148370000000000000000000000000000000000000000000000000000000000000000000201000000000000000000000000000000000000000000000000000000000000000001ad3228b676f7d3cd4284a5443f17f1962b36e491b30a40b2405849e597ba5fb5"
                }
            },
            {
                "key": "0x06000000000000000000000000000000000000000000000000000000000000",
                "diff": {
                    "exp": "0x35575520732e51c0ce05c3b23af72a937db67e90ff0b0b59bba8e8f8dcf214dc504e96139ef67184a6d0d9f882166a3a843eb5f50ffdd7c723bbb331119be626ec88b842681a66d0e836b2a65687ab9c4c2862b475cd5e8be77dda36a4d752bd405c80c1f6a2d5a0f8dbc56996f04230221100d9500244648f02a795d7850eac",
                    "got": "0x787cd57014a8f974e38ed2a3562797712c73c3b609b9fee69a5d762ecaf5e47a504e96139ef67184a6d0d9f882166a3a843eb5f50ffdd7c723bbb331119be626ec88b842681a66d0e836b2a65687ab9c4c2862b475cd5e8be77dda36a4d752bd405c80c1f6a2d5a0f8dbc56996f04230221100d9500244648f02a795d7850eac"
                }
            },
            {
                "key": "0x0a000000000000000000000000000000000000000000000000000000000000",
                "diff": {
                    "exp": "0x0001b73763578d9a3a4c40a27ae2443b98b05b4f3066429ed5058cef13025ad83144f7000000291060ebcc5232bb975602bbdc2359a6168b058924621bbb5d5f1a4714a9b2780000000000000000000000000000000000000000000000000000000000000000000048027c8456f85fc1b0505feb317412114c4dc662f7ed7b80dfca5f602c8383f5bd566b4a2235d9288caf0b9cbd1b439dce9e45134a4fa839252a6b0c74151be4675f9e53123c83ddcdb2c1f5231f13646378aefc83837a4571d052ac8001483748027c8456f85fc1b0505feb317412114c4dc662f7ed7b80dfca5f602c8383f50300000000012357426f2313559a271d6782dc00197b379f79cbe3c6a1e72f61f7b592c509f80300000100000000f45d36b7af68cdd48be8b7793cff734678e8fcad41902f07fbb4383707775687fbb16066a17ba0039e034c66269c275a6ffd0bb2cb812a81583a9afebaae847d80969800000000000013010b00000000000000000000000000000000009b5d0000000004000000",