{
    "config": {
        "seed": "42",
        "max_steps": 4294967295,
        "safrole": false,
        "profile": {
            "full": null
        },
        "fuzzy_profile": {
            "full": null
        },
        "max_work_items": 3,
        "mutation_ratio": 0.0,
        "max_mutations": 0
    },
    "stats": {
        "steps": 1,
        "imported": 1,
        "import_max_step": 1,
        "import_min": 9.772114,
        "import_max": 9.772114,
        "import_mean": 9.772114,
        "import_p50": 9.772114,
        "import_p75": 0.0,
        "import_p90": 9.772114,
        "import_p99": 0.0,
        "import_std_dev": 0.0
    },
    "target": {
        "info": {
            "fuzz_version": 1,
            "fuzz_features": 2,
            "jam_version": {
                "major": 0,
                "minor": 7,
                "patch": 1
            },
            "app_version": {
                "major": 0,
                "minor": 0,
                "patch": 1
            },
            "app_name": "gossamer-jam"
        },
        "stats": {
            "steps": 1,
            "imported": 1,
            "import_max_step": 1,
            "import_min": 1126.34214,
            "import_max": 1126.34214,
            "import_mean": 1126.34214,
            "import_p50": 1126.34214,
            "import_p75": 0.0,
            "import_p90": 1126.34214,
            "import_p99": 0.0,
            "import_std_dev": 0.0
        }
    },
    "diff": {
        "state": {
            "roots": {
                "exp": "0x6fa1bcce8f0981ed4d17eee3cc502c70687f4c1b1244c6b501f5423cbea26eb0",
                "got": "0x2d860e87214774656141c808379be6acd747cfe507701189928caac92bf22f25"
            },
            "keyvals": [
                {
                    "key": "0xff2000c8000000e70000000000000000000000000000000000000000000000",
                    "diff": {
                        "exp": "0x00828667638ae6f11aa6b7d77cf058a3bb6d46346701e914f18ab7015a0de171417a09060000000000102700000000000010270000000000008139020000000000000000000000000002000000540400000000000000000000",
                        "got": "0x00828667638ae6f11aa6b7d77cf058a3bb6d46346701e914f18ab7015a0de171417ca80d0000000000102700000000000010270000000000008139020000000000000000000000000002000000540400000000000000000000"
                    }
                }
            ]
        }
    }
}