{
    "config": {
        "seed": "42",
        "max_steps": 4294967295,
        "safrole": false,
        "profile": {
            "full": null
        },
        "fuzzy_profile": {
            "full": null
        },
        "max_work_items": 3,
        "mutation_ratio": 0.0,
        "max_mutations": 0
    },
    "stats": {
        "steps": 3,
        "imported": 1,
        "import_max_step": 3,
        "import_min": 11.740318,
        "import_max": 11.740318,
        "import_mean": 11.740318,
        "import_p50": 11.740318,
        "import_p75": 0.0,
        "import_p90": 11.740318,
        "import_p99": 0.0,
        "import_std_dev": 0.0
    },
    "target": {
        "info": {
            "fuzz_version": 1,
            "fuzz_features": 2,
            "jam_version": {
                "major": 0,
                "minor": 7,
                "patch": 2
            },
            "app_version": {
                "major": 0,
                "minor": 1,
                "patch": 0
            },
            "app_name": "jamzig-target"
        },
        "stats": {
            "steps": 3,
            "imported": 1,
            "import_max_step": 3,
            "import_min": 13.96929,
            "import_max": 13.96929,
            "import_mean": 13.96929,
            "import_p50": 13.96929,
            "import_p75": 0.0,
            "import_p90": 13.96929,
            "import_p99": 0.0,
            "import_std_dev": 0.0
        }
    },
    "error": {
        "state_diff": {
            "roots": {
                "exp": "0xa149418dcbe23266a4a3bb2af2b9a99c5fea46b5f9da108c94ac7ed551ee5f00",
                "got": "0xae26f93ce30e284ade3a733785c7af863f4e0951beabf8a4dabc170174f7e4ae"
            },
            "keyvals": [
                {
                    "key": "0x0d000000000000000000000000000000000000000000000000000000000000",
                    "diff": {
                        "exp": "0x0100000000000000000000000000000004000000080000000100000000000000000000000000000003000000070000000300000000000000000000000000000004000000070000000000000000000000000000000000000003000000080000000100000000000000010000003d39020003000000070000000200000000000000010000003d39020004000000060000000200000000000000020000007a72040001000000070000000000000000000000000000000000000006000000070000000100000000000000000000000000000001000000070000000400000000000000010000003d390200060000000a0000000200000000000000010000003d39020001000000080000000200000000000000000000000000000006000000080000000000000f83bd008860c01d49b299050012853300b67ec08ead0600000000000002c01b4e000781b80001c0d8a5f6a6390d000002973e000782400000002e02fa6f000000000000000001c27b305802fa6f0000018b3700017a0000004f0d3678000001c01e64000280b80000b0f1a30d3678000003a1fd001083c6000000",
                        "got": "0x0100000000000000000000000000000004000000080000000100000000000000000000000000000003000000070000000300000000000000000000000000000004000000070000000000000000000000000000000000000003000000080000000100000000000000010000003d39020003000000070000000200000000000000010000003d39020004000000060000000200000000000000020000007a72040001000000070000000000000000000000000000000000000006000000070000000100000000000000000000000000000001000000070000000400000000000000010000003d390200060000000a0000000200000000000000010000003d39020001000000080000000200000000000000000000000000000006000000080000000000000f83bd008860c01d49b299050012853300b67ec08ead0600000000000002c01b4e000781b80001c0d8a5f6a6390d000002973e000782400000002e02fa6f000000000000000001c22d365802fa6f0000018b3700017a0000004f0d3678000001c01e64000280b80000b0f1a30d3678000003a1fd001083c6000000"
                    }
                },
                {
                    "key": "0x2ed70245fab76ffec13e507a95e86ec03add50794acc76edd9370aca5ecbf2",
                    "diff": {
                        "exp": "0x0477ba9541bf4140",
                        "got": "0x"
                    }
                },
                {
                    "key": "0xff2e000200fa006f0000000000000000000000000000000000000000000000",
                    "diff": {
                        "exp": "0x00bb8648e2eb5cab1ebb8129eca29c8af2e5155fe1ac9400ab01852a1e0cc82b1e3fa305000000000010270000000000001027000000000000ea6602000000000000000000000000000a000000060000001300000000000000",
                        "got": "0x00bb8648e2eb5cab1ebb8129eca29c8af2e5155fe1ac9400ab01852a1e0cc82b1e3fa305000000000010270000000000001027000000000000bf66020000000000000000000000000009000000060000001300000000000000"
                    }
                }
            ]
        }
    }
}