{
    "config": {
        "seed": "42",
        "profile": {
            "empty": null
        },
        "safrole": false,
        "max_work_items": 1,
        "max_service_keys": 10,
        "mutation_ratio": 0.1,
        "max_mutations": 0,
        "max_steps": 10000
    },
    "stats": {
        "steps": 1,
        "imported": 1,
        "import_max_step": 1,
        "import_min": 6.8386059999999995,
        "import_max": 6.8386059999999995,
        "import_mean": 6.8386059999999995,
        "import_p50": 6.8386059999999995,
        "import_p75": 0.0,
        "import_p90": 6.8386059999999995,
        "import_p99": 0.0,
        "import_std_dev": 0.0
    },
    "target": {
        "info": {
            "fuzz_version": 1,
            "fuzz_features": 0,
            "jam_version": {
                "major": 0,
                "minor": 7,
                "patch": 0
            },
            "app_version": {
                "major": 0,
                "minor": 1,
                "patch": 4
            },
            "app_name": "turbojam"
        },
        "stats": {
            "steps": 1,
            "imported": 1,
            "import_max_step": 1,
            "import_min": 3.4194199999999997,
            "import_max": 3.4194199999999997,
            "import_mean": 3.4194199999999997,
            "import_p50": 3.4194199999999997,
            "import_p75": 0.0,
            "import_p90": 3.4194199999999997,
            "import_p99": 0.0,
            "import_std_dev": 0.0
        }
    },
    "state_diff": {
        "roots": {
            "exp": "0xe4e1936b5e20a84b1a617691eb49b25ff08398a029eb8b624e47d68563069fe4",
            "got": "0x4c6fb3a28aadd1d6fc064911dabdaeec5602bfd4686f77caea3573c1a8a9ea06"
        },
        "keyvals": [
            {
                "key": "0x0d000000000000000000000000000000000000000000000000000000000000",
                "diff": {
                    "exp": "0x03000000000000000000000000000000050000000900000000000000000000000000000000000000050000000700000002000000000000000000000000000000040000000a000000020000000000000001000000ef6501000400000007000000020000000000000000000000000000000600000009000000010000000000000000000000000000000600000009000000020000000000000002000000decb02000600000009000000030000000000000002000000decb0200050000000900000002000000000000000000000000000000050000000c00000001000000000000000000000000000000050000000800000003000000000000000000000000000000040000000b00000001000000000000000000000000000000050000000a0000000004000000000000812b0600000000810b88fa01a752169100000188fa0000000001e08096980000",
                    "got": "0x03000000000000000000000000000000050000000900000000000000000000000000000000000000050000000700000002000000000000000000000000000000040000000a000000020000000000000001000000ef6501000400000007000000020000000000000000000000000000000600000009000000010000000000000000000000000000000600000009000000020000000000000002000000decb02000600000009000000030000000000000002000000decb0200050000000900000002000000000000000000000000000000050000000c00000001000000000000000000000000000000050000000800000003000000000000000000000000000000040000000b00000001000000000000000000000000000000050000000a0000000004000000000000812b0600000000810b88fa01a752169100000188fa0000000001a5ec0000"
                }
            }
        ]
    },
    "import_diff": null
}
