{
    "config": {
        "seed": "42",
        "profile": {
            "empty": null
        },
        "safrole": false,
        "max_work_items": 1,
        "max_service_keys": 10,
        "mutation_ratio": 0.1,
        "max_mutations": 0,
        "max_steps": 10000
    },
    "stats": {
        "steps": 1,
        "imported": 1,
        "import_max_step": 1,
        "import_min": 6.04151,
        "import_max": 6.04151,
        "import_mean": 6.04151,
        "import_p50": 6.04151,
        "import_p75": 0.0,
        "import_p90": 6.04151,
        "import_p99": 0.0,
        "import_std_dev": 0.0
    },
    "target": {
        "info": {
            "fuzz_version": 1,
            "fuzz_features": 2,
            "jam_version": {
                "major": 0,
                "minor": 7,
                "patch": 0
            },
            "app_version": {
                "major": 0,
                "minor": 1,
                "patch": 0
            },
            "app_name": "jamzig-target"
        },
        "stats": {
            "steps": 1,
            "imported": 1,
            "import_max_step": 1,
            "import_min": 5.399127999999999,
            "import_max": 5.399127999999999,
            "import_mean": 5.399127999999999,
            "import_p50": 5.399127999999999,
            "import_p75": 0.0,
            "import_p90": 5.399127999999999,
            "import_p99": 0.0,
            "import_std_dev": 0.0
        }
    },
    "state_diff": {
        "roots": {
            "exp": "0xdbb61f10fabac537261ace8c686628a491fe4b8bb1730feb2e3503f4491fda22",
            "got": "0xd22217d87127e9d5b76cf625cfad31f74a3f19c4d16cf67aa705bd059ff0ee64"
        },
        "keyvals": [
            {
                "key": "0x0d000000000000000000000000000000000000000000000000000000000000",
                "diff": {
                    "exp": "0x01000000000000000000000000000000040000000900000000000000000000000000000000000000060000000a00000000000000000000000000000000000000060000000a00000002000000000000000000000000000000040000000b00000007000000000000000000000000000000060000000b00000002000000000000000000000000000000040000000a00000003000000000000000000000000000000040000000b00000002000000000000000000000000000000040000000c00000004000000000000000000000000000000030000000a00000000000000000000000000000000000000030000000a00000001000000000000000000000000000000050000000c00000002000000000000000000000000000000050000000a000000811305000000008133890a00030000000000000254b57882000000000000000001e08096980000688539b0000001890a0000000000000000",
                    "got": "0x01000000000000000000000000000000040000000900000000000000000000000000000000000000060000000a00000000000000000000000000000000000000060000000a00000002000000000000000000000000000000040000000b00000007000000000000000000000000000000060000000b00000002000000000000000000000000000000040000000a00000003000000000000000000000000000000040000000b00000002000000000000000000000000000000040000000c00000004000000000000000000000000000000030000000a00000000000000000000000000000000000000030000000a00000001000000000000000000000000000000050000000c00000002000000000000000000000000000000050000000a000000811305000000008133890a00030000000000000254b57882000000000000000001ff07cd4ae722005aa00000688539b0000001890a0000000000000000"
                }
            },
            {
                "key": "0x546ab5ae78a382b8c876e335de632eac1b2705f8a5476ffb5c0499d95bd432",
                "diff": {
                    "exp": "0x",
                    "got": "0xe9fedf7bdf7451f4"
                }
            },
            {
                "key": "0x54bfb58078c48215a6de0d53b81f75fb91e9487af71c623599e8ecb38e7204",
                "diff": {
                    "exp": "0x",
                    "got": "0x01000000"
                }
            },
            {
                "key": "0x54f8b5e978c682d9d891b7f383ca393e9934e324cd5c2fa0a6dade41413612",
                "diff": {
                    "exp": "0x",
                    "got": "0x0b54b578823e8539b0688539b0ca89e5c1e9a4d5cfc7a6511200000000f489e5c18a57f4ec74d985497a46f3fa"
                }
            },
            {
                "key": "0xff5400b5007800820000000000000000000000000000000000000000000000",
                "diff": {
                    "exp": "0x6c322032f9ffb452de811d2db63f5b654aefeeff6195f50f19c2c8598d0b8ae577ac030000000000102700000000000010270000000000005d67010000000000000000000000000004000000070000003b00000000000000",
                    "got": "0x6c322032f9ffb452de811d2db63f5b654aefeeff6195f50f19c2c8598d0b8ae577ac030000000000102700000000000010270000000000000268010000000000000000000000000007000000070000003b00000000000000"
                }
            }
        ]
    },
    "import_diff": null
}
