{
    "config": {
        "seed": "42",
        "profile": {
            "empty": null
        },
        "safrole": false,
        "max_work_items": 1,
        "max_service_keys": 10,
        "mutation_ratio": 0.1,
        "max_mutations": 0,
        "max_steps": 10000
    },
    "stats": {
        "steps": 1,
        "imported": 1,
        "import_max_step": 1,
        "import_min": 21.161883,
        "import_max": 21.161883,
        "import_mean": 21.161883,
        "import_p50": 21.161883,
        "import_p75": 0.0,
        "import_p90": 21.161883,
        "import_p99": 0.0,
        "import_std_dev": 0.0
    },
    "target": {
        "info": {
            "fuzz_version": 1,
            "fuzz_features": 2,
            "jam_version": {
                "major": 0,
                "minor": 7,
                "patch": 0
            },
            "app_version": {
                "major": 0,
                "minor": 0,
                "patch": 1
            },
            "app_name": "strawberry"
        },
        "stats": {
            "steps": 1,
            "imported": 1,
            "import_max_step": 1,
            "import_min": 598.276116,
            "import_max": 598.276116,
            "import_mean": 598.276116,
            "import_p50": 598.276116,
            "import_p75": 0.0,
            "import_p90": 598.276116,
            "import_p99": 0.0,
            "import_std_dev": 0.0
        }
    },
    "state_diff": {
        "roots": {
            "exp": "0x6e513f5477838ed2fd41c652916713c70127b49c0d8174df7ed21ade82fe644d",
            "got": "0x61857b929f05611df3601e72e1c39a1a8d03a04236569cabde171fd63349116f"
        },
        "keyvals": [
            {
                "key": "0x03000000000000000000000000000000000000000000000000000000000000",
                "diff": {
                    "exp": "0x082b7524fc64ed5edbd4de9a3af1931fa515abb87906a7b0a8039f1b0fc8b63432aaae2801626edcb0feabd8418fb413fb81124a54eb906f3eda16b06530f50a34f3fc15533e8e78a046ec204366752cc5e783c9be392a28708f6f5b7529a7ae07012ff1fce6b4faad81313e3bf8d074ab8d26594078101849ec2a93564977cc5234000000000000000000000000000000000000000000000000000000000000000085e62fe36f2ce317ec054dd8d56145b7f9caa05676e4b0a1de5e51b5e96c7c670cfb5971a5d6d38cc041ef24c8e0b2dac0e091353e11f00aeb798c31b2f15f440d05f58b9f58c1bc858a6e430389ff16e24e12f832382ab7fa7f671e7ade0830017526c2b492330cff355a81fdc84abd2d72449cd857381fbc66ffc3c7572ee97e00000000000000000000000000000000000000000000000000000000000000006419557d8b9ecb375a8f931575a32f3f26a6465b783017c0f42e4beb6fdfa4f6e3f0245557246f1a26c8342c3055307a2e9bff5ce1e679acd2f702da6fbc1423e57f602b7ffbf17daf680f00a341c15ade28b3d93c5b447ea1787a220605fb190146fddb7963d7a025de785b7c31203d46fbd718993a07b9923eb4049ffe6b29160000000000000000000000000000000000000000000000000000000000000000e95d604936158df05aed9129724b15225fc21acb8cd824a2422fdd295e324a749e5cc7f873bfa98e99d053cb5f17ffdefd034643fb7c796ccb0abc46328a47de68002e14a3f9c3735d52e9a63d046dee5fa40b6979f12308f586400ffe19e217010c7a31787cb690067e43c1af19cc12ee4432109eb621967f2f81c0185a289f030000000000000000000000000000000000000000000000000000000000000000cf5b37d70aeb2830cb6a26f00c1a5727105d8b55f934fb0e7b9929ba2d5c96362aaea85c1d231dbf65431b913feef9def4e7c086bddfacd40ef1773bbde6e4ff557a5772416b18f235ba965654845a6744012e405f5dfd0ce480759fde721bca007851c922e7122bd1b7361553ce38868b313a336674249817c2c90d1554e4568d34ead64bcaa8da16d478b57fa61883c4f169728cd80ba0cf249cc7abcefdad19513dc066689a5f69654c9257e304b74ec41b83eba4b02cff2a2604a3fd90686d02187f3d53fd71f58be039764ed88399c360e2f81f595b0dc1ced1f9205e9ba7af0000000000000000000000000000000000000000000000000000000000000000d941e07e97d7f16591dfc2f774dc7caaf9a87fabaa8e7e0206d6e18d6c7cb2210000000000000000000000000000000000000000000000000000000000000000df7fbf85820eac3c941c387e997b175792fac718997c74db42601652c5a2faefdca9c3577cbc9d20d960852a800c2f205dcb422bcb61321ab9158f9542c035b6ea1634526f204f9245754b880fd58f33a9b2d86767334c130818512404efafc6023387fa854b611fd984d4d2479817f7024e52c015080dc5af85af0e4056d919e60000000000000000000000000000000000000000000000000000000000000000d4f0cae41580c64a476a7c2ca3455bb8c548762e27ad2da9646c00eebe1f153800000000000000000000000000000000000000000000000000000000000000002bff9e8142033db86565a9d879dab8a5fd615e951ece2c5ae5b34bda42d2f90ca51bc858a4338d783089a07a165bb0f2921162851dfedbe2bdc8a7831afe1a8e000000000000000000000000000000000000000000000000000000000000000001d6561ea47ba621f1826216693ba0c3944d1d2f828a1411a726a848560b5492be000000000000000000000000000000000000000000000000000000000000000008000000000001bbdd257e3b9f7068fa31f3be927471981381c4a09cfe412777f08bb15463137c000149b2cdd7559a93835a2a7d18842020e3b1930fe3b76c555719aa34bf99981eef",
                    "got": "0x082b7524fc64ed5edbd4de9a3af1931fa515abb87906a7b0a8039f1b0fc8b63432aaae2801626edcb0feabd8418fb413fb81124a54eb906f3eda16b06530f50a34f3fc15533e8e78a046ec204366752cc5e783c9be392a28708f6f5b7529a7ae07012ff1fce6b4faad81313e3bf8d074ab8d26594078101849ec2a93564977cc5234000000000000000000000000000000000000000000000000000000000000000085e62fe36f2ce317ec054dd8d56145b7f9caa05676e4b0a1de5e51b5e96c7c670cfb5971a5d6d38cc041ef24c8e0b2dac0e091353e11f00aeb798c31b2f15f440d05f58b9f58c1bc858a6e430389ff16e24e12f832382ab7fa7f671e7ade0830017526c2b492330cff355a81fdc84abd2d72449cd857381fbc66ffc3c7572ee97e00000000000000000000000000000000000000000000000000000000000000006419557d8b9ecb375a8f931575a32f3f26a6465b783017c0f42e4beb6fdfa4f6e3f0245557246f1a26c8342c3055307a2e9bff5ce1e679acd2f702da6fbc1423e57f602b7ffbf17daf680f00a341c15ade28b3d93c5b447ea1787a220605fb190146fddb7963d7a025de785b7c31203d46fbd718993a07b9923eb4049ffe6b29160000000000000000000000000000000000000000000000000000000000000000e95d604936158df05aed9129724b15225fc21acb8cd824a2422fdd295e324a749e5cc7f873bfa98e99d053cb5f17ffdefd034643fb7c796ccb0abc46328a47de68002e14a3f9c3735d52e9a63d046dee5fa40b6979f12308f586400ffe19e217010c7a31787cb690067e43c1af19cc12ee4432109eb621967f2f81c0185a289f030000000000000000000000000000000000000000000000000000000000000000cf5b37d70aeb2830cb6a26f00c1a5727105d8b55f934fb0e7b9929ba2d5c96362aaea85c1d231dbf65431b913feef9def4e7c086bddfacd40ef1773bbde6e4ff557a5772416b18f235ba965654845a6744012e405f5dfd0ce480759fde721bca007851c922e7122bd1b7361553ce38868b313a336674249817c2c90d1554e4568d34ead64bcaa8da16d478b57fa61883c4f169728cd80ba0cf249cc7abcefdad19513dc066689a5f69654c9257e304b74ec41b83eba4b02cff2a2604a3fd90686d02187f3d53fd71f58be039764ed88399c360e2f81f595b0dc1ced1f9205e9ba7af0000000000000000000000000000000000000000000000000000000000000000d941e07e97d7f16591dfc2f774dc7caaf9a87fabaa8e7e0206d6e18d6c7cb2210000000000000000000000000000000000000000000000000000000000000000df7fbf85820eac3c941c387e997b175792fac718997c74db42601652c5a2faefdca9c3577cbc9d20d960852a800c2f205dcb422bcb61321ab9158f9542c035b6ea1634526f204f9245754b880fd58f33a9b2d86767334c130818512404efafc6023387fa854b611fd984d4d2479817f7024e52c015080dc5af85af0e4056d919e60000000000000000000000000000000000000000000000000000000000000000d4f0cae41580c64a476a7c2ca3455bb8c548762e27ad2da9646c00eebe1f153800000000000000000000000000000000000000000000000000000000000000002bff9e8142033db86565a9d879dab8a5fd615e951ece2c5ae5b34bda42d2f90ceaee64701af00bd4b535c983b412bd33d6503cf8b8aca1035b212f594afbf57e000000000000000000000000000000000000000000000000000000000000000001d6561ea47ba621f1826216693ba0c3944d1d2f828a1411a726a848560b5492be000000000000000000000000000000000000000000000000000000000000000008000000000001854764ec6a3171adef1d6df0cf167f1312172df9861854b6babdb67cd42c4f65000149b2cdd7559a93835a2a7d18842020e3b1930fe3b76c555719aa34bf99981eef"
                }
            },
            {
                "key": "0x0b01b058fa493e9d1e571daa7b1fa034f3d0e91534549d7bbb538f28905581",
                "diff": {
                    "exp": "0x1f000000",
                    "got": "0x1e000000"
                }
            },
            {
                "key": "0x0d000000000000000000000000000000000000000000000000000000000000",