{
    "config": {
        "seed": "42",
        "profile": {
            "fuzzy": null
        },
        "safrole": false,
        "max_work_items": 1,
        "max_service_keys": 10,
        "mutation_ratio": 0.1,
        "max_mutations": 0,
        "max_steps": 10000
    },
    "stats": {
        "steps": 1,
        "imported": 1,
        "import_max_step": 1,
        "import_min": 9.013778,
        "import_max": 9.013778,
        "import_mean": 9.013778,
        "import_p50": 9.013778,
        "import_p75": 0.0,
        "import_p90": 9.013778,
        "import_p99": 0.0,
        "import_std_dev": 0.0
    },
    "target": {
        "info": {
            "fuzz_version": 1,
            "fuzz_features": 2,
            "jam_version": {
                "major": 0,
                "minor": 7,
                "patch": 1
            },
            "app_version": {
                "major": 0,
                "minor": 1,
                "patch": 29
            },
            "app_name": "PyJAMaz"
        },
        "stats": {
            "steps": 1,
            "imported": 1,
            "import_max_step": 1,
            "import_min": 114.75821499999999,
            "import_max": 114.75821499999999,
            "import_mean": 114.75821499999999,
            "import_p50": 114.75821499999999,
            "import_p75": 0.0,
            "import_p90": 114.75821499999999,
            "import_p99": 0.0,
            "import_std_dev": 0.0
        }
    },
    "state_diff": {
        "roots": {
            "exp": "0x9eee6213c29dfb0d8747055c794ef295a37a6f157991ce2053029c7f923e2499",
            "got": "0x1f0574aae53539b475b89bf8bcfefc0aae583ddc85077fa8fa8728edd6f39409"
        },
        "keyvals": [
            {
                "key": "0x00450019006a0051135ef0225518c5ddc999419ffbf52cf2d4213d55af782e",
                "diff": {
                    "exp": "0x01000000",
                    "got": "0x"
                }
            },
            {
                "key": "0x00c0001d0056003b9dfa998fdc18531738e679fe8cf0cb42c3f5f40de9fe04",
                "diff": {
                    "exp": "0x00000000ca62000000000000726566696c6c0000000000000000000000000000000000000000000000000000000000000000000000000000000000000000000000000000000000000000000000000000000000000000000000000000000000000000000000000000000000000000000000000000000000000000000000000000000000000000000000000000",
                    "got": "0x"
                }
            },
            {
                "key": "0x00f00078008e0099cd2569e9ccf2045b86062b3e1b16723b5cd83807dab284",
                "diff": {
                    "exp": "0x00000000ca62000000000000726566696c6c0000000000000000000000000000000000000000000000000000000000000000000000000000000000000000000000000000000000000000000000000000000000000000000000000000000000000000000000000000000000000000000000000000000000000000000000000000000000000000000000000000",
                    "got": "0x"
                }
            },
            {
                "key": "0x03000000000000000000000000000000000000000000000000000000000000",
                "diff": {
                    "exp": "0x085ddf84209a0eb2299abdb1aa2e94738371d477d00b6ba4a1b79a88ffbb27585021ddb9a356815c3fac1026b6dec5df3124afbadb485c9ba5a3e3398a04b7ba858c6a3e6a866c9e1ad2592c29ee03f360b7c75e5074f38f144d72a490e987546702c89fb263e01496f1677fa9e4aac232d46e3478e9b29ac62bb59d2966137a578c0000000000000000000000000000000000000000000000000000000000000000f838fe8da038b301b5b9d219398c266cff5e93eda22ea3905dda181d9b07a49600000000000000000000000000000000000000000000000000000000000000009adc7097d0475449963ecacacb2c1bf8f0335afefd597a638382b285909831c51978bdc2f9989334b4d216e72a14297dd9b06c8feaf1f80cde76cf1057786a2b914eed06feafcca1a5c5a2d56369a654495de210ca919351f1b3f60c72e10ea6007b23159d9f4315ae753c33c0e897187839f5e215b64cc21d70b0c288f9a320d7581f10ddd774befd80936ba02cd8521c6f16e1478e4a25c4d34421470f8f91c37124f89b8d06efece53c210e76fb5baebdbcb15a93e947941245be7695d32905009afa3d42c4b0a8f4d21c5a48eb45fc875abeceda9050269735a3cd0a4eb2a12c5a117dd584d15a66927d679dcc9cc7e4d5d4e01bd9bd157a54a162223f9adb5534d3f5537d07bcd06980c2eeba9313a2ef8176a2857f28c8851f839bbfc93f2d0148569d38948db4bd0e807d1e056095b5fc9d6a18451e3d534924203223f172ce0000000000000000000000000000000000000000000000000000000000000000d7d82e700c50afc86cf22f9716c6b2eab45299500d5650c8f3e73dfefb611d903d7911474624f7cd755f286622e1bceb2e2cb3f92e4589fd6c7e35ea540548044dca6c0531b600814358cab50d73ec26a9d0208cd6e0f07fe1f02843228a272f005f9a62d5f421c6e964afafa8e0ac5a8d2af97d8a81611486182127ee05021872e053d40b67ce0e062975285c16b9dcc8356cb1a4668acfaa280dd5d13da776471df8414d42eb169e718f207b95efa11a93d39f23737108c5a51cb534820a38b6012321ac3e021f66569d8c90eaf96251d0f865438515ed7236996b18e762c262af0000000000000000000000000000000000000000000000000000000000000000c4b87bfdc08012a3e841eedb560e5aed473993e3037bdf4022c4bd1b830074c3a6b3a3f595755cac8153dcb48a1b147e364e4552aaf1dd0d07f9e8e3174319dd5b6f21846e3786ef5b5119f40862c02d960d647ef902ce770b16fb5f2a58b4d6001a966c15d9cce191dee92a52e58409f5b9a91539fd3c566038924e66804ed8f4fc9aef7f64cd6e11a8a60fa3af44f817c33b12b4c623daccd4611710c671ec2300000000000000000000000000000000000000000000000000000000000000000104931427eb1771f6de2d527dd2cd49eb1ad145bff5f9d30e0406d96fe6d76d2000000000000000000000000000000000000000000000000000000000000000000401000000000000000000000000000000000000000000000000000000000000000001ad3228b676f7d3cd4284a5443f17f1962b36e491b30a40b2405849e597ba5fb501b4c11951957c6f8f642c4af61cd6b24640fec6dc7fc607ee8206a99e92410d300121ddb9a356815c3fac1026b6dec5df3124afbadb485c9ba5a3e3398a04b7ba85",