{
    "config": {
        "seed": "42",
        "profile": {
            "empty": null
        },
        "safrole": false,
        "max_work_items": 1,
        "max_service_keys": 10,
        "mutation_ratio": 0.1,
        "max_mutations": 0,
        "max_steps": 10000
    },
    "stats": {
        "steps": 1,
        "imported": 1,
        "import_max_step": 1,
        "import_min": 36.1852,
        "import_max": 36.1852,
        "import_mean": 36.1852,
        "import_p50": 36.1852,
        "import_p75": 0.0,
        "import_p90": 36.1852,
        "import_p99": 0.0,
        "import_std_dev": 0.0
    },
    "target": {
        "info": {
            "fuzz_version": 1,
            "fuzz_features": 2,
            "jam_version": {
                "major": 0,
                "minor": 7,
                "patch": 0
            },
            "app_version": {
                "major": 0,
                "minor": 0,
                "patch": 1
            },
            "app_name": "strawberry"
        },
        "stats": {
            "steps": 1,
            "imported": 1,
            "import_max_step": 1,
            "import_min": 96.727042,
            "import_max": 96.727042,
            "import_mean": 96.727042,
            "import_p50": 96.727042,
            "import_p75": 0.0,
            "import_p90": 96.727042,
            "import_p99": 0.0,
            "import_std_dev": 0.0
        }
    },
    "state_diff": {
        "roots": {
            "exp": "0xf85d7ff4f20ba0dbb5c33e8bc4128a9119844424e4cc595439b9f34766d2d0c8",
            "got": "0x85e1f3369d15c3f32545f77f99625c0e1561473f76b2c3e0a3543a8993ef7099"
        },
        "keyvals": [
            {
                "key": "0x03000000000000000000000000000000000000000000000000000000000000",
                "diff": {
                    "exp": "0x08ba4cac7a3d1f74b36e1558c5ee1da5a9e564b6e119f1c0a1f76c056a8f02804f043b18cba6aa0bfc6b26972c0fc74b45825f995064e0ac7491a2f824eba6c61555c55664ff5de19b632f400d667e9fef6a2e134110ed670dcc75f270fea59ea001dcb5a17ea24c4624300aa8e1084a24565c89821edd0a67859bedffa29dc73abe00000000000000000000000000000000000000000000000000000000000000006a37692290c8c29536fc3ec1ca6a607fc596e3bf4535f798ac7dcfc4688b717fefac1a7d4ed95764c002a89f7e0b0ad9ff188d0ea8847c02b35c5cfb7d18a1171bd87145b4556d10e265853dbd354bfa676f9f93c23659d1e87fb721c7a64d6e0113c1aa923b65770b91179633304fc39d8e6205a2e723a1494ba88471faaaaf8400000000000000000000000000000000000000000000000000000000000000009bb8d552318abc00cb54234eb0b2dc16c643110103a04fc1aae4c1bf450262b8333d456f21bb51781748004221850c39a91c96bc82c838d0eed8adc56b26bd1d9797846f24a480339709440b7ea86fd5cf24364c4a53b9e2041b1debb74ea7270205b2490f76d64c68d361f8f237bb1dbe60c6a36801dcec15653f6bf5eb92593400000000000000000000000000000000000000000000000000000000000000002aadeb3f4aec08c68f993546d765854a4e313e84808004d301a53e35be0d5d8700000000000000000000000000000000000000000000000000000000000000007de5dbab17b44778eb9e1e6b5f3c421e153a5a69cfd00bde44cbe1d0e2acb326f764c2149f1c3bff893f441ad26cfcff81edc69a08c1b9be3817b073ad315a4cdb51f947203b41cf918bfb135fc1513891f13d8705ecaa10f030032de5dbce4901bd5ca79a6963879e206ec46ce8df4ea7150e53370f486bb8e0bd462df84e3a9600000000000000000000000000000000000000000000000000000000000000006b0e169a66aee2268d2cb126b3c26f89fafd7f04ab9b875e1287b90b5b271dd90d08e1461aedf000476e61ec3d0abda35bfe69578d39f0a437ae384710069541d1ae244cc7644b3ba01c5688eaeedb45157c5271c95cfc4b69e7882c43a5fb2101e4485059f5f9fc654a9159ecf5e499ab2360e362ca1236593f71d48b44cbf16500000000000000000000000000000000000000000000000000000000000000000998e97cc179505a45db1e885065c99d6cf8d139deed5905fe29295320aba501d1a76b3f4436fde5e7918b96513f141ed7eb59db7e77358ab159ff56c9d9ae70f95f6ec53be6bc05eb721d3b68dc619259e79b11d4ac0ffe9b994fc788a166bc01031c9c11d711b4c4bce74ee8df53ff227db5ac257e9d451fe63d2e3f9fc6d8e400000000000000000000000000000000000000000000000000000000000000009f03ef3f2953fb6673d01f5478360cfd5b246912c5e449fc4a73eea24a971b35f9866bdb885157804513e91e5779767492b6b5fbe7836c440f367abfeba63ea31ac6a5e935dc771655674566a089a964c7f1f57c45efbea22972f32aac39730700fdf647398e3428c3196d639a111e92847fa1285016386c5175196d149e3d66b69dab5da55737279efb64f8227df139e79ce4f39ababe0ff441b32c8880c92b500000000000000000000000000000000000000000000000000000000000000000021c4c044378fc0a7c989965eea6c25df362f1a5bfbf56f99e5e0d8f4909f77cde000000000000000000000000000000000000000000000000000000000000000098128a9d93fe4a316ba1768c11611eccc04cd90095bbc645ff167ec2b3bb5522000000000000000000000000000000000000000000000000000000000000000009000001b4c11951957c6f8f642c4af61cd6b24640fec6dc7fc607ee8206a99e92410d30011aae176087087b00c73e48b80fc9c2346b8085c876937e493779bdcbfa150af50198b561929b16bbe75532da3d85b7e59a8efb0e69c4dcc0541024149717d481540001b77eb8c237fabb3a32e2cd639be3af28b619aa95ef86c269551599833128f62d0001b3f3d12e11a12d14f568e496c80b2af7913b22591c05f6646926a93356f61f63",