{
    "config": {
        "seed": "42",
        "profile": {
            "empty": null
        },
        "safrole": false,
        "max_work_items": 1,
        "max_service_keys": 10,
        "mutation_ratio": 0.1,
        "max_mutations": 0,
        "max_steps": 10000
    },
    "stats": {
        "steps": 1,
        "imported": 1,
        "import_max_step": 1,
        "import_min": 7.3563860000000005,
        "import_max": 7.3563860000000005,
        "import_mean": 7.3563860000000005,
        "import_p50": 7.3563860000000005,
        "import_p75": 0.0,
        "import_p90": 7.3563860000000005,
        "import_p99": 0.0,
        "import_std_dev": 0.0
    },
    "target": {
        "info": {
            "fuzz_version": 1,
            "fuzz_features": 2,
            "jam_version": {
                "major": 0,
                "minor": 7,
                "patch": 0
            },
            "app_version": {
                "major": 0,
                "minor": 0,
                "patch": 1
            },
            "app_name": "strawberry"
        },
        "stats": {
            "steps": 1,
            "imported": 1,
            "import_max_step": 1,
            "import_min": 50.571765,
            "import_max": 50.571765,
            "import_mean": 50.571765,
            "import_p50": 50.571765,
            "import_p75": 0.0,
            "import_p90": 50.571765,
            "import_p99": 0.0,
            "import_std_dev": 0.0
        }
    },
    "state_diff": {
        "roots": {
            "exp": "0xb7663c0c79f53de6d5c9e1fa49d05f54c6b8f89e4babdaefc8a34031f894d02a",
            "got": "0x494d86c58ecf7738eb37047e1b916e97a4dbdda98fff8d419c78afc0ba421ba5"
        },
        "keyvals": [
            {
                "key": "0x0c000000000000000000000000000000000000000000000000000000000000",
                "diff": {
                    "exp": "0x000000000000000000000000dc8c0ed500",
                    "got": "0x0000000000000000000000000000000000"
                }
            },
            {
                "key": "0xb13c99bb519d7a3652c74a414e4f1aeb654366f776b1a96eef721991335b4d",
                "diff": {
                    "exp": "0x10000000",
                    "got": "0x0f000000"
                }
            }
        ]
    },
    "import_diff": null
}
