{
    "config": {
        "seed": "42",
        "max_steps": 4294967295,
        "safrole": false,
        "profile": {
            "full": null
        },
        "fuzzy_profile": {
            "full": null
        },
        "max_work_items": 3,
        "mutation_ratio": 0.0,
        "max_mutations": 0
    },
    "stats": {
        "steps": 1,
        "imported": 1,
        "import_max_step": 1,
        "import_min": 9.87137,
        "import_max": 9.87137,
        "import_mean": 9.87137,
        "import_p50": 9.87137,
        "import_p75": 0.0,
        "import_p90": 9.87137,
        "import_p99": 0.0,
        "import_std_dev": 0.0
    },
    "target": {
        "info": {
            "fuzz_version": 1,
            "fuzz_features": 2,
            "jam_version": {
                "major": 0,
                "minor": 7,
                "patch": 1
            },
            "app_version": {
                "major": 0,
                "minor": 3,
                "patch": 4
            },
            "app_name": "duna-target"
        },
        "stats": {
            "steps": 1,
            "imported": 1,
            "import_max_step": 1,
            "import_min": 61.002224,
            "import_max": 61.002224,
            "import_mean": 61.002224,
            "import_p50": 61.002224,
            "import_p75": 0.0,
            "import_p90": 61.002224,
            "import_p99": 0.0,
            "import_std_dev": 0.0
        }
    },
    "diff": {
        "state": {
            "roots": {
                "exp": "0x6f5c3701d194889f47c921c2ebb2be4fbd7789b0f634588abd091b04ee9fe339",
                "got": "0xb52bde61550f0f0737eaddab801eab0979f18713d397b144f1de5003fed4a9dd"
            },
            "keyvals": [
                {
                    "key": "0x03000000000000000000000000000000000000000000000000000000000000",
                    "diff": {
                        "exp": "0x08a9681001d86af3287cf183331e6f8bdc03bdcf774b9eb396393ff757e450785414d9cee2f5385a109ba31046e43288e6d8088562550436f0790100f3c28469965ec5de6640f68242b62ffcde069f473ac108371a75301df8a91ce70b45a6483700a55f6f2a805697a06f6a2d3d1b3701ba3f6d6353a02afe792adc6314723b7c2451cfeca6d23be7065658f7c7f46e06613d62d014af5a50fa27095d6dd542917639b019ef89b351404da3e79a991a7e7353a13451227fca5b66c6bcfe8aa2382802315ec3c7818261e2105c8ee48552122ad89cc45900a01fc5302a8c1df96da1b90000000000000000000000000000000000000000000000000000000000000000450a1be75ddc20455f2cc71b348cc4ff6954bf8bb6beb9d37f0c07c53ec71d90000000000000000000000000000000000000000000000000000000000000000090e82ee63191f723bffe464a5f979bbc0e050d438563fb05ee96a9624616af153c09c8f0f675d637359772d1f9379940a6624e387604bd1ec0b2b7bc2a4d91061718ba1af5c5e8df704386ddf7ee4d25da42f8d2db72e34317c4c378a2c4784500069091bd8e787541ff534d7a8efcdadb2c26f270cefd4602fc268bb791baf25cf86be7f73d5afb9dfdd1e7f84e58da110cecc32e028ea9425a4b8f5b8e141e015f1ae6d020b95a06e636f4d7692350aa13957c4479753e6839e098c32365e710018aec8edaec32eca47bb25633d3cff65ba2d9fc482a90fde0dfd85bb545bb73700000000000000000000000000000000000000000000000000000000000000000b384d24840b35e5792dbd02b68c004f91fbd0acfd5e06ad112f5258051a6fa1fa1b465880998abbc3069d8ad565e66225f9a079d5d9413ecf363e4f46b01e3a2d1313427688c084751a3457627bc27980883d02ba656e65e77b98b6c2351ae7102196fab7951352fd04eca838639cdfa66860d85b55a7491080642b19f210b0f360000000000000000000000000000000000000000000000000000000000000000cd9a2872d09e2eefb8703c781ec3de6c13d8ddbc0e772ff278cfe435915d42c60000000000000000000000000000000000000000000000000000000000000000aee4d900b6d2553f7a5f3c9618f65a9b29d32088abcc68f0d657f59cf56b356fda23e6c072c9ac07f04ca0bca7fd65586180f2fc0e5fe54e43c776a009349bedae74f7e7db6720a00d48eb8514cb72a96c947743b2ac57d06000c6e68f22a88b00e090e2ebd6ad493ec18b61309f5b8e70f66ed065156c2e6e2a049fae8ee296b56c76c02d1ab1ca1d39dc860d1e4645516350462da7a1d3083015aa58525eed61bb6428c91161e2fcefe88a7ed2d1ece18fae29a5c4426504af3a58cf5058c855014f1155f7143f9567d68f3ba3c820831786b47df7a217dcdfa42a09b6a8b674fc00000000000000000000000000000000000000000000000000000000000000004943744420103f73a560ab835bd7dacb6cc5d43c4ea26ed4b3dc222ebec53a20d68243d3ce637211a888b94bd7a963f1cde7a0f34ee5387ae91ee7820e3f7ba70000000000000000000000000000000000000000000000000000000000000000000a01bb05a39724d4b7c8ee93cbe1b78566215bc3824eb792b2e107e3866aaac4640301ad3228b676f7d3cd4284a5443f17f1962b36e491b30a40b2405849e597ba5fb501f35f68212d1a4642c485771a1c9d91e4867222a56796f933bfa05406ce421bba01b3321a631890193be72cc8adf0c6522614f2eb69263ad096a66136a587bed1020001485e53ddeb5833e773c466b62689cbd4cb2250c954f6c5996ff8e903134373f701a58d60832f92b5919abad650d075449dbaab5b2f471abf0644adc0665589f3c1000001df77a9f993103aa290edcf39c4111c569e3a0b30a84b9c153f55e1df8175b361",
                        "got": "0x08a9681001d86af3287cf183331e6f8bdc03bdcf774b9eb396393ff757e450785414d9cee2f5385a109ba31046e43288e6d8088562550436f0790100f3c28469965ec5de6640f68242b62ffcde069f473ac108371a75301df8a91ce70b45a6483700a55f6f2a805697a06f6a2d3d1b3701ba3f6d6353a02afe792adc6314723b7c2451cfeca6d23be7065658f7c7f46e06613d62d014af5a50fa27095d6dd542917639b019ef89b351404da3e79a991a7e7353a13451227fca5b66c6bcfe8aa2382802315ec3c7818261e2105c8ee48552122ad89cc45900a01fc5302a8c1df96da1b90000000000000000000000000000000000000000000000000000000000000000450a1be75ddc20455f2cc71b348cc4ff6954bf8bb6beb9d37f0c07c53ec71d90000000000000000000000000000000000000000000000000000000000000000090e82ee63191f723bffe464a5f979bbc0e050d438563fb05ee96a9624616af153c09c8f0f675d637359772d1f9379940a6624e387604bd1ec0b2b7bc2a4d91061718ba1af5c5e8df704386ddf7ee4d25da42f8d2db72e34317c4c378a2c4784500069091bd8e787541ff534d7a8efcdadb2c26f270cefd4602fc268bb791baf25cf86be7f73d5afb9dfdd1e7f84e58da110cecc32e028ea9425a4b8f5b8e141e015f1ae6d020b95a06e636f4d7692350aa13957c4479753e6839e098c32365e710018aec8edaec32eca47bb25633d3cff65ba2d9fc482a90fde0dfd85bb545bb73700000000000000000000000000000000000000000000000000000000000000000b384d24840b35e5792dbd02b68c004f91fbd0acfd5e06ad112f5258051a6fa1fa1b465880998abbc3069d8ad565e66225f9a079d5d9413ecf363e4f46b01e3a2d1313427688c084751a3457627bc27980883d02ba656e65e77b98b6c2351ae7102196fab7951352fd04eca838639cdfa66860d85b55a7491080642b19f210b0f360000000000000000000000000000000000000000000000000000000000000000cd9a2872d09e2eefb8703c781ec3de6c13d8ddbc0e772ff278cfe435915d42c60000000000000000000000000000000000000000000000000000000000000000aee4d900b6d2553f7a5f3c9618f65a9b29d32088abcc68f0d657f59cf56b356fda23e6c072c9ac07f04ca0bca7fd65586180f2fc0e5fe54e43c776a009349bedae74f7e7db6720a00d48eb8514cb72a96c947743b2ac57d06000c6e68f22a88b00e090e2ebd6ad493ec18b61309f5b8e70f66ed065156c2e6e2a049fae8ee296b56c76c02d1ab1ca1d39dc860d1e4645516350462da7a1d3083015aa58525eed61bb6428c91161e2fcefe88a7ed2d1ece18fae29a5c4426504af3a58cf5058c855014f1155f7143f9567d68f3ba3c820831786b47df7a217dcdfa42a09b6a8b674fc00000000000000000000000000000000000000000000000000000000000000004943744420103f73a560ab835bd7dacb6cc5d43c4ea26ed4b3dc222ebec53a20f1fb84437fa195700ed5ec7df1eac0f80d0bd554a3a5d4e4cb92a8a8ce5ff6920000000000000000000000000000000000000000000000000000000000000000000a01ca779ff5c84003d8df03eaa92d39b2b52045959b85b95976a3cf207b676a16f101ad3228b676f7d3cd4284a5443f17f1962b36e491b30a40b2405849e597ba5fb501f35f68212d1a4642c485771a1c9d91e4867222a56796f933bfa05406ce421bba01b3321a631890193be72cc8adf0c6522614f2eb69263ad096a66136a587bed1020001485e53ddeb5833e773c466b62689cbd4cb2250c954f6c5996ff8e903134373f701a58d60832f92b5919abad650d075449dbaab5b2f471abf0644adc0665589f3c1000001df77a9f993103aa290edcf39c4111c569e3a0b30a84b9c153f55e1df8175b361"
                    }
                },
                {
                    "key": "0x10000000000000000000000000000000000000000000000000000000000000",
                    "diff": {
                        "exp": "0x02616328df0b1167bdf9a23d824042dac29e579b4c2a881a4cdf595bed0e3b69094bcafc06616328df1e86f83858d834189bfcdaa0b14dfeb7f7e5638fcdd09507e1b036d22968597e",