{
    "config": {
        "seed": "42",
        "profile": {
            "empty": null
        },
        "safrole": false,
        "max_work_items": 1,
        "max_service_keys": 10,
        "mutation_ratio": 0.1,
        "max_mutations": 0,
        "max_steps": 10000
    },
    "stats": {
        "steps": 1,
        "imported": 1,
        "import_max_step": 1,
        "import_min": 7.6514299999999995,
        "import_max": 7.6514299999999995,
        "import_mean": 7.6514299999999995,
        "import_p50": 7.6514299999999995,
        "import_p75": 0.0,
        "import_p90": 7.6514299999999995,
        "import_p99": 0.0,
        "import_std_dev": 0.0
    },
    "target": {
        "info": {
            "fuzz_version": 1,
            "fuzz_features": 2,
            "jam_version": {
                "major": 0,
                "minor": 7,
                "patch": 0
            },
            "app_version": {
                "major": 0,
                "minor": 0,
                "patch": 1
            },
            "app_name": "strawberry"
        },
        "stats": {
            "steps": 1,
            "imported": 1,
            "import_max_step": 1,
            "import_min": 31.508506999999998,
            "import_max": 31.508506999999998,
            "import_mean": 31.508506999999998,
            "import_p50": 31.508506999999998,
            "import_p75": 0.0,
            "import_p90": 31.508506999999998,
            "import_p99": 0.0,
            "import_std_dev": 0.0
        }
    },
    "state_diff": {
        "roots": {
            "exp": "0x2eb2af88622af407e94434958c9dab71f10203b93823c98b844bc67f1d3efd52",
            "got": "0x15515695c639ce22b70475c59cf2334052f079950e0faba9bd5fefaac8c047a0"
        },
        "keyvals": [
            {
                "key": "0x004400b500a400aaa0d7f8eab5ca1cca4a0472988422febc68a6b6a944cabf",
                "diff": {
                    "exp": "0x925bae94",
                    "got": "0x035f9b7e"
                }
            },
            {
                "key": "0x007700fd00f000226f624b410cf246d8ecc525935a5267aaf79d40cff42f42",
                "diff": {
                    "exp": "0x",
                    "got": "0x00"
                }
            },
            {
                "key": "0x0d000000000000000000000000000000000000000000000000000000000000",
                "diff": {
                    "exp": "0x01000000000000000000000000000000020000000500000000000000000000000000000000000000030000000400000001000000000000000000000000000000030000000400000002000000000000000000000000000000020000000400000000000000000000000000000000000000020000000400000002000000000000000300000026910300030000000400000000000000000000000000000000000000000000000000000000000000000000000000000000000000000000000000000000000000000000000000000000000000000000000000000000000000000000000000000000000000000000000000000000000000000000000000000000000000000000000000000000000000000000000000000000000000000000000000000081a8050000000081a8b6aa00030000000000000500000000000001b6aa0000000001c051780000faa6db6b01c162300000000000000000000024a7db6b01c1623000000000000000000000925bae94000000000000000000000100622ae7be01c1623000000000000000000000",
                    "got": "0x01000000000000000000000000000000020000000500000000000000000000000000000000000000030000000400000001000000000000000000000000000000030000000400000002000000000000000000000000000000020000000400000000000000000000000000000000000000020000000400000002000000000000000300000026910300030000000400000000000000000000000000000000000000000000000000000000000000000000000000000000000000000000000000000000000000000000000000000000000000000000000000000000000000000000000000000000000000000000000000000000000000000000000000000000000000000000000000000000000000000000000000000000000000000000000000000081a8050000000081a8b6aa00030000000000000400000000000001b6aa0000000001c08c780000faa6db6b01c162300000000000000000000024a7db6b01c1623000000000000000000000622ae7be01c1623000000000000000000000"
                }
            },
            {
                "key": "0x92775bfdaef094226f624b410cf246d8ecc525935a5267aaf79d40cff42f42",
                "diff": {
                    "exp": "0x00",
                    "got": "0x"
                }
            },
            {
                "key": "0xff000000000000000000000000000000000000000000000000000000000000",
                "diff": {
                    "exp": "0x2f46b4ee8c502d0b9e66c78823b4959e22c101d9a3d1b82554b1912cc11f6eb52ca6f7ffffffffff0a000000000000000a00000000000000d077020000000000ffffffffffffffff05000000000000000600000000000000",
                    "got": "0x2f46b4ee8c502d0b9e66c78823b4959e22c101d9a3d1b82554b1912cc11f6eb565bcf8ffffffffff0a000000000000000a00000000000000d077020000000000ffffffffffffffff05000000000000000600000000000000"
                }
            },
            {
                "key": "0xff2d005f009b007e0000000000000000000000000000000000000000000000",
                "diff": {
                    "exp": "0x",
                    "got": "0xc66e2745966b4e123809c843f0461394ce8c00df7db6e167614676a569fae4c62b3101000000000010270000000000001027000000000000b330010000000000000000000000000002000000060000000000000000000000"
                }
            },
            {
                "key": "0xff92005b00ae00940000000000000000000000000000000000000000000000",
                "diff": {
                    "exp": "0xc66e2745966b4e123809c843f0461394ce8c00df7db6e167614676a569fae4c6644702000000000010270000000000001027000000000000b330010000000000000000000000000002000000060000000000000000000000",
                    "got": "0x"
                }
            }
        ]
    },
    "import_diff": null
}
