{
    "config": {
        "seed": "42",
        "profile": {
            "Empty": null
        },
        "safrole": false,
        "max_work_items": 1,
        "max_service_keys": 10,
        "mutation_ratio": 0.1,
        "max_mutations": 0,
        "max_steps": 10000
    },
    "stats": {
        "steps": 1,
        "imported": 1,
        "import_max_step": 1,
        "import_min": 116.43848,
        "import_max": 116.43848,
        "import_mean": 116.43848,
        "import_p50": 116.43848,
        "import_p75": 0.0,
        "import_p90": 116.43848,
        "import_p99": 0.0,
        "import_std_dev": 0.0
    },
    "target": {
        "info": {
            "name": "FastRoll",
            "app_version": {
                "major": 0,
                "minor": 1,
                "patch": 6
            },
            "jam_version": {
                "major": 0,
                "minor": 7,
                "patch": 0
            }
        },
        "stats": {
            "steps": 1,
            "imported": 1,
            "import_max_step": 1,
            "import_min": 47.756596,
            "import_max": 47.756596,
            "import_mean": 47.756596,
            "import_p50": 47.756596,
            "import_p75": 0.0,
            "import_p90": 47.756596,
            "import_p99": 0.0,
            "import_std_dev": 0.0
        }
    },
    "diff": {
        "roots": {
            "exp": "0x48a1483cd7a88e0f872925b10df02837f0f14a16d12ded47ed64660fbba2584f",
            "got": "0xfefd942d4965208759923416b30c7f44255204b907aa2220d1e20d9ac18ab8c0"
        },
        "keyvals": [
            {
                "key": "0x03000000000000000000000000000000000000000000000000000000000000",
                "diff": {
                    "exp": "0x08be315b7c95750cf1d668cf82fe3f84d97957bbb2cdd787617d4da6a1236f9841e053d40b67ce0e062975285c16b9dcc8356cb1a4668acfaa280dd5d13da7764749a6d1cc176bd69eeb98e49900f658c59512029d9beb1be3274adc8e2fd3a80e01e5749381f431f6d5029f0e40127472cc27ababb52865f6e06524e8c78f99a714000000000000000000000000000000000000000000000000000000000000000055af61107f7b2de0c8c6b0cb5ad3f16df5e8c58004c49c4a501b2ed246ed906ea6b3a3f595755cac8153dcb48a1b147e364e4552aaf1dd0d07f9e8e3174319dd895a176072f5e42815ce7f2d322054eed854002f18baeb2cf9a6ee11ec938a9501f0557f3bc5a08d026eaf3e6f10d305992577574f02a00b4c22fe9e5d63e042610000000000000000000000000000000000000000000000000000000000000000596d04d994e2bad71ee12a2df98783f6750d1f40363a8d26ec8303fb4362f823fc9aef7f64cd6e11a8a60fa3af44f817c33b12b4c623daccd4611710c671ec2367d4375a79acfd272d0e415f648d25e27af4cc0aa4fe23632e54325ca9ff19b4005610336e3324dcef876d75ef614147c3f115222d3ac75f9ffe5eb043eeb56a58e58769b32a1beaf1ea27375a44095a0d1fb664ce2dd358e7fcbfb78c26a193444f2a6e835e58877eff3da8d43b1c5e637577bb5a936c52b71625a99bdad915ba0193d24b1599ea3bb6a194551140ddc5127305ebccdf6f3613c6e84b74c966f1db000000000000000000000000000000000000000000000000000000000000000051a26fe81a05382cd99b7f47d879c029ebee7195a729adb1e0d425d48c05ce7a1c28d7753d0da2a474006b499e96ffb0ee39817ab95a6ac4c4df44e5ce771a25575db29b16a231b7d937bc141b77c15d5139770137e2f2ef672f69dd9224639201d546e4f177d0b4c6ea3395bc1f05aa27e1ad9d15184325ddfc463dfbc2ef0fd50000000000000000000000000000000000000000000000000000000000000000a88b4692103382b4b38bfb46647e98801048729f322c924e358f03d567aa20589faa0c43252e1ba7c1ef557ea9878bb782a2b020ca7d6224637e5a3924ba159a9670a1a024efda839b318f94c46c7f0b4ab0a6fb88fc2d50feaa6ccaf0e76a6300d98af6e1a9ffe49f4d83a3de55cc002a6af744f103173c2924b111d1d56c5cfbc533236987243f5cfa2d9bf16377c9a55abf736f74b8d2d069ee9a361c9df0ddfefd942d4965208759923416b30c7f44255204b907aa2220d1e20d9ac18ab8c001ffd6697b2ed844d18e722ab7571543a480a03ead75f71981b18a8707e65b9c96000000000000000000000000000000000000000000000000000000000000000062a3031cc40eb672ce35fa35b2d60039c9683bf90c813ca4014be22049ff572a21798dc3fb02337e41caa0455ded3f9fa93c3272bad79eb6fca6a94ea430eb7c0000000000000000000000000000000000000000000000000000000000000000016007a72fd3ec6da6673a4bc6f938205244adeda2be80c5e1c6c636d1b8691c8f000000000000000000000000000000000000000000000000000000000000000005000001b4c11951957c6f8f642c4af61cd6b24640fec6dc7fc607ee8206a99e92410d300001e58769b32a1beaf1ea27375a44095a0d1fb664ce2dd358e7fcbfb78c26a19344",
                    "got": "0x08b6bb8fd2ee6063502d1726012d3ed6973e20e400f520e2c6279ca8ec3736e3603d7911474624f7cd755f286622e1bceb2e2cb3f92e4589fd6c7e35ea54054804a59bda72e20b04817591c536571fb05938af77d304de24bba889d2f6c6aa5fa9024fc977fccf032b99c5f3e9d7a0f91bd48f885dcb5ccf5cae16349c3336aed6e50000000000000000000000000000000000000000000000000000000000000000670e7939f5cf8ffcb8b5052157ff6bd96590aef0ed0d50881619a46ee25de5e00000000000000000000000000000000000000000000000000000000000000000be315b7c95750cf1d668cf82fe3f84d97957bbb2cdd787617d4da6a1236f9841e053d40b67ce0e062975285c16b9dcc8356cb1a4668acfaa280dd5d13da7764749a6d1cc176bd69eeb98e49900f658c59512029d9beb1be3274adc8e2fd3a80e01e5749381f431f6d5029f0e40127472cc27ababb52865f6e06524e8c78f99a714000000000000000000000000000000000000000000000000000000000000000055af61107f7b2de0c8c6b0cb5ad3f16df5e8c58004c49c4a501b2ed246ed906ea6b3a3f595755cac8153dcb48a1b147e364e4552aaf1dd0d07f9e8e3174319dd895a176072f5e42815ce7f2d322054eed854002f18baeb2cf9a6ee11ec938a9501f0557f3bc5a08d026eaf3e6f10d305992577574f02a00b4c22fe9e5d63e042610000000000000000000000000000000000000000000000000000000000000000596d04d994e2bad71ee12a2df98783f6750d1f40363a8d26ec8303fb4362f823fc9aef7f64cd6e11a8a60fa3af44f817c33b12b4c623daccd4611710c671ec2367d4375a79acfd272d0e415f648d25e27af4cc0aa4fe23632e54325ca9ff19b4005610336e3324dcef876d75ef614147c3f115222d3ac75f9ffe5eb043eeb56a58e58769b32a1beaf1ea27375a44095a0d1fb664ce2dd358e7fcbfb78c26a193444f2a6e835e58877eff3da8d43b1c5e637577bb5a936c52b71625a99bdad915ba0193d24b1599ea3bb6a194551140ddc5127305ebccdf6f3613c6e84b74c966f1db000000000000000000000000000000000000000000000000000000000000000051a26fe81a05382cd99b7f47d879c029ebee7195a729adb1e0d425d48c05ce7a1c28d7753d0da2a474006b499e96ffb0ee39817ab95a6ac4c4df44e5ce771a25575db29b16a231b7d937bc141b77c15d5139770137e2f2ef672f69dd9224639201d546e4f177d0b4c6ea3395bc1f05aa27e1ad9d15184325ddfc463dfbc2ef0fd50000000000000000000000000000000000000000000000000000000000000000a88b4692103382b4b38bfb46647e98801048729f322c924e358f03d567aa20589faa0c43252e1ba7c1ef557ea9878bb782a2b020ca7d6224637e5a3924ba159a9670a1a024efda839b318f94c46c7f0b4ab0a6fb88fc2d50feaa6ccaf0e76a6300d98af6e1a9ffe49f4d83a3de55cc002a6af744f103173c2924b111d1d56c5cfbc533236987243f5cfa2d9bf16377c9a55abf736f74b8d2d069ee9a361c9df0dd000000000000000000000000000000000000000000000000000000000000000001ffd6697b2ed844d18e722ab7571543a480a03ead75f71981b18a8707e65b9c9600000000000000000000000000000000000000000000000000000000000000000501000000000000000000000000000000000000000000000000000000000000000001ad3228b676f7d3cd4284a5443f17f1962b36e491b30a40b2405849e597ba5fb5000001e58769b32a1beaf1ea27375a44095a0d1fb664ce2dd358e7fcbfb78c26a19344"
                }
            },
            {
                "key": "0x06000000000000000000000000000000000000000000000000000000000000",
                "diff": {
                    "exp": "0x7c0029768ccfa927ced01732bda8d3bf2eb23a8cec4419d70c39f36d147601993d99b5c9a1e0803681114e0f94610d524622a2087bbd0e46e00b06ccde3af6f8e04fe9cb0fb14f6be5feddd70d6c825df153c70d89632ef5097b593310bd0a4d1452d1f19f88a9eb70236e96254a559be8bd813eaf870089634da1cc42605346",
                    "got": "0xc8f7496c865fbae35342cc27505b553ae9a6d41928c52d806170de5e2ede94f43d99b5c9a1e0803681114e0f94610d524622a2087bbd0e46e00b06ccde3af6f8e04fe9cb0fb14f6be5feddd70d6c825df153c70d89632ef5097b593310bd0a4d1452d1f19f88a9eb70236e96254a559be8bd813eaf870089634da1cc42605346"
                }
            },
            {
                "key": "0x0a000000000000000000000000000000000000000000000000000000000000",