{
    "config": {
        "seed": "42",
        "max_steps": 4294967295,
        "safrole": false,
        "profile": {
            "full": null
        },
        "fuzzy_profile": {
            "full": null
        },
        "max_work_items": 3,
        "mutation_ratio": 0.0,
        "max_mutations": 0
    },
    "stats": {
        "steps": 6,
        "imported": 1,
        "import_max_step": 6,
        "import_min": 14.496869,
        "import_max": 14.496869,
        "import_mean": 14.496869,
        "import_p50": 14.496869,
        "import_p75": 0.0,
        "import_p90": 14.496869,
        "import_p99": 0.0,
        "import_std_dev": 0.0
    },
    "target": {
        "info": {
            "fuzz_version": 1,
            "fuzz_features": 2,
            "jam_version": {
                "major": 0,
                "minor": 7,
                "patch": 2
            },
            "app_version": {
                "major": 0,
                "minor": 3,
                "patch": 1
            },
            "app_name": "new_jamneration"
        },
        "stats": {
            "steps": 6,
            "imported": 1,
            "import_max_step": 6,
            "import_min": 760.975057,
            "import_max": 760.975057,
            "import_mean": 760.975057,
            "import_p50": 760.975057,
            "import_p75": 0.0,
            "import_p90": 760.975057,
            "import_p99": 0.0,
            "import_std_dev": 0.0
        }
    },
    "error": {
        "state_diff": {
            "roots": {
                "exp": "0xec58a78592843d4a573c2609a8a42156a64e01c9870838864df0499962d7034a",
                "got": "0x2a10e51bd96961756b783bae7b2f0cb697e9f4e51cdfbb4d8b6c60793d502f43"
            },
            "keyvals": [
                {
                    "key": "0x3b4d265665f738ea066730a9773442b6e2dfe40cf4af36e4ae6f9a2cde7105",
                    "diff": {
                        "exp": "0x",
                        "got": "0x00"
                    }
                },
                {
                    "key": "0xff000000000000000000000000000000000000000000000000000000000000",
                    "diff": {
                        "exp": "0x00d1b097b4410b3a63446d7c57d093972a9744fcd2d74f4a5e2ec163610e6d6327ab82bdffffffffff0a000000000000000a000000000000000c3b020000000000ffffffffffffffff3600000000000000481f000000000000",
                        "got": "0x00d1b097b4410b3a63446d7c57d093972a9744fcd2d74f4a5e2ec163610e6d6327e65fbfffffffffff0a000000000000000a000000000000000c3b020000000000ffffffffffffffff3600000000000000481f000000000000"
                    }
                },
                {
                    "key": "0xff1600a500ad00a40000000000000000000000000000000000000000000000",
                    "diff": {
                        "exp": "0x000000000000000000000000000000000000000000000000000000000000000000c380050000000000000000000000000000000000000000008e39020000000000000000000000000002000000a21e00001b1f000000000000",
                        "got": "0x"
                    }
                }
            ]
        }
    }
}