{
  "info": {
    "name": "Jamixir",
    "app_version": {
      "major": 0,
      "minor": 2,
      "patch": 6
    },
    "jam_version": {
      "major": 0,
      "minor": 7,
      "patch": 0
    }
  },
  "stats": {
    "steps": 100,
    "imported": 100,
    "import_max_step": 48,
    "import_min": 3.55608,
    "import_max": 66.04450100000001,
    "import_mean": 9.551641539999993,
    "import_p50": 4.978,
    "import_p75": 5.459,
    "import_p90": 6.149,
    "import_p99": 56.824,
    "import_std_dev": 14.838250954718395
  }
}
