{
  "info": {
    "name": "Jamixir",
    "app_version": {
      "major": 0,
      "minor": 2,
      "patch": 6
    },
    "jam_version": {
      "major": 0,
      "minor": 7,
      "patch": 0
    }
  },
  "stats": {
    "steps": 100,
    "imported": 100,
    "import_max_step": 84,
    "import_min": 2.3115959999999998,
    "import_max": 59.688003,
    "import_mean": 21.984014139999996,
    "import_p50": 20.412,
    "import_p75": 28.302,
    "import_p90": 35.511,
    "import_p99": 58.476,
    "import_std_dev": 14.810904971038514
  }
}
