{
  "info": {
    "fuzz_version": 1,
    "fuzz_features": 0,
    "jam_version": {
      "major": 0,
      "minor": 7,
      "patch": 0
    },
    "app_version": {
      "major": 0,
      "minor": 2,
      "patch": 6
    },
    "app_name": "Jamixir"
  },
  "stats": {
    "steps": 100,
    "imported": 100,
    "import_max_step": 77,
    "import_min": 2.2559009999999997,
    "import_max": 3.5131680000000003,
    "import_mean": 2.6539450400000004,
    "import_p50": 2.616,
    "import_p75": 2.793,
    "import_p90": 2.935,
    "import_p99": 3.198,
    "import_std_dev": 0.2441123707428514
  }
}
