{
  "info": {
    "name": "Jamixir",
    "app_version": {
      "major": 0,
      "minor": 2,
      "patch": 6
    },
    "jam_version": {
      "major": 0,
      "minor": 7,
      "patch": 0
    }
  },
  "stats": {
    "steps": 100,
    "imported": 100,
    "import_max_step": 60,
    "import_min": 5.97382,
    "import_max": 947.465761,
    "import_mean": 238.81758137999995,
    "import_p50": 156.348,
    "import_p75": 324.24,
    "import_p90": 618.585,
    "import_p99": 924.417,
    "import_std_dev": 270.73285374609947
  }
}
