{
  "info": {
    "name": "Jamixir",
    "app_version": {
      "major": 0,
      "minor": 2,
      "patch": 6
    },
    "jam_version": {
      "major": 0,
      "minor": 7,
      "patch": 0
    }
  },
  "stats": {
    "steps": 100,
    "imported": 100,
    "import_max_step": 56,
    "import_min": 8.312825,
    "import_max": 903.3042529999999,
    "import_mean": 211.66259494000008,
    "import_p50": 144.467,
    "import_p75": 270.269,
    "import_p90": 574.538,
    "import_p99": 829.944,
    "import_std_dev": 236.75986633754107
  }
}
