{
  "info": {
    "fuzz_version": 1,
    "fuzz_features": 0,
    "jam_version": {
      "major": 0,
      "minor": 7,
      "patch": 0
    },
    "app_version": {
      "major": 0,
      "minor": 2,
      "patch": 6
    },
    "app_name": "Jamixir"
  },
  "stats": {
    "steps": 100,
    "imported": 100,
    "import_max_step": 8,
    "import_min": 3.2257219999999998,
    "import_max": 2280.3388130000003,
    "import_mean": 526.52479616,
    "import_p50": 242.139,
    "import_p75": 911.331,
    "import_p90": 1253.287,
    "import_p99": 1975.171,
    "import_std_dev": 598.8289211666806
  }
}
