{
  "info": {
    "name": "Jamixir",
    "app_version": {
      "major": 0,
      "minor": 2,
      "patch": 6
    },
    "jam_version": {
      "major": 0,
      "minor": 7,
      "patch": 0
    }
  },
  "stats": {
    "steps": 100,
    "imported": 100,
    "import_max_step": 83,
    "import_min": 9.158859,
    "import_max": 1011.8883190000001,
    "import_mean": 240.68549130000002,
    "import_p50": 159.509,
    "import_p75": 323.103,
    "import_p90": 698.884,
    "import_p99": 964.19,
    "import_std_dev": 276.07652468037503
  }
}
