{
  "info": {
    "name": "Jamixir",
    "app_version": {
      "major": 0,
      "minor": 2,
      "patch": 6
    },
    "jam_version": {
      "major": 0,
      "minor": 7,
      "patch": 0
    }
  },
  "stats": {
    "steps": 100,
    "imported": 100,
    "import_max_step": 60,
    "import_min": 8.190357,
    "import_max": 668.1770620000001,
    "import_mean": 161.73770707,
    "import_p50": 116.087,
    "import_p75": 210.925,
    "import_p90": 435.365,
    "import_p99": 620.619,
    "import_std_dev": 176.7991315688285
  }
}
