{
  "info": {
    "name": "Jamixir",
    "app_version": {
      "major": 0,
      "minor": 2,
      "patch": 6
    },
    "jam_version": {
      "major": 0,
      "minor": 7,
      "patch": 0
    }
  },
  "stats": {
    "steps": 100,
    "imported": 100,
    "import_max_step": 8,
    "import_min": 9.643667,
    "import_max": 2064.556588,
    "import_mean": 490.03111263999995,
    "import_p50": 226.71,
    "import_p75": 829.403,
    "import_p90": 1138.61,
    "import_p99": 1772.076,
    "import_std_dev": 535.6478880027987
  }
}
