{
  "info": {
    "name": "Jamixir",
    "app_version": {
      "major": 0,
      "minor": 2,
      "patch": 6
    },
    "jam_version": {
      "major": 0,
      "minor": 7,
      "patch": 0
    }
  },
  "stats": {
    "steps": 100,
    "imported": 100,
    "import_max_step": 8,
    "import_min": 9.30464,
    "import_max": 2963.42816,
    "import_mean": 648.3514705299999,
    "import_p50": 279.241,
    "import_p75": 1081.19,
    "import_p90": 1448.524,
    "import_p99": 2428.494,
    "import_std_dev": 725.2774727124178
  }
}
