{
  "info": {
    "name": "vinwolf-target",
    "app_version": {
      "major": 0,
      "minor": 2,
      "patch": 4
    },
    "jam_version": {
      "major": 0,
      "minor": 7,
      "patch": 0
    }
  },
  "stats": {
    "steps": 100,
    "imported": 100,
    "import_max_step": 48,
    "import_min": 55.287774999999996,
    "import_max": 108.907921,
    "import_mean": 60.65123334000001,
    "import_p50": 56.441,
    "import_p75": 57.017,
    "import_p90": 58.045,
    "import_p99": 108.492,
    "import_std_dev": 14.091048232406113
  }
}
