{
  "info": {
    "name": "vinwolf-target",
    "app_version": {
      "major": 0,
      "minor": 2,
      "patch": 8
    },
    "jam_version": {
      "major": 0,
      "minor": 7,
      "patch": 0
    }
  },
  "stats": {
    "steps": 100,
    "imported": 100,
    "import_max_step": 60,
    "import_min": 1.7114509999999998,
    "import_max": 95.09935399999999,
    "import_mean": 13.024361810000002,
    "import_p50": 8.013,
    "import_p75": 8.367,
    "import_p90": 9.491,
    "import_p99": 94.6,
    "import_std_dev": 24.326218226258067
  }
}
