{
  "info": {
    "name": "vinwolf-target",
    "app_version": {
      "major": 0,
      "minor": 2,
      "patch": 4
    },
    "jam_version": {
      "major": 0,
      "minor": 7,
      "patch": 0
    }
  },
  "stats": {
    "steps": 100,
    "imported": 100,
    "import_max_step": 63,
    "import_min": 55.523365999999996,
    "import_max": 119.805116,
    "import_mean": 93.99722770000004,
    "import_p50": 114.144,
    "import_p75": 115.05,
    "import_p90": 115.93,
    "import_p99": 117.903,
    "import_std_dev": 28.020243371035605
  }
}
