{
  "info": {
    "name": "vinwolf-target",
    "app_version": {
      "major": 0,
      "minor": 2,
      "patch": 4
    },
    "jam_version": {
      "major": 0,
      "minor": 7,
      "patch": 0
    }
  },
  "stats": {
    "steps": 100,
    "imported": 100,
    "import_max_step": 13,
    "import_min": 49.671391,
    "import_max": 118.322681,
    "import_mean": 88.79710475999998,
    "import_p50": 104.425,
    "import_p75": 110.811,
    "import_p90": 111.711,
    "import_p99": 117.228,
    "import_std_dev": 26.324905606470054
  }
}
