{
  "info": {
    "name": "vinwolf-target",
    "app_version": {
      "major": 0,
      "minor": 2,
      "patch": 4
    },
    "jam_version": {
      "major": 0,
      "minor": 7,
      "patch": 0
    }
  },
  "stats": {
    "steps": 100,
    "imported": 100,
    "import_max_step": 8,
    "import_min": 45.279576,
    "import_max": 450.139179,
    "import_mean": 148.13259989999995,
    "import_p50": 105.294,
    "import_p75": 210.126,
    "import_p90": 292.142,
    "import_p99": 394.823,
    "import_std_dev": 104.74499686355432
  }
}
