{
    "config": {
        "seed": "42",
        "profile": {
            "empty": null
        },
        "safrole": false,
        "max_work_items": 1,
        "max_service_keys": 10,
        "mutation_ratio": 0.1,
        "max_mutations": 0,
        "max_steps": 10000
    },
    "stats": {
        "steps": 1,
        "imported": 1,
        "import_max_step": 1,
        "import_min": 8.641885,
        "import_max": 8.641885,
        "import_mean": 8.641885,
        "import_p50": 8.641885,
        "import_p75": 0.0,
        "import_p90": 8.641885,
        "import_p99": 0.0,
        "import_std_dev": 0.0
    },
    "target": {
        "info": {
            "fuzz_version": 1,
            "fuzz_features": 0,
            "jam_version": {
                "major": 0,
                "minor": 7,
                "patch": 0
            },
            "app_version": {
                "major": 0,
                "minor": 0,
                "patch": 1
            },
            "app_name": "gossamer-jam"
        },
        "stats": {
            "steps": 1,
            "imported": 1,
            "import_max_step": 1,
            "import_min": 46.493317,
            "import_max": 46.493317,
            "import_mean": 46.493317,
            "import_p50": 46.493317,
            "import_p75": 0.0,
            "import_p90": 46.493317,
            "import_p99": 0.0,
            "import_std_dev": 0.0
        }
    },
    "state_diff": {
        "roots": {
            "exp": "0xcf4c7334700220ef584c16f5679670f143923233578fcee42046ed4e7242dac8",
            "got": "0x67eec7970adb607f949d3af5f198b9d1886cc10ecccd406d8a9012122dabc0a8"
        },
        "keyvals": [
            {
                "key": "0x2e9adc704a0e12259c585b524dfe81a6988ef4ecee1beda1cc2c7be732edf9",
                "diff": {
                    "exp": "0x60000000000000003f72b36f023e0a26ba5e3bb25dccd8bc38055b9561f7ca61fecb0c957de7e577c756f3ffffffffff00000000000000000a000000000000000a00000000000000127802000000000005000000ffffffffffffffff000000000c00000000000000",
                    "got": "0x00000000000000003f72b36f023e0a26ba5e3bb25dccd8bc38055b9561f7ca61fecb0c957de7e577c756f3ffffffffffa9780200000000000a000000000000000a00000000000000127802000000000005000000ffffffffffffffff000000000c00000000000000"
                }
            }
        ]
    },
    "import_diff": null
}
