{
    "config": {
        "seed": "42",
        "profile": {
            "empty": null
        },
        "safrole": false,
        "max_work_items": 1,
        "max_service_keys": 10,
        "mutation_ratio": 0.1,
        "max_mutations": 0,
        "max_steps": 10000
    },
    "stats": {
        "steps": 1,
        "imported": 1,
        "import_max_step": 1,
        "import_min": 10.661276,
        "import_max": 10.661276,
        "import_mean": 10.661276,
        "import_p50": 10.661276,
        "import_p75": 0.0,
        "import_p90": 10.661276,
        "import_p99": 0.0,
        "import_std_dev": 0.0
    },
    "target": {
        "info": {
            "fuzz_version": 1,
            "fuzz_features": 2,
            "jam_version": {
                "major": 0,
                "minor": 7,
                "patch": 0
            },
            "app_version": {
                "major": 0,
                "minor": 1,
                "patch": 0
            },
            "app_name": "jamzig-target"
        },
        "stats": {
            "steps": 1,
            "imported": 1,
            "import_max_step": 1,
            "import_min": 9.815052,
            "import_max": 9.815052,
            "import_mean": 9.815052,
            "import_p50": 9.815052,
            "import_p75": 0.0,
            "import_p90": 9.815052,
            "import_p99": 0.0,
            "import_std_dev": 0.0
        }
    },
    "state_diff": {
        "roots": {
            "exp": "0xd9c20b45f9819021dc1dec5c6c6e2cfb668b6f5bbaff29943ccf7514af85381a",
            "got": "0x2e9483d87bd45b9a4b8235518e2bc47461b6edf41db441a7b5a3d1e31295a713"
        },
        "keyvals": [
            {
                "key": "0x03000000000000000000000000000000000000000000000000000000000000",
                "diff": {
                    "exp": "0x08bbe24858ee7f8db132f992cfd616288262b7f645162093d8c6a44d7e82060d33581f10ddd774befd80936ba02cd8521c6f16e1478e4a25c4d34421470f8f91c3293feab89a1963ad6aeeddbd652d5291c1978c1779b6aa8fcaa11e1e7c22d74c016e147b34d6eff28bcdedfab38d5611d2c2a44d276df1946d36135cd229c23f270000000000000000000000000000000000000000000000000000000000000000303ebcb93cd8d73305b75d668cf2978e38f4df720bed704f0f43eec29c2392065a117dd584d15a66927d679dcc9cc7e4d5d4e01bd9bd157a54a162223f9adb55133f3b9b7ec263de8fc547cfdfeb8fd45c7c5f9fd30e32f22718d7854f2972d6013701b143bf1e1cabab020165fea49aa79e9632c6f1195c52937210409544f0e700000000000000000000000000000000000000000000000000000000000000005fd68c0d037f8b1fe8d6d547f200f8b79f7d53d57e067cd8f2df57eaf288e79d3d7911474624f7cd755f286622e1bceb2e2cb3f92e4589fd6c7e35ea54054804230ab5e3b34104f6f7d97eb6c5849e31b2ee9aa287f6adb8dfc81c4296bb359d021de1892f47d1d509669b3d99a6ca850aa486c20681fa265eafb5e37f5f97c21f00000000000000000000000000000000000000000000000000000000000000006cc7944234140b0ad81a6048df9c1dd943a3f5b8368de084ffc333deec49739f0000000000000000000000000000000000000000000000000000000000000000faef7eb8a34a07ef8219c7b80c287c900c9dbad658a2a3de385861ad680a3556e053d40b67ce0e062975285c16b9dcc8356cb1a4668acfaa280dd5d13da776474f917f164c4256ef9ddb3f64861993685b121c4f2d68dd4cd0221870b502164d0064772e4060ab7d563713338cc78ce6d69bec175f4e9af83187a646e7cf9850e0a6b3a3f595755cac8153dcb48a1b147e364e4552aaf1dd0d07f9e8e3174319dd6f0e5bd63b9c0caf0d6bdce413ee3ec94bd50e0454e198b58d7dff51f2cc33770091736168fb80cf9c887e068124b3b87067ddf4fba3feae9ff292e50de4bd8e32fc9aef7f64cd6e11a8a60fa3af44f817c33b12b4c623daccd4611710c671ec237c1fc68a8b246bfd46ec3116b4d4398e339144a4b4d253a2ae8b39a864c2854c0204622b93794c4368b85772d464cb2615745671cb96ccad15067c2a54185426ab0000000000000000000000000000000000000000000000000000000000000000bbb63a4562c08101adefd15b4637f2e4c8562ba6ebd939d3137a011ec59ecbce0000000000000000000000000000000000000000000000000000000000000000c014ecbbb84e88881f4920d2a782772fd56e04e9107f79643584c3738ef0d539e58769b32a1beaf1ea27375a44095a0d1fb664ce2dd358e7fcbfb78c26a193448527526f0ea6935c324f8585315e581a0f97d197feeb4bc795173ad89944ee17014435499636299e3eb615bbaaacd09df7517d3cf9a812b22b249b47c17ef292100000000000000000000000000000000000000000000000000000000000000000930b979dbea796208de5729ae3445f7d32aecab2195f15bdb11db19f56f99e2c1c28d7753d0da2a474006b499e96ffb0ee39817ab95a6ac4c4df44e5ce771a2500000000000000000000000000000000000000000000000000000000000000000280a8e3bbc32ee3976ea877934407c807e048baf836f7c9ae322e43c4e508af5400000000000000000000000000000000000000000000000000000000000000009223d36cc0e069d3fc9889f73192b0e50ef4cbaaa1acba6d355e5ad76bf7998400000000000000000000000000000000000000000000000000000000000000000501000000000000000000000000000000000000000000000000000000000000000000000001e58769b32a1beaf1ea27375a44095a0d1fb664ce2dd358e7fcbfb78c26a19344",
                    "got": "0x08bbe24858ee7f8db132f992cfd616288262b7f645162093d8c6a44d7e82060d33581f10ddd774befd80936ba02cd8521c6f16e1478e4a25c4d34421470f8f91c3293feab89a1963ad6aeeddbd652d5291c1978c1779b6aa8fcaa11e1e7c22d74c016e147b34d6eff28bcdedfab38d5611d2c2a44d276df1946d36135cd229c23f270000000000000000000000000000000000000000000000000000000000000000303ebcb93cd8d73305b75d668cf2978e38f4df720bed704f0f43eec29c2392065a117dd584d15a66927d679dcc9cc7e4d5d4e01bd9bd157a54a162223f9adb55133f3b9b7ec263de8fc547cfdfeb8fd45c7c5f9fd30e32f22718d7854f2972d6013701b143bf1e1cabab020165fea49aa79e9632c6f1195c52937210409544f0e700000000000000000000000000000000000000000000000000000000000000005fd68c0d037f8b1fe8d6d547f200f8b79f7d53d57e067cd8f2df57eaf288e79d3d7911474624f7cd755f286622e1bceb2e2cb3f92e4589fd6c7e35ea54054804230ab5e3b34104f6f7d97eb6c5849e31b2ee9aa287f6adb8dfc81c4296bb359d021de1892f47d1d509669b3d99a6ca850aa486c20681fa265eafb5e37f5f97c21f00000000000000000000000000000000000000000000000000000000000000006cc7944234140b0ad81a6048df9c1dd943a3f5b8368de084ffc333deec49739f0000000000000000000000000000000000000000000000000000000000000000faef7eb8a34a07ef8219c7b80c287c900c9dbad658a2a3de385861ad680a3556e053d40b67ce0e062975285c16b9dcc8356cb1a4668acfaa280dd5d13da776474f917f164c4256ef9ddb3f64861993685b121c4f2d68dd4cd0221870b502164d0064772e4060ab7d563713338cc78ce6d69bec175f4e9af83187a646e7cf9850e0a6b3a3f595755cac8153dcb48a1b147e364e4552aaf1dd0d07f9e8e3174319dd6f0e5bd63b9c0caf0d6bdce413ee3ec94bd50e0454e198b58d7dff51f2cc33770091736168fb80cf9c887e068124b3b87067ddf4fba3feae9ff292e50de4bd8e32fc9aef7f64cd6e11a8a60fa3af44f817c33b12b4c623daccd4611710c671ec237c1fc68a8b246bfd46ec3116b4d4398e339144a4b4d253a2ae8b39a864c2854c0204622b93794c4368b85772d464cb2615745671cb96ccad15067c2a54185426ab0000000000000000000000000000000000000000000000000000000000000000bbb63a4562c08101adefd15b4637f2e4c8562ba6ebd939d3137a011ec59ecbce0000000000000000000000000000000000000000000000000000000000000000c014ecbbb84e88881f4920d2a782772fd56e04e9107f79643584c3738ef0d539e58769b32a1beaf1ea27375a44095a0d1fb664ce2dd358e7fcbfb78c26a193448527526f0ea6935c324f8585315e581a0f97d197feeb4bc795173ad89944ee17014435499636299e3eb615bbaaacd09df7517d3cf9a812b22b249b47c17ef292100000000000000000000000000000000000000000000000000000000000000000930b979dbea796208de5729ae3445f7d32aecab2195f15bdb11db19f56f99e2c86d50e6f478347cb39dde1223e59e91300ceab9b6ee0efd1a0336622d2acc82000000000000000000000000000000000000000000000000000000000000000000280a8e3bbc32ee3976ea877934407c807e048baf836f7c9ae322e43c4e508af5400000000000000000000000000000000000000000000000000000000000000009223d36cc0e069d3fc9889f73192b0e50ef4cbaaa1acba6d355e5ad76bf79984000000000000000000000000000000000000000000000000000000000000000005019963fbfee508a71b6b9fe9c353827c409c13251ae20e6bf32ca6577811614f9500000001e58769b32a1beaf1ea27375a44095a0d1fb664ce2dd358e7fcbfb78c26a19344"
                }
            },
            {
                "key": "0x0d000000000000000000000000000000000000000000000000000000000000",