{
    "config": {
        "seed": "42",
        "max_steps": 4294967295,
        "safrole": false,
        "profile": {
            "full": null
        },
        "fuzzy_profile": {
            "full": null
        },
        "max_work_items": 3,
        "mutation_ratio": 0.0,
        "max_mutations": 0
    },
    "stats": {
        "steps": 1,
        "imported": 1,
        "import_max_step": 1,
        "import_min": 8.851080000000001,
        "import_max": 8.851080000000001,
        "import_mean": 8.851080000000001,
        "import_p50": 8.851080000000001,
        "import_p75": 0.0,
        "import_p90": 8.851080000000001,
        "import_p99": 0.0,
        "import_std_dev": 0.0
    },
    "target": {
        "info": {
            "fuzz_version": 1,
            "fuzz_features": 2,
            "jam_version": {
                "major": 0,
                "minor": 7,
                "patch": 1
            },
            "app_version": {
                "major": 0,
                "minor": 0,
                "patch": 15
            },
            "app_name": "spacejam"
        },
        "stats": {
            "steps": 1,
            "imported": 1,
            "import_max_step": 1,
            "import_min": 21.078336,
            "import_max": 21.078336,
            "import_mean": 21.078336,
            "import_p50": 21.078336,
            "import_p75": 0.0,
            "import_p90": 21.078336,
            "import_p99": 0.0,
            "import_std_dev": 0.0
        }
    },
    "diff": {
        "state": {
            "roots": {
                "exp": "0xcc235332e97dd1052ffc21036d6984b9815e728917fd308c6fc91002c38d02b1",
                "got": "0x0b87bbb494c746587bb5e13acfa5fa1a875e71e64fe201a2a3abec0d750e8280"
            },
            "keyvals": [
                {
                    "key": "0x0d000000000000000000000000000000000000000000000000000000000000",
                    "diff": {
                        "exp": "0x00000000000000000000000000000000040000000500000001000000000000000000000000000000030000000500000001000000000000000000000000000000040000000500000000000000000000000000000000000000030000000400000002000000000000000000000000000000040000000500000001000000000000000000000000000000030000000400000002000000000000000000000000000000050000000a00000003000000000000000000000000000000030000000b00000002000000000000000000000000000000050000000b00000000000000000000000000000000000000030000000a00000001000000000000000000000000000000050000000c000000040000000000000001000000303902000300000008000000ae9e0500000000ad6ac06e42824005000000008250a29108000000000000019b260000000003c0028afbacc200000001a7480000000000009caec6020000018bf70000000001c005e70b47f945000000000000000001c047f5efcc69a0000000000000000001c1701d19cd69a00000018b63000000000000f7709fb1000000000000000001c2ec33f30804c90000018b370000000002c0fd69",
                        "got": "0x00000000000000000000000000000000040000000500000001000000000000000000000000000000030000000500000001000000000000000000000000000000040000000500000000000000000000000000000000000000030000000400000002000000000000000000000000000000040000000500000001000000000000000000000000000000030000000400000002000000000000000000000000000000050000000a00000003000000000000000000000000000000030000000b00000002000000000000000000000000000000050000000b00000000000000000000000000000000000000030000000a00000001000000000000000000000000000000050000000c000000040000000000000001000000303902000300000008000000ae9e0500000000ad6ac06e42824005000000008250a29108000000000000019b260000000003c06789fbacc200000001a7480000000000009caec6020000018bf70000000001c005e70b47f945000000000000000001c015f5efcc69a0000000000000000001c1271c19cd69a00000018b63000000000000f7709fb1000000000000000001c2ec33f30804c90000018b370000000002c03741"
                    }
                },
                {
                    "key": "0xefd7cc4569b7a0fec13e507a95e86ec03add50794acc76edd9370aca5ecbf2",
                    "diff": {
                        "exp": "0xe0341fdffcce8bc1",
                        "got": "0xaa47b09a6086cf14"
                    }
                },
                {
                    "key": "0xff000000000000000000000000000000000000000000000000000000000000",
                    "diff": {
                        "exp": "0x0042edd9f5175ab48b5796bc576f4cb894c519b7c9acd67b0e4e71068584afbcb63d85d4ffffffffff0a000000000000000a000000000000008420020000000000ffffffffffffffff11000000000000007c00000000000000",
                        "got": "0x0042edd9f5175ab48b5796bc576f4cb894c519b7c9acd67b0e4e71068584afbcb6ce51dbffffffffff0a000000000000000a000000000000008420020000000000ffffffffffffffff11000000000000007c00000000000000"
                    }
                }
            ]
        }
    }
}