{
    "config": {
        "seed": "42",
        "max_steps": 4294967295,
        "safrole": false,
        "profile": {
            "full": null
        },
        "fuzzy_profile": {
            "full": null
        },
        "max_work_items": 3,
        "mutation_ratio": 0.0,
        "max_mutations": 0
    },
    "stats": {
        "steps": 1,
        "imported": 1,
        "import_max_step": 1,
        "import_min": 9.195969,
        "import_max": 9.195969,
        "import_mean": 9.195969,
        "import_p50": 9.195969,
        "import_p75": 0.0,
        "import_p90": 9.195969,
        "import_p99": 0.0,
        "import_std_dev": 0.0
    },
    "target": {
        "info": {
            "fuzz_version": 1,
            "fuzz_features": 2,
            "jam_version": {
                "major": 0,
                "minor": 7,
                "patch": 1
            },
            "app_version": {
                "major": 0,
                "minor": 0,
                "patch": 14
            },
            "app_name": "spacejam"
        },
        "stats": {
            "steps": 1,
            "imported": 1,
            "import_max_step": 1,
            "import_min": 17.137202000000002,
            "import_max": 17.137202000000002,
            "import_mean": 17.137202000000002,
            "import_p50": 17.137202000000002,
            "import_p75": 0.0,
            "import_p90": 17.137202000000002,
            "import_p99": 0.0,
            "import_std_dev": 0.0
        }
    },
    "diff": {
        "state": {
            "roots": {
                "exp": "0x88bb32e63e25eeeb7d9b7deb961b0f7fbd14e0e9c44ddc6d1572769c31ca886e",
                "got": "0x7eb984b57948c727ff4baa5ce8a16bc94476465e09b6880543ccffeb7674550a"
            },
            "keyvals": [
                {
                    "key": "0x00450019006a0051135ef0225518c5ddc999419ffbf52cf2d4213d55af782e",
                    "diff": {
                        "exp": "0x01000000",
                        "got": "0x"
                    }
                },
                {
                    "key": "0x00f00078008e0099cd2569e9ccf2045b86062b3e1b16723b5cd83807dab284",
                    "diff": {
                        "exp": "0x000000005d7b000000000000726566696c6c0000000000000000000000000000000000000000000000000000000000000000000000000000000000000000000000000000000000000000000000000000000000000000000000000000000000000000000000000000000000000000000000000000000000000000000000000000000000000000000000000000",
                        "got": "0x"
                    }
                },
                {
                    "key": "0x0d000000000000000000000000000000000000000000000000000000000000",
                    "diff": {
                        "exp": "0x01000000000000000000000000000000010000000300000000000000000000000000000000000000020000000200000000000000000000000000000000000000020000000300000002000000000000000000000000000000010000000200000000000000000000000000000000000000010000000200000001000000000000000000000000000000020000000200000000000000000000000000000000000000000000000000000000000000000000000000000000000000000000000000000000000000000000000000000000000000000000000000000000000000000000000000000000000000000000000000000000000000000000000000000000000000000000000000000000000000000000000000000000000000000000000000000082b8050000000000008a480600000000923fc3d3d50100000000000003c3d3d50000000006c45ced",
                        "got": "0x01000000000000000000000000000000010000000300000000000000000000000000000000000000020000000200000000000000000000000000000000000000020000000300000002000000000000000000000000000000010000000200000000000000000000000000000000000000010000000200000001000000000000000000000000000000020000000200000000000000000000000000000000000000000000000000000000000000000000000000000000000000000000000000000000000000000000000000000000000000000000000000000000000000000000000000000000000000000000000000000000000000000000000000000000000000000000000000000000000000000000000000000000000000000000000000000082b8050000000000008a480600000000923fc3d3d50100000000000003c3d3d50000000006c421c7"
                    }
                },
                {
                    "key": "0xff000000000000000000000000000000000000000000000000000000000000",
                    "diff": {
                        "exp": "0x00f45d36b7af68cdd48be8b7793cff734678e8fcad41902f07fbb4383707775687ffffffffffffffff0a000000000000000a00000000000000b31f020000000000ffffffffffffffff16000000000000000400000000000000",
                        "got": "0x00f45d36b7af68cdd48be8b7793cff734678e8fcad41902f07fbb4383707775687ffffffffffffffff0a000000000000000a00000000000000c81e020000000000ffffffffffffffff14000000000000000400000000000000"
                    }
                }
            ]
        }
    }
}