{
    "config": {
        "seed": "42",
        "profile": {
            "Empty": null
        },
        "safrole": false,
        "max_work_items": 1,
        "max_service_keys": 10,
        "mutation_ratio": 0.1,
        "max_mutations": 0,
        "max_steps": 10000
    },
    "stats": {
        "steps": 1,
        "imported": 1,
        "import_max_step": 1,
        "import_min": 9.196807,
        "import_max": 9.196807,
        "import_mean": 9.196807,
        "import_p50": 9.196807,
        "import_p75": 0.0,
        "import_p90": 9.196807,
        "import_p99": 0.0,
        "import_std_dev": 0.0
    },
    "target": {
        "info": {
            "name": "boka-fuzzing-target",
            "app_version": {
                "major": 0,
                "minor": 1,
                "patch": 0
            },
            "jam_version": {
                "major": 0,
                "minor": 7,
                "patch": 0
            }
        },
        "stats": {
            "steps": 1,
            "imported": 1,
            "import_max_step": 1,
            "import_min": 84.287604,
            "import_max": 84.287604,
            "import_mean": 84.287604,
            "import_p50": 84.287604,
            "import_p75": 0.0,
            "import_p90": 84.287604,
            "import_p99": 0.0,
            "import_std_dev": 0.0
        }
    },
    "diff": {
        "roots": {
            "exp": "0xba56efe6d720b82c9057751576de22a6114d67e207ea18a7fb12a7115377fe97",
            "got": "0xf781fcd555d9d21022534e3305964868c6af7504dc21f62747b30ebde9c7c4bf"
        },
        "keyvals": [
            {
                "key": "0xff000000000000000000000000000000000000000000000000000000000000",
                "diff": {
                    "exp": "0x2f46b4ee8c502d0b9e66c78823b4959e22c101d9a3d1b82554b1912cc11f6eb5f91cfcffffffffff0a000000000000000a00000000000000d077020000000000ffffffffffffffff05000000000000000400000000000000",
                    "got": "0x2f46b4ee8c502d0b9e66c78823b4959e22c101d9a3d1b82554b1912cc11f6eb5f91cfcffffffffff0a000000000000000a00000000000000fd77020000000000ffffffffffffffff06000000000000000400000000000000"
                }
            }
        ]
    }
}
