{
    "config": {
        "seed": "42",
        "max_steps": 4294967295,
        "safrole": false,
        "profile": {
            "full": null
        },
        "fuzzy_profile": {
            "full": null
        },
        "max_work_items": 3,
        "mutation_ratio": 0.0,
        "max_mutations": 0
    },
    "stats": {
        "steps": 1,
        "imported": 1,
        "import_max_step": 1,
        "import_min": 16.555674,
        "import_max": 16.555674,
        "import_mean": 16.555674,
        "import_p50": 16.555674,
        "import_p75": 0.0,
        "import_p90": 16.555674,
        "import_p99": 0.0,
        "import_std_dev": 0.0
    },
    "target": {
        "info": {
            "fuzz_version": 1,
            "fuzz_features": 2,
            "jam_version": {
                "major": 0,
                "minor": 7,
                "patch": 2
            },
            "app_version": {
                "major": 0,
                "minor": 2,
                "patch": 6
            },
            "app_name": "Jamixir"
        },
        "stats": {
            "steps": 1,
            "imported": 1,
            "import_max_step": 1,
            "import_min": 360.569183,
            "import_max": 360.569183,
            "import_mean": 360.569183,
            "import_p50": 360.569183,
            "import_p75": 0.0,
            "import_p90": 360.569183,
            "import_p99": 0.0,
            "import_std_dev": 0.0
        }
    },
    "error": {
        "state_diff": {
            "roots": {
                "exp": "0xec58a78592843d4a573c2609a8a42156a64e01c9870838864df0499962d7034a",
                "got": "0x1421a1ced63932b2dec775e5a38135d7c7e041452b6ec9668c0c023afe31ccb9"
            },
            "keyvals": [
                {
                    "key": "0x0d000000000000000000000000000000000000000000000000000000000000",
                    "diff": {
                        "exp": "0x00000000000000000000000000000000030000000500000002000000000000000000000000000000020000000500000001000000000000000000000000000000020000000400000001000000000000000000000000000000030000000500000001000000000000000000000000000000030000000500000000000000000000000000000000000000020000000500000001000000000000000000000000000000060000000900000000000000000000000000000000000000040000000900000002000000000000000000000000000000040000000900000001000000000000000000000000000000040000000900000003000000000000000200000070390200060000000700000005000000000000000000000000000000060000000b00000091b105000580c500831d967e8ca0060012854500897196d60900000000000000000000000002c0f4d2b762a816000000000000000001c12102ae81bf36000000000000000001c023463b266538000000000000000002c19e266526653800000296aa000c83140002c0707cc56b83510000018b2900012e000000d6ecc47a000000000000000001c0a44815c3fb93000000000000000002c1fc4b0be6f4aa0000018b81000a82c80001b18b",
                        "got": "0x00000000000000000000000000000000030000000500000002000000000000000000000000000000020000000500000001000000000000000000000000000000020000000400000001000000000000000000000000000000030000000500000001000000000000000000000000000000030000000500000000000000000000000000000000000000020000000500000001000000000000000000000000000000060000000900000000000000000000000000000000000000040000000900000002000000000000000000000000000000040000000900000001000000000000000000000000000000040000000900000003000000000000000200000070390200060000000700000005000000000000000000000000000000060000000b00000091b105000580c500831d967e8ca0060012854500897196d60900000000000000000000000002c0f4d2b762a816000000000000000001c12102ae81bf36000000000000000001c023463b266538000000000000000002c19e266526653800000296aa000c83140002c0707cc56b83510000018b2900012e000000d6ecc47a000000000000000001c0a44815c3fb93000000000000000002c1f94b0be6f4aa0000018b81000a82c80001b18b"
                    }
                },
                {
                    "key": "0x15d7c345fbb793fec13e507a95e86ec03add50794acc76edd9370aca5ecbf2",
                    "diff": {
                        "exp": "0x76450967022d2b5c",
                        "got": "0xe285d23a0befa300"
                    }
                },
                {
                    "key": "0xff1600a500ad00a40000000000000000000000000000000000000000000000",
                    "diff": {
                        "exp": "0x000000000000000000000000000000000000000000000000000000000000000000c380050000000000000000000000000000000000000000008e39020000000000000000000000000002000000a21e00001b1f000000000000",
                        "got": "0x"
                    }
                }
            ]
        }
    }
}