{
    "config": {
        "seed": "42",
        "profile": {
            "empty": null
        },
        "safrole": false,
        "max_work_items": 1,
        "max_service_keys": 10,
        "mutation_ratio": 0.1,
        "max_mutations": 0,
        "max_steps": 10000
    },
    "stats": {
        "steps": 1,
        "imported": 1,
        "import_max_step": 1,
        "import_min": 8.287839,
        "import_max": 8.287839,
        "import_mean": 8.287839,
        "import_p50": 8.287839,
        "import_p75": 0.0,
        "import_p90": 8.287839,
        "import_p99": 0.0,
        "import_std_dev": 0.0
    },
    "target": {
        "info": {
            "fuzz_version": 1,
            "fuzz_features": 2,
            "jam_version": {
                "major": 0,
                "minor": 7,
                "patch": 0
            },
            "app_version": {
                "major": 0,
                "minor": 1,
                "patch": 0
            },
            "app_name": "jamzig-target"
        },
        "stats": {
            "steps": 1,
            "imported": 1,
            "import_max_step": 1,
            "import_min": 5.600825,
            "import_max": 5.600825,
            "import_mean": 5.600825,
            "import_p50": 5.600825,
            "import_p75": 0.0,
            "import_p90": 5.600825,
            "import_p99": 0.0,
            "import_std_dev": 0.0
        }
    },
    "state_diff": {
        "roots": {
            "exp": "0x5a21564ce7f7da1dcf4b8a0d8b860af96d6605f617fe6d398771465b58415017",
            "got": "0x3e5a382a8d363970439e22b0696bc1649b892709c18bb324dbf2bc57a117c1f6"
        },
        "keyvals": [
            {
                "key": "0x0d000000000000000000000000000000000000000000000000000000000000",
                "diff": {
                    "exp": "0x01000000000000000000000000000000010000000300000001000000000000000000000000000000010000000300000001000000000000000000000000000000010000000300000000000000000000000000000000000000000000000300000000000000000000000000000000000000000000000300000000000000000000000000000000000000000000000200000002000000000000000100000034660100060000000a00000000000000000000000000000000000000060000000a0000000100000000000000000000000000000006000000080000000400000000000000010000003466010005000000080000000200000000000000000000000000000005000000090000000200000000000000030000009c320400050000000a0000008103050000000000000000000000000000016f315556000000000000000001c02864019da6",
                    "got": "0x01000000000000000000000000000000010000000300000001000000000000000000000000000000010000000300000001000000000000000000000000000000010000000300000000000000000000000000000000000000000000000300000000000000000000000000000000000000000000000300000000000000000000000000000000000000000000000200000002000000000000000100000034660100060000000a00000000000000000000000000000000000000060000000a0000000100000000000000000000000000000006000000080000000400000000000000010000003466010005000000080000000200000000000000000000000000000005000000090000000200000000000000030000009c320400050000000a0000008103050000000000000000000000000000016f315556000000000000000001c02864019d2d"
                }
            }
        ]
    },
    "import_diff": null
}
