{
    "config": {
        "seed": "42",
        "profile": {
            "fuzzy": null
        },
        "safrole": false,
        "max_work_items": 1,
        "max_service_keys": 10,
        "mutation_ratio": 0.1,
        "max_mutations": 0,
        "max_steps": 10000
    },
    "stats": {
        "steps": 1,
        "imported": 1,
        "import_max_step": 1,
        "import_min": 8.587233999999999,
        "import_max": 8.587233999999999,
        "import_mean": 8.587233999999999,
        "import_p50": 8.587233999999999,
        "import_p75": 0.0,
        "import_p90": 8.587233999999999,
        "import_p99": 0.0,
        "import_std_dev": 0.0
    },
    "target": {
        "info": {
            "fuzz_version": 1,
            "fuzz_features": 2,
            "jam_version": {
                "major": 0,
                "minor": 7,
                "patch": 1
            },
            "app_version": {
                "major": 0,
                "minor": 7,
                "patch": 1
            },
            "app_name": "jampy"
        },
        "stats": {
            "steps": 1,
            "imported": 1,
            "import_max_step": 1,
            "import_min": 56.971000000000004,
            "import_max": 56.971000000000004,
            "import_mean": 56.971000000000004,
            "import_p50": 56.971000000000004,
            "import_p75": 0.0,
            "import_p90": 56.971000000000004,
            "import_p99": 0.0,
            "import_std_dev": 0.0
        }
    },
    "state_diff": {
        "roots": {
            "exp": "0x0a6e3cd6e0847d5c203556b35de97ee3e5f0aeb23b510a1688b8e85103e0e08e",
            "got": "0x2645e9009ad0b177c494836e88fab7b85649ea1460f2fa1542ca4823b38eb98a"
        },
        "keyvals": [
            {
                "key": "0x0d000000000000000000000000000000000000000000000000000000000000",
                "diff": {
                    "exp": "0x000000000000000000000000000000000400000006000000010000000000000000000000000000000400000007000000010000000000000000000000000000000200000006000000000000000000000000000000000000000400000007000000010000000000000001000000795f0200020000000600000004000000000000000000000000000000020000000600000002000000000000000000000000000000020000000900000000000000000000000000000000000000020000000900000001000000000000000000000000000000050000000a0000000400000000000000000000000000000005000000080000000200000000000000000000000000000005000000090000000200000000000000000000000000000002000000090000000003000000000000817b060000000081379b5202000000000000019b520000000001c09deef3d2ceda0000000000000000009c91",
                    "got": "0x000000000000000000000000000000000400000006000000010000000000000000000000000000000400000007000000010000000000000000000000000000000200000006000000000000000000000000000000000000000400000007000000010000000000000001000000795f0200020000000600000004000000000000000000000000000000020000000600000002000000000000000000000000000000020000000900000000000000000000000000000000000000020000000900000001000000000000000000000000000000050000000a0000000400000000000000000000000000000005000000080000000200000000000000000000000000000005000000090000000200000000000000000000000000000002000000090000000003000000000000817b060000000081379b5201000000000000019b520000000001c09dee"
                }
            }
        ]
    },
    "import_diff": null
}
