{
  "info": {
    "fuzz_version": 1,
    "fuzz_features": 2,
    "jam_version": {
      "major": 0,
      "minor": 7,
      "patch": 0
    },
    "app_version": {
      "major": 1,
      "minor": 0,
      "patch": 0
    },
    "app_name": "tessera-target"
  },
  "stats": {
    "steps": 100,
    "imported": 100,
    "import_max_step": 17,
    "import_min": 15.520216999999999,
    "import_max": 1226.9057779999998,
    "import_mean": 340.1557127699999,
    "import_p50": 219.457,
    "import_p75": 559.958,
    "import_p90": 795.107,
    "import_p99": 1116.106,
    "import_std_dev": 326.3806287493534
  }
}
