{
    "config": {
        "seed": "1767827127_3321",
        "max_steps": 2000000,
        "safrole": false,
        "profile": {
            "fuzzy": null
        },
        "fuzzy_profile": {
            "rand": null
        },
        "max_work_items": 5,
        "mutation_ratio": 0.1,
        "max_mutations": 5
    },
    "stats": {
        "steps": 27117,
        "imported": 8884,
        "import_max_step": 25564,
        "import_min": 1.275807,
        "import_max": 1726.963695,
        "import_mean": 10.723541888788864,
        "import_p50": 4.668,
        "import_p75": 6.909,
        "import_p90": 10.989,
        "import_p99": 125.157,
        "import_std_dev": 46.537613091172545
    },
    "target": {
        "info": {
            "fuzz_version": 1,
            "fuzz_features": 2,
            "jam_version": {
                "major": 0,
                "minor": 7,
                "patch": 2
            },
            "app_version": {
                "major": 0,
                "minor": 3,
                "patch": 22
            },
            "app_name": "JavaJAM"
        },
        "stats": {
            "steps": 27117,
            "imported": 8884,
            "import_max_step": 5201,
            "import_min": 1.523173,
            "import_max": 183.506692,
            "import_mean": 9.832261419180554,
            "import_p50": 6.765,
            "import_p75": 11.35,
            "import_p90": 18.088,
            "import_p99": 59.619,
            "import_std_dev": 12.095529210707463
        }
    },
    "error": {
        "state_diff": {
            "roots": {
                "exp": "0xec58a78592843d4a573c2609a8a42156a64e01c9870838864df0499962d7034a",
                "got": "0x725f8557c453e5b47cb01df6664d21a0a39f4be1942773073ef1c73041c8c3c7"
            },
            "keyvals": [
                {
                    "key": "0xff1600a500ad00a40000000000000000000000000000000000000000000000",
                    "diff": {
                        "exp": "0x000000000000000000000000000000000000000000000000000000000000000000c380050000000000000000000000000000000000000000008e39020000000000000000000000000002000000a21e00001b1f000000000000",
                        "got": "0x"
                    }
                }
            ]
        }
    }
}