{
    "config": {
        "seed": "42",
        "profile": {
            "Empty": null
        },
        "safrole": false,
        "max_work_items": 1,
        "max_service_keys": 10,
        "mutation_ratio": 0.1,
        "max_mutations": 0,
        "max_steps": 10000
    },
    "stats": {
        "steps": 1,
        "imported": 1,
        "import_max_step": 1,
        "import_min": 2.291426,
        "import_max": 2.291426,
        "import_mean": 2.291426,
        "import_p50": 2.291426,
        "import_p75": 0.0,
        "import_p90": 2.291426,
        "import_p99": 0.0,
        "import_std_dev": 0.0
    },
    "target": {
        "info": {
            "name": "vinwolf-target",
            "app_version": {
                "major": 0,
                "minor": 2,
                "patch": 9
            },
            "jam_version": {
                "major": 0,
                "minor": 7,
                "patch": 0
            }
        },
        "stats": {
            "steps": 4,
            "imported": 4,
            "import_max_step": 4,
            "import_min": 1.30912,
            "import_max": 6.590078,
            "import_mean": 2.749525,
            "import_p50": 1.451,
            "import_p75": 1.451,
            "import_p90": 1.646,
            "import_p99": 1.646,
            "import_std_dev": 2.5641097578642507
        }
    },
    "diff": {
        "roots": {
            "exp": "0xca4826a36fc582624c4848c09a34f197eba2978010d99c354fdaf84f81c75434",
            "got": "0x08a476a2275b593799140654893cdd65f906ccab8ad78fdbbefd75495e92d44b"
        },
        "keyvals": [
            {
                "key": "0x0d000000000000000000000000000000000000000000000000000000000000",
                "diff": {
                    "exp": "0x01000000000000000000000000000000000000000400000000000000000000000000000000000000020000000600000002000000000000000000000000000000020000000600000001000000000000000000000000000000000000000500000000000000000000000000000000000000020000000600000002000000000000000000000000000000000000000500000001000000000000000000000000000000040000000c00000003000000000000000000000000000000070000000c00000001000000000000000000000000000000070000000b00000002000000000000000000000000000000040000000b00000003000000000000000000000000000000070000000900000002000000000000000000000000000000040000000b00000080ed06000000000000000000000000000001e25290cc000000000000000001000000",
                    "got": "0x01000000000000000000000000000000000000000400000000000000000000000000000000000000020000000600000002000000000000000000000000000000020000000600000001000000000000000000000000000000000000000500000000000000000000000000000000000000020000000600000002000000000000000000000000000000000000000500000001000000000000000000000000000000040000000c00000003000000000000000000000000000000070000000c00000001000000000000000000000000000000070000000b00000002000000000000000000000000000000040000000b00000003000000000000000000000000000000070000000900000002000000000000000000000000000000040000000b00000080ed06000000000000000000000000000000"
                }
            },
            {
                "key": "0xffe20052009000cc0000000000000000000000000000000000000000000000",
                "diff": {
                    "exp": "0x0000000000000000000000000000000000000000000000000000000000000000dff101000000000000000000000000000000000000000000c23f010000000000000000000000000004000000040000009800000000000000",
                    "got": "0x0000000000000000000000000000000000000000000000000000000000000000dff101000000000000000000000000000000000000000000c23f010000000000000000000000000004000000040000009400000000000000"
                }
            }
        ]
    }
}
