{
  "info": {
    "name": "FastRoll",
    "app_version": {
      "major": 0,
      "minor": 1,
      "patch": 2
    },
    "jam_version": {
      "major": 0,
      "minor": 7,
      "patch": 0
    }
  },
  "stats": {
    "steps": 100,
    "imported": 100,
    "import_max_step": 12,
    "import_min": 3.8182020000000003,
    "import_max": 54.02425,
    "import_mean": 7.914108049999999,
    "import_p50": 4.0,
    "import_p75": 4.202,
    "import_p90": 4.942,
    "import_p99": 51.316,
    "import_std_dev": 12.989999780943469
  }
}
