{
  "info": {
    "name": "FastRoll",
    "app_version": {
      "major": 0,
      "minor": 1,
      "patch": 0
    },
    "jam_version": {
      "major": 0,
      "minor": 7,
      "patch": 0
    }
  },
  "stats": {
    "steps": 100,
    "imported": 100,
    "import_max_step": 96,
    "import_min": 0.0,
    "import_max": 129.47636400000002,
    "import_mean": 31.823475390000016,
    "import_p50": 28.453,
    "import_p75": 48.505,
    "import_p90": 71.965,
    "import_p99": 105.318,
    "import_std_dev": 31.922783003173215
  }
}
