{
  "info": {
    "name": "FastRoll",
    "app_version": {
      "major": 0,
      "minor": 1,
      "patch": 2
    },
    "jam_version": {
      "major": 0,
      "minor": 7,
      "patch": 0
    }
  },
  "stats": {
    "steps": 100,
    "imported": 100,
    "import_max_step": 96,
    "import_min": 3.9076629999999994,
    "import_max": 133.829414,
    "import_mean": 36.63059001,
    "import_p50": 33.208,
    "import_p75": 53.144,
    "import_p90": 75.405,
    "import_p99": 111.736,
    "import_std_dev": 32.23491230490398
  }
}
