{
    "config": {
        "seed": "42",
        "max_steps": 4294967295,
        "safrole": false,
        "profile": {
            "full": null
        },
        "fuzzy_profile": {
            "full": null
        },
        "max_work_items": 3,
        "mutation_ratio": 0.0,
        "max_mutations": 0
    },
    "stats": {
        "steps": 1,
        "imported": 1,
        "import_max_step": 1,
        "import_min": 4.653028,
        "import_max": 4.653028,
        "import_mean": 4.653028,
        "import_p50": 4.653028,
        "import_p75": 0.0,
        "import_p90": 4.653028,
        "import_p99": 0.0,
        "import_std_dev": 0.0
    },
    "target": {
        "info": {
            "fuzz_version": 1,
            "fuzz_features": 2,
            "jam_version": {
                "major": 0,
                "minor": 7,
                "patch": 2
            },
            "app_version": {
                "major": 0,
                "minor": 1,
                "patch": 0
            },
            "app_name": "pbnj-fuzzer-target"
        },
        "stats": {
            "steps": 1,
            "imported": 1,
            "import_max_step": 1,
            "import_min": 1970.191788,
            "import_max": 1970.191788,
            "import_mean": 1970.191788,
            "import_p50": 1970.191788,
            "import_p75": 0.0,
            "import_p90": 1970.191788,
            "import_p99": 0.0,
            "import_std_dev": 0.0
        }
    },
    "error": {
        "state_diff": {
            "roots": {
                "exp": "0x96d861413e23688be1fea7afa672630d533d2fb9a897837e8746ad2735493982",
                "got": "0x11d7f360f30dd2cb493f7b7ce64a5ee5aabbba542660cdcfe1173ceceedd36c7"
            },
            "keyvals": [
                {
                    "key": "0x0d000000000000000000000000000000000000000000000000000000000000",
                    "diff": {
                        "exp": "0x0100000000000000000000000000000001000000020000000100000000000000000000000000000000000000020000000000000000000000000000000000000001000000030000000100000000000000000000000000000001000000030000000000000000000000000000000000000000000000010000000000000000000000000000000000000001000000030000000100000000000000000000000000000006000000090000000200000000000000010000002d000000050000000a00000001000000000000000000000000000000050000000b00000003000000000000000000000000000000050000000c00000001000000000000000000000000000000060000000900000004000000000000000000000000000000060000000c0000000003002789f4009260b83283a505001886f5008d45b90e07502a311600000296b8000f845b00000061640523000000000000000001ac4be67f4a320000018b46000681de000000096f193d000002968c000f8311000000666d6b3e0000018b72000381310000004c177d5d0000018b72000781cc00000007f5ccce000003a1d2001184a2000000",
                        "got": "0x0100000000000000000000000000000001000000020000000100000000000000000000000000000000000000020000000000000000000000000000000000000000000000030000000100000000000000000000000000000001000000030000000000000000000000000000000000000001000000010000000000000000000000000000000000000001000000030000000100000000000000000000000000000006000000090000000200000000000000010000002d000000050000000a00000001000000000000000000000000000000050000000b00000003000000000000000000000000000000050000000c00000001000000000000000000000000000000060000000900000004000000000000000000000000000000060000000c0000000003002789f4009260b83283a505001886f5008d45b90e07502a311600000296b8000f845b00000061640523000000000000000001ac4be67f4a320000018b46000681de000000096f193d000002968c000f8311000000666d6b3e0000018b72000381310000004c177d5d0000018b72000781cc00000007f5ccce000003a1d2001184a2000000"
                    }
                }
            ]
        }
    }
}