{
    "config": {
        "seed": "42",
        "profile": {
            "empty": null
        },
        "safrole": false,
        "max_work_items": 1,
        "max_service_keys": 10,
        "mutation_ratio": 0.1,
        "max_mutations": 0,
        "max_steps": 10000
    },
    "stats": {
        "steps": 1,
        "imported": 1,
        "import_max_step": 1,
        "import_min": 8.78464,
        "import_max": 8.78464,
        "import_mean": 8.78464,
        "import_p50": 8.78464,
        "import_p75": 0.0,
        "import_p90": 8.78464,
        "import_p99": 0.0,
        "import_std_dev": 0.0
    },
    "target": {
        "info": {
            "fuzz_version": 1,
            "fuzz_features": 2,
            "jam_version": {
                "major": 0,
                "minor": 7,
                "patch": 0
            },
            "app_version": {
                "major": 0,
                "minor": 1,
                "patch": 0
            },
            "app_name": "boka-fuzzing-target"
        },
        "stats": {
            "steps": 1,
            "imported": 1,
            "import_max_step": 1,
            "import_min": 27.950377,
            "import_max": 27.950377,
            "import_mean": 27.950377,
            "import_p50": 27.950377,
            "import_p75": 0.0,
            "import_p90": 27.950377,
            "import_p99": 0.0,
            "import_std_dev": 0.0
        }
    },
    "state_diff": {
        "roots": {
            "exp": "0x1bc93b1c6f4d2271d6f243c4e2817581337141692868f362b642338b9bdce3ab",
            "got": "0x32f265405e16a0860ac382f5e0376fb2bf849b5ca5609a381494b9d0d334eedf"
        },
        "keyvals": [
            {
                "key": "0x0d000000000000000000000000000000000000000000000000000000000000",
                "diff": {
                    "exp": "0x00000000000000000000000000000000000000000200000000000000000000000000000000000000000000000200000000000000000000000000000000000000000000000200000002000000000000000000000000000000010000000200000000000000000000000000000000000000010000000200000000000000000000000000000000000000010000000200000002000000000000000000000000000000060000000a00000001000000000000000000000000000000060000000c000000020000000000000003000000cd310400060000000b00000003000000000000000000000000000000040000000c00000003000000000000000000000000000000040000000b000000010000000000000002000000decb0200040000000b0000000003000000000000810f06000000000000024ee9488e000000000000000001c06e640000925bae9400000000000000000000019da6",
                    "got": "0x00000000000000000000000000000000000000000200000000000000000000000000000000000000000000000200000000000000000000000000000000000000000000000200000002000000000000000000000000000000010000000200000000000000000000000000000000000000010000000200000000000000000000000000000000000000010000000200000002000000000000000000000000000000060000000a00000001000000000000000000000000000000060000000c000000020000000000000003000000cd310400060000000b00000003000000000000000000000000000000040000000c00000003000000000000000000000000000000040000000b000000010000000000000002000000decb0200040000000b0000000003000000000000810f06000000000000024ee9488e000000000000000001c0e0650000925bae9400000000000000000000019dd0"
                }
            },
            {
                "key": "0x4ebfe98048c48e15a6de0d53b81f75fb91e9487af71c623599e8ecb38e7204",
                "diff": {
                    "exp": "0x01000000",
                    "got": "0x00000000"
                }
            }
        ]
    },
    "import_diff": null
}
