{
    "config": {
        "seed": "1766479507_5629",
        "max_steps": 1000000,
        "safrole": false,
        "profile": {
            "full": null
        },
        "fuzzy_profile": {
            "rand": null
        },
        "max_work_items": 5,
        "mutation_ratio": 0.1,
        "max_mutations": 5
    },
    "stats": {
        "steps": 66,
        "imported": 21,
        "import_max_step": 58,
        "import_min": 1.35885,
        "import_max": 13.810787,
        "import_mean": 5.29950461904762,
        "import_p50": 5.073,
        "import_p75": 6.977,
        "import_p90": 8.952,
        "import_p99": 13.81,
        "import_std_dev": 3.2620634467752687
    },
    "target": {
        "info": {
            "fuzz_version": 1,
            "fuzz_features": 2,
            "jam_version": {
                "major": 0,
                "minor": 7,
                "patch": 2
            },
            "app_version": {
                "major": 0,
                "minor": 1,
                "patch": 0
            },
            "app_name": "jamzig-target"
        },
        "stats": {
            "steps": 66,
            "imported": 21,
            "import_max_step": 42,
            "import_min": 1.272223,
            "import_max": 88.683819,
            "import_mean": 12.877546333333335,
            "import_p50": 7.451,
            "import_p75": 16.27,
            "import_p90": 24.206,
            "import_p99": 88.683,
            "import_std_dev": 18.95099543133783
        }
    },
    "error": {
        "state_diff": {
            "roots": {
                "exp": "0x60b8b944a953808b8790b60c83979112f387e2a5d3931d7b6b1b9d0109703052",
                "got": "0x0e7c0df58df900486db4ce9b47559857285a89de4cc4f33516757a0a70a0e384"
            },
            "keyvals": [
                {
                    "key": "0x0d000000000000000000000000000000000000000000000000000000000000",
                    "diff": {
                        "exp": "0x040000000000000001000000030000000500000007000000020000000000000000000000000000000300000008000000010000000000000000000000000000000200000007000000010000000000000000000000000000000500000008000000000000000000000000000000000000000400000008000000000000000000000000000000000000000200000008000000020000000000000001000000200000000400000008000000000000000000000000000000000000000400000008000000010000000000000000000000000000000500000005000000040000000000000001000000c900000004000000080000000200000000000000000000000000000005000000080000000200000000000000010000003d390200050000000a00000000030000000000008d7e060000000000000200000000000000000000000002c04a7c3c670921000000000000000003c04ad7",
                        "got": "0x040000000000000001000000030000000500000007000000020000000000000000000000000000000300000008000000010000000000000000000000000000000200000007000000010000000000000000000000000000000500000008000000000000000000000000000000000000000400000008000000000000000000000000000000000000000200000008000000020000000000000001000000200000000400000008000000000000000000000000000000000000000400000008000000010000000000000000000000000000000500000005000000040000000000000001000000c900000004000000080000000200000000000000000000000000000005000000080000000200000000000000010000003d390200050000000a00000000030000000000008d7e060000000000000200000000000000000000000002c04a7c3c670921000000000000000003c040d7"
                    }
                }
            ]
        }
    }
}