{
    "config": {
        "seed": "42",
        "profile": {
            "empty": null
        },
        "safrole": false,
        "max_work_items": 1,
        "max_service_keys": 10,
        "mutation_ratio": 0.1,
        "max_mutations": 0,
        "max_steps": 10000
    },
    "stats": {
        "steps": 1,
        "imported": 1,
        "import_max_step": 1,
        "import_min": 8.758610000000001,
        "import_max": 8.758610000000001,
        "import_mean": 8.758610000000001,
        "import_p50": 8.758610000000001,
        "import_p75": 0.0,
        "import_p90": 8.758610000000001,
        "import_p99": 0.0,
        "import_std_dev": 0.0
    },
    "target": {
        "info": {
            "fuzz_version": 1,
            "fuzz_features": 2,
            "jam_version": {
                "major": 0,
                "minor": 7,
                "patch": 0
            },
            "app_version": {
                "major": 0,
                "minor": 0,
                "patch": 1
            },
            "app_name": "strawberry"
        },
        "stats": {
            "steps": 1,
            "imported": 1,
            "import_max_step": 1,
            "import_min": 49.11096,
            "import_max": 49.11096,
            "import_mean": 49.11096,
            "import_p50": 49.11096,
            "import_p75": 0.0,
            "import_p90": 49.11096,
            "import_p99": 0.0,
            "import_std_dev": 0.0
        }
    },
    "state_diff": {
        "roots": {
            "exp": "0xc12e88d982a11ce2d93aaa4ebfc57c19d5f94cc791c3b7bc688aab3a7af11149",
            "got": "0x4d3e32706ffa1721ce4163710687c910de985e0b41a47d3db85b0e498b0299bc"
        },
        "keyvals": [
            {
                "key": "0x03000000000000000000000000000000000000000000000000000000000000",
                "diff": {
                    "exp": "0x088106ec22ffaf90cae7a56c5b5e0da9124368e79bf104e305e71a2ab3a35a387cec7969f272ad3779088edd8686254859723671cd03b183c3922ad06e38ad77c45e049cc6ad7880dc672b13c90b289395e2af9fad5eeb00ffffff7c251d5768a4018e202f9fb0135dc4a8ea79fe1e5d02ef282aaab993c8358b09b1aa263400e7910000000000000000000000000000000000000000000000000000000000000000d379643028d72ec132426f9e38892ab83e9ea856e78e8dc6c28b021b374dae3b7fba8f63fdcc7e3b1ada2e9ce59dc6f9d838b5024fd6f68d59c84ed7f3facf967171047f71f5b87af7a54a50857ccdaef34a8b732c8989b190209ffc42348d7b012f3749eefffa89cd6159d55c875aed1b426a848c621b9b206dd1ed56f6074cf300000000000000000000000000000000000000000000000000000000000000008c4e7a0e247dba7ef4c380a528e4d4195df7c0a5aecda1e9baa3841dfa629b3b2b91466ecb5a0e019ae91d05d32d76eb89a013f83c6ef678c83a10c1951c8ae23c4dbe3c0ecc83264c4a0c2458925d2c5b67f4112c02394868e1b5725dd8368b011b1b5608d65488c04fe59226cdaeb995b342df06ccf284d9998617f42a962b870000000000000000000000000000000000000000000000000000000000000000f09d2d6d10e88123fb7c93b114c87e37f5746c9f8c438fc36c2bc109b4797c4a1c6d0813db2cde482f04a981465bb7e235e17e1fe873842337c5b1e9b73f6957a0eeb29821d69649c674e054537b988f85d1106b422d946fab504d5237ddd40f0142e62b7b97d863725854a1536c156a16eb5d86293d3fb673e7fa1aabd1d905ff000000000000000000000000000000000000000000000000000000000000000058f4aa468350dafaea6eaceb2e4a3103bad0821aaa24a1267e7d442c9550627987daed90a045549f862b68a3b3020c7076d3b4c15aa2b0f7c3d709deab0d492b13d69f72778b97b7b944e4c66dd51123a691503c3e94c6377a154664aba75fd302216988e2815c29a802693485103189d1840fb01baf169e17b7e5f424730f8ded00000000000000000000000000000000000000000000000000000000000000007ec590a1d112b87179574b95d94605a5fe97bc1cd942a4c3a18dfe1a380fcd4a00000000000000000000000000000000000000000000000000000000000000009318d7a4f5c8aa61fdb6abf686af172cec30723ba40f7353c25c919fbda28be68970741a7372b0fe456eb21574c5ee917cb0f10046658c415bd417529b50ff9c7d09d4abbe496aea19e00df296bb9acfbeeccd43161b87d7643bef0bef487b0f0134e67fa08fff73e3b8d2803a07c0d9f60fd584ff45d6d72bc7461815f2932f780000000000000000000000000000000000000000000000000000000000000000261aa8237ff6440c84434c82b9e11be596f9947e6ac5bc960b2ec85d3d88cf0d03a129229aec8a847cd11ec24edd2d7469bd3e357dc14768e3d86dcad90643324dbb5a393c70ca56eb7aa7798bc0ca7d88e99bfef38f0fea42cd9e28add867800122044a47f38ba352c84c53f3445d78c66e72bf8f57c2584901a00ee585e51dc7000000000000000000000000000000000000000000000000000000000000000039eb622000e74ebf1baac7606e214f7fe9aee7cbc3e84ad44d0bdbdf7a0fefd2c79ba98f1e33e7d013fa0ef15b8c6813381a289cdbba008d2c50b42ded32fa6b0000000000000000000000000000000000000000000000000000000000000000014ddab4fede7c4d650e810473cf2cd9e3f67d4ddba5607e7d735d68995a912fa200000000000000000000000000000000000000000000000000000000000000000801ae310afc5c871f782da95fffe2b1f22b275f8fcf59fdd397c8b910cf2776f88e0001067a90d979360973f4d81ff3a8ead9c62ba46c975bb4e4903ecbc557c097f5d60151087448ea2925da8ad1a87aa658ea00b382bd532a57a2ef20aeb0494a80f4330001d883e348dd59e2e84176631c6e86d2c3e120f9f4ed3de21d408ff4d1b0bce5c8013e77ca2b94a1f5cd1f06d8d993736ef3c566640d0fd4977ad486fcc38689f16c01ccd81924041f77c585cf5b3892f0d9240410ec105509610ef4e99e9ea524c0e7",