{
    "config": {
        "seed": "42",
        "profile": {
            "empty": null
        },
        "safrole": false,
        "max_work_items": 1,
        "max_service_keys": 10,
        "mutation_ratio": 0.1,
        "max_mutations": 0,
        "max_steps": 10000
    },
    "stats": {
        "steps": 1,
        "imported": 1,
        "import_max_step": 1,
        "import_min": 8.743571000000001,
        "import_max": 8.743571000000001,
        "import_mean": 8.743571000000001,
        "import_p50": 8.743571000000001,
        "import_p75": 0.0,
        "import_p90": 8.743571000000001,
        "import_p99": 0.0,
        "import_std_dev": 0.0
    },
    "target": {
        "info": {
            "fuzz_version": 1,
            "fuzz_features": 2,
            "jam_version": {
                "major": 0,
                "minor": 7,
                "patch": 0
            },
            "app_version": {
                "major": 0,
                "minor": 1,
                "patch": 0
            },
            "app_name": "boka-fuzzing-target"
        },
        "stats": {
            "steps": 1,
            "imported": 1,
            "import_max_step": 1,
            "import_min": 24.20075,
            "import_max": 24.20075,
            "import_mean": 24.20075,
            "import_p50": 24.20075,
            "import_p75": 0.0,
            "import_p90": 24.20075,
            "import_p99": 0.0,
            "import_std_dev": 0.0
        }
    },
    "state_diff": {
        "roots": {
            "exp": "0x805077cb9aed3b02e556c9757980147e586e44297dceddead7190065b5d6def8",
            "got": "0x6127585a7bc51b07fc22ab882c2d6971c8f754a7afa26837276a1843685ee3d2"
        },
        "keyvals": [
            {
                "key": "0x0d000000000000000000000000000000000000000000000000000000000000",
                "diff": {
                    "exp": "0x02000000000000000000000000000000000000000500000000000000000000000000000000000000020000000400000000000000000000000000000000000000000000000500000002000000000000000100000034660100000000000300000001000000000000000000000000000000020000000500000000000000000000000000000000000000020000000400000002000000000000000100000034660100050000000a0000000000000000000000000000000000000005000000090000000100000000000000000000000000000005000000090000000400000000000000030000009c320400050000000900000002000000000000000000000000000000050000000a00000002000000000000000000000000000000050000000a0000008167060000000081a8b87400000000000000000300000000000001b8740000000000000000c1ea3536000000000000000001c05e6500008d484fa500000000000000000000019d89",
                    "got": "0x02000000000000000000000000000000000000000500000000000000000000000000000000000000020000000400000000000000000000000000000000000000000000000500000002000000000000000100000034660100000000000300000001000000000000000000000000000000020000000500000000000000000000000000000000000000020000000400000002000000000000000100000034660100050000000a0000000000000000000000000000000000000005000000090000000100000000000000000000000000000005000000090000000400000000000000030000009c320400050000000900000002000000000000000000000000000000050000000a00000002000000000000000000000000000000050000000a0000008167060000000081a8b87400000000000000000300000000000001b8740000000000000000c1ea3536000000000000000001c0d06600008d484fa500000000000000000000019dbe"
                }
            },
            {
                "key": "0xc1bfea8035c43615a6de0d53b81f75fb91e9487af71c623599e8ecb38e7204",
                "diff": {
                    "exp": "0x01000000",
                    "got": "0x00000000"
                }
            }
        ]
    },
    "import_diff": null
}
