{
    "config": {
        "seed": "42",
        "profile": {
            "empty": null
        },
        "safrole": false,
        "max_work_items": 1,
        "max_service_keys": 10,
        "mutation_ratio": 0.1,
        "max_mutations": 0,
        "max_steps": 10000
    },
    "stats": {
        "steps": 1,
        "imported": 1,
        "import_max_step": 1,
        "import_min": 9.49083,
        "import_max": 9.49083,
        "import_mean": 9.49083,
        "import_p50": 9.49083,
        "import_p75": 0.0,
        "import_p90": 9.49083,
        "import_p99": 0.0,
        "import_std_dev": 0.0
    },
    "target": {
        "info": {
            "fuzz_version": 1,
            "fuzz_features": 2,
            "jam_version": {
                "major": 0,
                "minor": 7,
                "patch": 0
            },
            "app_version": {
                "major": 0,
                "minor": 0,
                "patch": 1
            },
            "app_name": "strawberry"
        },
        "stats": {
            "steps": 1,
            "imported": 1,
            "import_max_step": 1,
            "import_min": 29.070401999999998,
            "import_max": 29.070401999999998,
            "import_mean": 29.070401999999998,
            "import_p50": 29.070401999999998,
            "import_p75": 0.0,
            "import_p90": 29.070401999999998,
            "import_p99": 0.0,
            "import_std_dev": 0.0
        }
    },
    "state_diff": {
        "roots": {
            "exp": "0x84b35458a3d7a7827c640c8190337c78de3d6675a8a3b886ee3c79feb75648ee",
            "got": "0x5cc043fa9c475f7ae4c68ae94867cf79720664246bac0c2c98cc88c51ba6fcb5"
        },
        "keyvals": [
            {
                "key": "0x0d000000000000000000000000000000000000000000000000000000000000",
                "diff": {
                    "exp": "0x00000000000000000000000000000000000000000200000000000000000000000000000000000000000000000200000000000000000000000000000000000000000000000200000002000000000000000000000000000000010000000200000000000000000000000000000000000000010000000200000000000000000000000000000000000000010000000200000002000000000000000000000000000000060000000a00000001000000000000000000000000000000060000000c000000020000000000000003000000cd310400060000000b00000003000000000000000000000000000000040000000c00000003000000000000000000000000000000040000000b000000010000000000000002000000decb0200040000000b0000000003000000000000810f0600000000000002783bbe6500000000000000000000019da64ee9488e000000000000000001c06e640000",
                    "got": "0x00000000000000000000000000000000000000000200000000000000000000000000000000000000000000000200000000000000000000000000000000000000000000000200000002000000000000000000000000000000010000000200000000000000000000000000000000000000010000000200000000000000000000000000000000000000010000000200000002000000000000000000000000000000060000000a00000001000000000000000000000000000000060000000c000000020000000000000003000000cd310400060000000b00000003000000000000000000000000000000040000000c00000003000000000000000000000000000000040000000b000000010000000000000002000000decb0200040000000b0000000003000000000000810f06000000000000024ee9488e000000000000000001c06e640000622ae7be00000000000000000000019da6"
                }
            },
            {
                "key": "0x62662ae3e74cbe2422b3b7984e6961c6789c2c7242d8374714705c9161d2a7",
                "diff": {
                    "exp": "0x",
                    "got": "0x4ee9488e1bec000000000000676966742c20613d2c20623d72656164206f6620203c3d207065656b706f6b65646174612028307802000000000000000000000000000000020000000000000000000000000000000000000000000000200000e00000000002000000000000000000000000000000000008000000000000000000000000000100000000000000"
                }
            },
            {
                "key": "0x78663be3be4c652422b3b7984e6961c6789c2c7242d8374714705c9161d2a7",
                "diff": {
                    "exp": "0x4ee9488ed68b000000000000676966742c20613d2c20623d72656164206f6620203c3d207065656b706f6b65646174612028307802000000000000000000000000000000020000000000000000000000000000000000000000000000200000e00000000002000000000000000000000000000000000008000000000000000000000000000100000000000000",
                    "got": "0x"
                }
            },
            {
                "key": "0xff4e00e90048008e0000000000000000000000000000000000000000000000",
                "diff": {
                    "exp": "0x5e619be5ca9078d2718bf57c7c4d8f8297eb897592390a4922b342e77707b0f91ccd010000000000102700000000000010270000000000000967010000000000000000000000000006000000080000001900000000000000",
                    "got": "0x5e619be5ca9078d2718bf57c7c4d8f8297eb897592390a4922b342e77707b0f9f258020000000000102700000000000010270000000000000967010000000000000000000000000006000000080000001900000000000000"
                }
            },
            {
                "key": "0xff62002a00e700be0000000000000000000000000000000000000000000000",
                "diff": {
                    "exp": "0x5e619be5ca9078d2718bf57c7c4d8f8297eb897592390a4922b342e77707b0f91c8f010000000000102700000000000010270000000000006866010000000000000000000000000003000000050000000d00000000000000",
                    "got": "0x5e619be5ca9078d2718bf57c7c4d8f8297eb897592390a4922b342e77707b0f9377b020000000000102700000000000010270000000000001867010000000000000000000000000004000000050000000d00000000000000"
                }
            },
            {
                "key": "0xff78003b00be00650000000000000000000000000000000000000000000000",
                "diff": {
                    "exp": "0x5e619be5ca9078d2718bf57c7c4d8f8297eb897592390a4922b342e77707b0f9a9a202000000000010270000000000001027000000000000f066010000000000000000000000000003000000110000000000000000000000",
                    "got": "0x5e619be5ca9078d2718bf57c7c4d8f8297eb897592390a4922b342e77707b0f9d316020000000000102700000000000010270000000000004066010000000000000000000000000002000000110000000000000000000000"
                }
            }
        ]
    },
    "import_diff": null
}
