{
    "config": {
        "seed": "42",
        "profile": {
            "empty": null
        },
        "safrole": false,
        "max_work_items": 1,
        "max_service_keys": 10,
        "mutation_ratio": 0.1,
        "max_mutations": 0,
        "max_steps": 10000
    },
    "stats": {
        "steps": 1,
        "imported": 1,
        "import_max_step": 1,
        "import_min": 9.668898,
        "import_max": 9.668898,
        "import_mean": 9.668898,
        "import_p50": 9.668898,
        "import_p75": 0.0,
        "import_p90": 9.668898,
        "import_p99": 0.0,
        "import_std_dev": 0.0
    },
    "target": {
        "info": {
            "fuzz_version": 1,
            "fuzz_features": 2,
            "jam_version": {
                "major": 0,
                "minor": 7,
                "patch": 0
            },
            "app_version": {
                "major": 0,
                "minor": 1,
                "patch": 0
            },
            "app_name": "jamzig-target"
        },
        "stats": {
            "steps": 1,
            "imported": 1,
            "import_max_step": 1,
            "import_min": 5.390434,
            "import_max": 5.390434,
            "import_mean": 5.390434,
            "import_p50": 5.390434,
            "import_p75": 0.0,
            "import_p90": 5.390434,
            "import_p99": 0.0,
            "import_std_dev": 0.0
        }
    },
    "state_diff": {
        "roots": {
            "exp": "0x1e03b4c5479892d00888ec22c2575d29073d241a194d7559536a69f1bab751eb",
            "got": "0x5c3c400f312aee0c0b34fdc7bc2759df3b524510193c31c32cdc6b498c2a6a07"
        },
        "keyvals": [
            {
                "key": "0x03000000000000000000000000000000000000000000000000000000000000",
                "diff": {
                    "exp": "0x085411bc7e9bc52aa66570a6732cd790cb847906ed1ae31344285e70edccb94b377f84ed660acc6e922e2d10671162c3fd3f54c303567a80634d59123bb8b413cc71872b38e6e659d18a20a902a00ff3127df26ccc2284c6be831b8b24fcd1fc0c0107b361ba4ccffec5cab9eee0c9eed49e919697f0fb6fdf2b9f4a05f804b1515a0000000000000000000000000000000000000000000000000000000000000000a70caf9ccb7f47fcfe57557d9c8f7f78b245510c2815f9ab5958615e858046b990199e12c350a0ba51a19c02655fb837d6db0da7c6e626d6c393392300f2e0bcd30585962fc4054a75b2feea2952e1ed38c63f1378d72dd5f0891f20279cfbc401a0a4478f19998419da7577954659f112e13b8ddcaed2d67d6d55c6e0b038ff20000000000000000000000000000000000000000000000000000000000000000044f4f0971d4a64ec3b62ca02bd7e3aadce2d438e8599825d9669481cc9f598a583a004a81063d7092bde4bfeedc92871a71f74fbe41a23c2377fc93749bfa6acb26413fed7a6d14175ac359eb851c35efb663546de196ff476e6378b5a336c8a017e46dc6cc40f9f094c5aadc5b8a321165035696118ee4329fe26035cc0f3bad60000000000000000000000000000000000000000000000000000000000000000d53e8de75ec0cb632765b2abbf76bb12d604e4089c3407ebdc690f2ac0dfd086c65e14bc915b2272ffd817b962443994064e6e195bbf831a68560079272d8a8fe0944c603c6be92d1a5d9bbac8b73d1f96ec341a06250e4ff9e90f9c7623e56401edac2054350b2b868055e66015cf7ed537a2067fb2b2fdb13b01d4bc73b7d8bd0000000000000000000000000000000000000000000000000000000000000000029305c156bc0d20d08f315f49b493dff22514fec9ea85e021d59cd1a72e08626bd7d738283ea16f73bd21adec23aac3cba252ec915ff38fa309c1ecddb2073594105ffade9b3fe27d3b7ac841d1e5cdb7298661f0287227b9bbd615772c643f01483c58cf9a4dc58886275a64375201d0a4d1173b4fe884713a9b32bf7296b02700000000000000000000000000000000000000000000000000000000000000000949f298ef653ea472c2027f7ca4bae3fd03724f31a2f6bba2fd91a8c0af75e5e819edb40ab299ea446d89b1d851631de6eb444496e1e36b3a8f7d19de2ef1f9b23514aaf02f447fa7759bcbaddf5486bfc31331eeb40431f5bb5c80021feece02ae222b12ac4a9193c31c466d7467b5ef6c52f52f9d10811081c21f6562cb33070000000000000000000000000000000000000000000000000000000000000000e054c6a93300603fb3bc9a5ef8e76eb6ad7eb8345163284b64927ba0569c7ce6000000000000000000000000000000000000000000000000000000000000000081b2b02ec8bfcb9fbf1c47ac4105e74266e047db80aff31f03ba86ef05057d11c414b49af4715b16cf59e5aca9b8b4ecd5e524ae00ecaa0cb840286e40ed49885c898400f719d80146acea18d6ae997d7f9a16b649236cd5f751d6747eeea5000004320257c3b7a984dc00c0d69fecf94c6637b9cfe05d1be130621ab7ed12d2f8ad8b51fc53852eb87ca858b231110f8b541a38e3e07b0f1c2dbb333bb549dd8b00000000000000000000000000000000000000000000000000000000000000000285d1b8035bf01f8a798975904ea527ba04318997ccf71d72150bf6951936defb0000000000000000000000000000000000000000000000000000000000000000a536b7f8f63f6261d8ee305daed8ddfcd598fd2693df16c43885acd01e2b2a3b000000000000000000000000000000000000000000000000000000000000000009010000000000000000000000000000000000000000000000000000000000000000000001e973cef5603929ac3a5fc89439e9f4eec5ee53e5107228c0117205ff16ef5876000170950cc76915014f75f2ac19da732e0462f9639403ce8393b69d4d0d14b181340000011331c639005887afb68f4e47a909f3119e29d299f27a4a65f77b85eae95edfe1",
                    "got": "0x08bdd40ec4f3c9c035e0e28f9581af69543110eb5f9acaf12880fd3687e0e37aa266550e43a512054afe948ad9717703e4ea490c9ea7a1cd012995eb05aa93bba32b74ffb92273bbaa38ea3e197cf8b74dc6536fd9f87f2227b646df39c81e5e35005411bc7e9bc52aa66570a6732cd790cb847906ed1ae31344285e70edccb94b377f84ed660acc6e922e2d10671162c3fd3f54c303567a80634d59123bb8b413cc71872b38e6e659d18a20a902a00ff3127df26ccc2284c6be831b8b24fcd1fc0c0107b361ba4ccffec5cab9eee0c9eed49e919697f0fb6fdf2b9f4a05f804b1515a0000000000000000000000000000000000000000000000000000000000000000a70caf9ccb7f47fcfe57557d9c8f7f78b245510c2815f9ab5958615e858046b990199e12c350a0ba51a19c02655fb837d6db0da7c6e626d6c393392300f2e0bcd30585962fc4054a75b2feea2952e1ed38c63f1378d72dd5f0891f20279cfbc401a0a4478f19998419da7577954659f112e13b8ddcaed2d67d6d55c6e0b038ff20000000000000000000000000000000000000000000000000000000000000000044f4f0971d4a64ec3b62ca02bd7e3aadce2d438e8599825d9669481cc9f598a583a004a81063d7092bde4bfeedc92871a71f74fbe41a23c2377fc93749bfa6acb26413fed7a6d14175ac359eb851c35efb663546de196ff476e6378b5a336c8a017e46dc6cc40f9f094c5aadc5b8a321165035696118ee4329fe26035cc0f3bad60000000000000000000000000000000000000000000000000000000000000000d53e8de75ec0cb632765b2abbf76bb12d604e4089c3407ebdc690f2ac0dfd086c65e14bc915b2272ffd817b962443994064e6e195bbf831a68560079272d8a8fe0944c603c6be92d1a5d9bbac8b73d1f96ec341a06250e4ff9e90f9c7623e56401edac2054350b2b868055e66015cf7ed537a2067fb2b2fdb13b01d4bc73b7d8bd0000000000000000000000000000000000000000000000000000000000000000029305c156bc0d20d08f315f49b493dff22514fec9ea85e021d59cd1a72e08626bd7d738283ea16f73bd21adec23aac3cba252ec915ff38fa309c1ecddb2073594105ffade9b3fe27d3b7ac841d1e5cdb7298661f0287227b9bbd615772c643f01483c58cf9a4dc58886275a64375201d0a4d1173b4fe884713a9b32bf7296b02700000000000000000000000000000000000000000000000000000000000000000949f298ef653ea472c2027f7ca4bae3fd03724f31a2f6bba2fd91a8c0af75e5e819edb40ab299ea446d89b1d851631de6eb444496e1e36b3a8f7d19de2ef1f9b23514aaf02f447fa7759bcbaddf5486bfc31331eeb40431f5bb5c80021feece02ae222b12ac4a9193c31c466d7467b5ef6c52f52f9d10811081c21f6562cb33070000000000000000000000000000000000000000000000000000000000000000e054c6a93300603fb3bc9a5ef8e76eb6ad7eb8345163284b64927ba0569c7ce6000000000000000000000000000000000000000000000000000000000000000081b2b02ec8bfcb9fbf1c47ac4105e74266e047db80aff31f03ba86ef05057d11c414b49af4715b16cf59e5aca9b8b4ecd5e524ae00ecaa0cb840286e40ed49880000000000000000000000000000000000000000000000000000000000000000000900000001e973cef5603929ac3a5fc89439e9f4eec5ee53e5107228c0117205ff16ef5876000170950cc76915014f75f2ac19da732e0462f9639403ce8393b69d4d0d14b181340000011331c639005887afb68f4e47a909f3119e29d299f27a4a65f77b85eae95edfe1"
                }
            },
            {
                "key": "0x06000000000000000000000000000000000000000000000000000000000000",
                "diff": {
                    "exp": "0x556267bfb4026ae4af94d5b542c3cefd1a3e30acb49e665c6dc2dfce883dfbca605a8782ac048108ffed80ed5e338a271ba5683c92fd04658ee807b68e3c62e775a353a99680cc0397f68c4034b6fe1dd48242d117644669a32551ad44bee09ba22dbc54e059d1354859f99e717ebd08e2b4c2aae90646d7e5d6c15a71bc4821",