{
    "config": {
        "seed": "42",
        "max_steps": 4294967295,
        "safrole": false,
        "profile": {
            "full": null
        },
        "fuzzy_profile": {
            "full": null
        },
        "max_work_items": 3,
        "mutation_ratio": 0.0,
        "max_mutations": 0
    },
    "stats": {
        "steps": 2,
        "imported": 2,
        "import_max_step": 1,
        "import_min": 4.510383,
        "import_max": 5.242005,
        "import_mean": 4.876194,
        "import_p50": 5.242,
        "import_p75": 5.242,
        "import_p90": 5.242,
        "import_p99": 5.242,
        "import_std_dev": 0.5173348774652641
    },
    "target": {
        "info": {
            "fuzz_version": 1,
            "fuzz_features": 2,
            "jam_version": {
                "major": 0,
                "minor": 7,
                "patch": 1
            },
            "app_version": {
                "major": 0,
                "minor": 0,
                "patch": 1
            },
            "app_name": "gossamer-jam"
        },
        "stats": {
            "steps": 2,
            "imported": 2,
            "import_max_step": 2,
            "import_min": 50.70539,
            "import_max": 62.352208,
            "import_mean": 56.528799,
            "import_p50": 62.352,
            "import_p75": 62.352,
            "import_p90": 62.352,
            "import_p99": 62.352,
            "import_std_dev": 8.23554398704554
        }
    },
    "error": {
        "state_diff": {
            "roots": {
                "exp": "0x1403dd5cb3bd3f7b62dd774be4e29c11935a246790846d4f3a864650c7288573",
                "got": "0x7eeca3d1eedb06ff284f8bb2ff4d3e5b9021c468246389f1ec486576fe1c31be"
            },
            "keyvals": [
                {
                    "key": "0x0d000000000000000000000000000000000000000000000000000000000000",
                    "diff": {
                        "exp": "0x00000000000000000000000000000000020000000600000001000000000000000000000000000000030000000400000002000000000000000000000000000000030000000500000001000000000000000000000000000000020000000500000002000000000000000000000000000000010000000400000000000000000000000000000000000000010000000400000002000000000000000000000000000000060000000a00000001000000000000000000000000000000070000000c00000001000000000000000000000000000000070000000b00000001000000000000000000000000000000020000000b00000002000000000000000000000000000000020000000700000005000000000000000000000000000000030000000a00000085b605000881ae00848a9668000000000000000003f69acb23000000000000000001b87ad413964c000000000000000001b785c51485bb0000029668000881ae000000",
                        "got": "0x00000000000000000000000000000000020000000600000001000000000000000000000000000000030000000400000002000000000000000000000000000000030000000500000001000000000000000000000000000000020000000500000002000000000000000000000000000000010000000400000000000000000000000000000000000000010000000400000002000000000000000000000000000000060000000a00000001000000000000000000000000000000070000000c00000001000000000000000000000000000000070000000b00000001000000000000000000000000000000020000000b00000002000000000000000000000000000000020000000700000005000000000000000000000000000000030000000a00000085b605000081ae08848a9668000000000000000003f69acb23000000000000000001b87ad413964c000000000000000001b785c51485bb0000029668000081ae080000"
                    }
                }
            ]
        }
    }
}