{
    "config": {
        "seed": "42",
        "profile": {
            "fuzzy": null
        },
        "safrole": false,
        "max_work_items": 1,
        "max_service_keys": 10,
        "mutation_ratio": 0.1,
        "max_mutations": 0,
        "max_steps": 10000
    },
    "stats": {
        "steps": 1,
        "imported": 1,
        "import_max_step": 1,
        "import_min": 10.511833,
        "import_max": 10.511833,
        "import_mean": 10.511833,
        "import_p50": 10.511833,
        "import_p75": 0.0,
        "import_p90": 10.511833,
        "import_p99": 0.0,
        "import_std_dev": 0.0
    },
    "target": {
        "info": {
            "fuzz_version": 1,
            "fuzz_features": 2,
            "jam_version": {
                "major": 0,
                "minor": 7,
                "patch": 2
            },
            "app_version": {
                "major": 0,
                "minor": 2,
                "patch": 6
            },
            "app_name": "Jamixir"
        },
        "stats": {
            "steps": 1,
            "imported": 1,
            "import_max_step": 1,
            "import_min": 14.132092,
            "import_max": 14.132092,
            "import_mean": 14.132092,
            "import_p50": 14.132092,
            "import_p75": 0.0,
            "import_p90": 14.132092,
            "import_p99": 0.0,
            "import_std_dev": 0.0
        }
    },
    "state_diff": {
        "roots": {
            "exp": "0x88bb32e63e25eeeb7d9b7deb961b0f7fbd14e0e9c44ddc6d1572769c31ca886e",
            "got": "0xf693b398ab7665467321601dde4eb9d05af2ac78ed2d1290fbd63703ac819354"
        },
        "keyvals": [
            {
                "key": "0x00450019006a0051135ef0225518c5ddc999419ffbf52cf2d4213d55af782e",
                "diff": {
                    "exp": "0x01000000",
                    "got": "0x"
                }
            },
            {
                "key": "0x00f00078008e0099cd2569e9ccf2045b86062b3e1b16723b5cd83807dab284",
                "diff": {
                    "exp": "0x000000005d7b000000000000726566696c6c0000000000000000000000000000000000000000000000000000000000000000000000000000000000000000000000000000000000000000000000000000000000000000000000000000000000000000000000000000000000000000000000000000000000000000000000000000000000000000000000000000",
                    "got": "0x"
                }
            },
            {
                "key": "0x0d000000000000000000000000000000000000000000000000000000000000",
                "diff": {
                    "exp": "0x01000000000000000000000000000000010000000300000000000000000000000000000000000000020000000200000000000000000000000000000000000000020000000300000002000000000000000000000000000000010000000200000000000000000000000000000000000000010000000200000001000000000000000000000000000000020000000200000000000000000000000000000000000000000000000000000000000000000000000000000000000000000000000000000000000000000000000000000000000000000000000000000000000000000000000000000000000000000000000000000000000000000000000000000000000000000000000000000000000000000000000000000000000000000000000000000082b8050000000000008a480600000000923fc3d3d50100000000000003c3d3d50000000006c45ced",
                    "got": "0x01000000000000000000000000000000010000000300000000000000000000000000000000000000020000000200000000000000000000000000000000000000020000000300000002000000000000000000000000000000010000000200000000000000000000000000000000000000010000000200000001000000000000000000000000000000020000000200000000000000000000000000000000000000000000000000000000000000000000000000000000000000000000000000000000000000000000000000000000000000000000000000000000000000000000000000000000000000000000000000000000000000000000000000000000000000000000000000000000000000000000000000000000000000000000000000000082b8050000000000008a480600000000923fc3d3d50100000000000003c3d3d50000000006c422c7"
                }
            },
            {
                "key": "0xff000000000000000000000000000000000000000000000000000000000000",
                "diff": {
                    "exp": "0x00f45d36b7af68cdd48be8b7793cff734678e8fcad41902f07fbb4383707775687ffffffffffffffff0a000000000000000a00000000000000b31f020000000000ffffffffffffffff16000000000000000400000000000000",
                    "got": "0x00f45d36b7af68cdd48be8b7793cff734678e8fcad41902f07fbb4383707775687ffffffffffffffff0a000000000000000a00000000000000c81e020000000000ffffffffffffffff14000000000000000400000000000000"
                }
            }
        ]
    },
    "import_diff": null
}
