{
    "config": {
        "seed": "42",
        "profile": {
            "empty": null
        },
        "safrole": false,
        "max_work_items": 1,
        "max_service_keys": 10,
        "mutation_ratio": 0.1,
        "max_mutations": 0,
        "max_steps": 10000
    },
    "stats": {
        "steps": 1,
        "imported": 1,
        "import_max_step": 1,
        "import_min": 8.549097,
        "import_max": 8.549097,
        "import_mean": 8.549097,
        "import_p50": 8.549097,
        "import_p75": 0.0,
        "import_p90": 8.549097,
        "import_p99": 0.0,
        "import_std_dev": 0.0
    },
    "target": {
        "info": {
            "fuzz_version": 1,
            "fuzz_features": 0,
            "jam_version": {
                "major": 0,
                "minor": 7,
                "patch": 0
            },
            "app_version": {
                "major": 0,
                "minor": 0,
                "patch": 1
            },
            "app_name": "gossamer-jam"
        },
        "stats": {
            "steps": 1,
            "imported": 1,
            "import_max_step": 1,
            "import_min": 26.721274,
            "import_max": 26.721274,
            "import_mean": 26.721274,
            "import_p50": 26.721274,
            "import_p75": 0.0,
            "import_p90": 26.721274,
            "import_p99": 0.0,
            "import_std_dev": 0.0
        }
    },
    "state_diff": {
        "roots": {
            "exp": "0x04b9d6c78d31d8fdfa528ea011e314718b1e727c08a173823549b4c9b76965f9",
            "got": "0x2bf172ed36cb2022db0753932deca45682382f672f1a1f113db7064e893d41ee"
        },
        "keyvals": [
            {
                "key": "0x0d000000000000000000000000000000000000000000000000000000000000",
                "diff": {
                    "exp": "0x0100000000000000000000000000000004000000060000000000000000000000000000000000000003000000070000000100000000000000010000003466010003000000070000000200000000000000030000009c3204000400000007000000010000000000000000000000000000000200000007000000020000000000000000000000000000000300000006000000020000000000000000000000000000000300000008000000000000000000000000000000000000000300000006000000010000000000000000000000000000000300000008000000040000000000000001000000346601000300000006000000020000000000000000000000000000000300000009000000020000000000000000000000000000000300000009000000000400000000000081030600000000810388ea0373f91a5500000188ea0000000000000000c06d7957000000000000000001c0286400009b4560de00000000000000000000019da6",
                    "got": "0x0100000000000000000000000000000004000000060000000000000000000000000000000000000003000000070000000100000000000000010000003466010003000000070000000200000000000000030000009c3204000400000007000000010000000000000000000000000000000200000007000000020000000000000000000000000000000300000006000000020000000000000000000000000000000300000008000000000000000000000000000000000000000300000006000000010000000000000000000000000000000300000008000000040000000000000001000000346601000300000006000000020000000000000000000000000000000300000009000000020000000000000000000000000000000300000009000000000400000000000081030600000000810388ea0273f91a5500000188ea0000000000000000c06d7957000000000000000001e08096980000"
                }
            },
            {
                "key": "0x9b6645e3604cde2422b3b7984e6961c6789c2c7242d8374714705c9161d2a7",
                "diff": {
                    "exp": "0xc06d7957c43a000000000000676966742c20613d2c20623d72656164206f6620203c3d207065656b706f6b65646174612028307802000000000000000000000000000000020000000000000000000000000000000000000000000000200000e00000000002000000000000000000000000000000000008000000000000000000000000000100000000000000",
                    "got": "0x"
                }
            },
            {
                "key": "0xc06a6dae79a357b8c876e335de632eac1b2705f8a5476ffb5c0499d95bd432",
                "diff": {
                    "exp": "0x55b37883bcc283c4",
                    "got": "0x"
                }
            },
            {
                "key": "0xc0bf6d8079c45715a6de0d53b81f75fb91e9487af71c623599e8ecb38e7204",
                "diff": {
                    "exp": "0x01000000",
                    "got": "0x"
                }
            },
            {
                "key": "0xc0f86de979c657d9d891b7f383ca393e9934e324cd5c2fa0a6dade41413612",
                "diff": {
                    "exp": "0x079b4560de73f91a55c06d795700000000c77c6ef6f17c6ef60c358fe0",
                    "got": "0x"
                }
            },
            {
                "key": "0xff9b0045006000de0000000000000000000000000000000000000000000000",
                "diff": {
                    "exp": "0x6c322032f9ffb452de811d2db63f5b654aefeeff6195f50f19c2c8598d0b8ae5fcd10200000000001027000000000000102700000000000035670100000000000000000000000000030000000e0000000000000000000000",
                    "got": "0x6c322032f9ffb452de811d2db63f5b654aefeeff6195f50f19c2c8598d0b8ae538970200000000001027000000000000102700000000000085660100000000000000000000000000020000000e0000000000000000000000"
                }
            },
            {
                "key": "0xffc0006d007900570000000000000000000000000000000000000000000000",
                "diff": {
                    "exp": "0x6c322032f9ffb452de811d2db63f5b654aefeeff6195f50f19c2c8598d0b8ae57c70010000000000102700000000000010270000000000004267010000000000000000000000000006000000080000001200000000000000",
                    "got": "0x6c322032f9ffb452de811d2db63f5b654aefeeff6195f50f19c2c8598d0b8ae540ab01000000000010270000000000001027000000000000ad66010000000000000000000000000003000000080000001200000000000000"
                }
            }
        ]
    },
    "import_diff": null
}
