{
    "config": {
        "seed": "42",
        "profile": {
            "empty": null
        },
        "safrole": false,
        "max_work_items": 1,
        "max_service_keys": 10,
        "mutation_ratio": 0.1,
        "max_mutations": 0,
        "max_steps": 10000
    },
    "stats": {
        "steps": 1,
        "imported": 1,
        "import_max_step": 1,
        "import_min": 7.796919,
        "import_max": 7.796919,
        "import_mean": 7.796919,
        "import_p50": 7.796919,
        "import_p75": 0.0,
        "import_p90": 7.796919,
        "import_p99": 0.0,
        "import_std_dev": 0.0
    },
    "target": {
        "info": {
            "fuzz_version": 1,
            "fuzz_features": 2,
            "jam_version": {
                "major": 0,
                "minor": 7,
                "patch": 0
            },
            "app_version": {
                "major": 0,
                "minor": 0,
                "patch": 1
            },
            "app_name": "strawberry"
        },
        "stats": {
            "steps": 1,
            "imported": 1,
            "import_max_step": 1,
            "import_min": 29.889109,
            "import_max": 29.889109,
            "import_mean": 29.889109,
            "import_p50": 29.889109,
            "import_p75": 0.0,
            "import_p90": 29.889109,
            "import_p99": 0.0,
            "import_std_dev": 0.0
        }
    },
    "state_diff": {
        "roots": {
            "exp": "0x28ff33e8b79818599a32bc1c9da9f80f5d2aed4b4162838c3157b3e4b9f858e6",
            "got": "0x36594715b32c12bf573d3d3025c2d3992017f9b713124a74b45dfaf0a4fc360c"
        },
        "keyvals": [
            {
                "key": "0x03000000000000000000000000000000000000000000000000000000000000",
                "diff": {
                    "exp": "0x0843f8ccf0ea8efe7bd6a981692b1051d30f3ad7b7f388c58b07ba5aa4eba003cb042d692af09aad7b2d6879529a5a914c221b05e08d871a1e5efec2c72e3bd02c49842456c62f6aff506451c8b14deb31423440e66df59bad864a807ba1c46ebe004107b0039630d145ed4d8b7146c66b26e5bd69d5e2b2626607c16b154b5f7e8e046495858dcc2cf8e071aff65d12253c595cab2962e58a959902bd0de102e621fa4f727f1d321bd0d6eceade2dbcffb565c595e3a802d7740687de83bced9ba700306930236e622eccffeed057d22d0e03a5502cd92d0a222e8ad9f0ab42b0050512a31df6201205f6aaae33aeb190ed25a857c1b8a5b224d71f8742841b65b15f20b8c00f2f44fc8b9ffe8a895c036694de546caf5f99c166c7db1030716980a8026f6f8d8e680881c65d694ad8f77e1f59c3fd8b199e9851f4e2a525744e4b6c54000000000000000000000000000000000000000000000000000000000000000076ce098db75337d10da4c350f10d2c46284a4b55eb4ab4e5ff0a8dd4535dd5be0000000000000000000000000000000000000000000000000000000000000000f79e49230a14375ce22660c80f245350860a8ad0478a998c2b41554eea95c11f3dbc43133f3495c63f84923e239ecd31dabac4d5872b42c915c6d6d8a4e0817447b9dc62af362bae023e045f3d25a0d477da6735655da6d5ffa8b14acd8d1ae1006bd64e5103488a3de97be6566aa4b5858e54ff3beec9496fcb0e5c192701494cf59fee3aeafc86f34222f940f3913aceeb3dd27d691ba112a71a3bf9ad06980182e871e510f5705f203aa821091e6fb04ce87ad0d370f4da8d5771f9158fd21601261a535620574c5d61d6a861d21425f91ea221bd0d3e54e213b9854d0ce3e7e10000000000000000000000000000000000000000000000000000000000000000807b8b268022788de69ea2f0389798ffe8b7bbbd6568b8bbf96de438eb6a045be3dc3885c4c73864367a74df0abb667bbf40e9711bcc1c881ded23f37a6b528e9da24002e653ab3ceb2d5fc0b578261330edf9d2529757349588f517ecf3ad8200caa0131a18d5bed7ad5319cfa080aa2fe7c9d1f1b86e5d15a7d429ebf0d8346b9eccdb78684d44633f294e3d96e9a1161a6cd1c69fb4dd115786cb17e346947be1892d5c125d14eac9729afc75b38a782feda1894330e7ba928a28d578646d0e02aa1cf5a85f4ea076b9ae57c0925041eddbd652490c67239d09ac0af816b9f5890000000000000000000000000000000000000000000000000000000000000000e455ba7abfd098041610441fe026f9770fbc8146629753acf4867faab3ba10ac0000000000000000000000000000000000000000000000000000000000000000f804e40ca22dd8b196af5b08ce74a2efa6a7657aef6d20b38dad9c40aff0a441806f889378c0519248598a7f396fda3032bc8cbf90d10b33f93bd19d3b2495b500000000000000000000000000000000000000000000000000000000000000000248e38550a064dd44d1925617864df2b6d6cd9d06161b0b57ba1cb1ad7fb34bf70000000000000000000000000000000000000000000000000000000000000000c7395e2ec5e591489352d6b163c366511df4c5b3eff4c09cbb04cdc0e7d5f916000000000000000000000000000000000000000000000000000000000000000006000000000001806f889378c0519248598a7f396fda3032bc8cbf90d10b33f93bd19d3b2495b5",
                    "got": "0x0843f8ccf0ea8efe7bd6a981692b1051d30f3ad7b7f388c58b07ba5aa4eba003cb042d692af09aad7b2d6879529a5a914c221b05e08d871a1e5efec2c72e3bd02c49842456c62f6aff506451c8b14deb31423440e66df59bad864a807ba1c46ebe004107b0039630d145ed4d8b7146c66b26e5bd69d5e2b2626607c16b154b5f7e8e046495858dcc2cf8e071aff65d12253c595cab2962e58a959902bd0de102e621fa4f727f1d321bd0d6eceade2dbcffb565c595e3a802d7740687de83bced9ba700306930236e622eccffeed057d22d0e03a5502cd92d0a222e8ad9f0ab42b0050512a31df6201205f6aaae33aeb190ed25a857c1b8a5b224d71f8742841b65b15f20b8c00f2f44fc8b9ffe8a895c036694de546caf5f99c166c7db1030716980a8026f6f8d8e680881c65d694ad8f77e1f59c3fd8b199e9851f4e2a525744e4b6c54000000000000000000000000000000000000000000000000000000000000000076ce098db75337d10da4c350f10d2c46284a4b55eb4ab4e5ff0a8dd4535dd5be0000000000000000000000000000000000000000000000000000000000000000f79e49230a14375ce22660c80f245350860a8ad0478a998c2b41554eea95c11f3dbc43133f3495c63f84923e239ecd31dabac4d5872b42c915c6d6d8a4e0817447b9dc62af362bae023e045f3d25a0d477da6735655da6d5ffa8b14acd8d1ae1006bd64e5103488a3de97be6566aa4b5858e54ff3beec9496fcb0e5c192701494cf59fee3aeafc86f34222f940f3913aceeb3dd27d691ba112a71a3bf9ad06980182e871e510f5705f203aa821091e6fb04ce87ad0d370f4da8d5771f9158fd21601261a535620574c5d61d6a861d21425f91ea221bd0d3e54e213b9854d0ce3e7e10000000000000000000000000000000000000000000000000000000000000000807b8b268022788de69ea2f0389798ffe8b7bbbd6568b8bbf96de438eb6a045be3dc3885c4c73864367a74df0abb667bbf40e9711bcc1c881ded23f37a6b528e9da24002e653ab3ceb2d5fc0b578261330edf9d2529757349588f517ecf3ad8200caa0131a18d5bed7ad5319cfa080aa2fe7c9d1f1b86e5d15a7d429ebf0d8346b9eccdb78684d44633f294e3d96e9a1161a6cd1c69fb4dd115786cb17e346947be1892d5c125d14eac9729afc75b38a782feda1894330e7ba928a28d578646d0e02aa1cf5a85f4ea076b9ae57c0925041eddbd652490c67239d09ac0af816b9f5890000000000000000000000000000000000000000000000000000000000000000e455ba7abfd098041610441fe026f9770fbc8146629753acf4867faab3ba10ac0000000000000000000000000000000000000000000000000000000000000000f804e40ca22dd8b196af5b08ce74a2efa6a7657aef6d20b38dad9c40aff0a4416d70b5b8e8eff19c405b4105fbc483fc5c573a8de4a9aa63fec846332e64b8ce00000000000000000000000000000000000000000000000000000000000000000248e38550a064dd44d1925617864df2b6d6cd9d06161b0b57ba1cb1ad7fb34bf70000000000000000000000000000000000000000000000000000000000000000c7395e2ec5e591489352d6b163c366511df4c5b3eff4c09cbb04cdc0e7d5f9160000000000000000000000000000000000000000000000000000000000000000060000000000016d70b5b8e8eff19c405b4105fbc483fc5c573a8de4a9aa63fec846332e64b8ce"
                }
            },
            {
                "key": "0x0446dc324a7412b8b436b9495af385704a623d55b4227df9932b2b69d14729",
                "diff": {
                    "exp": "0x01000000",
                    "got": "0x"
                }
            },
            {
                "key": "0x048edc264a4e128f29a461f8df4e2eb581d5d6416d011dd2ca3793fa4e263b",
                "diff": {
                    "exp": "0x02060563616c6c730a09636f64655f68617368",
                    "got": "0x03060563616c6c730a09636f64655f686173680e0d686f737463616c6c2d696e666f"
                }
            },
            {
                "key": "0x0491dcaf4a3912860258103c3109614a7c93bceb09a2a540d7dd5812de2c50",
                "diff": {
                    "exp": "0x",
                    "got": "0x01000000"
                }
            },
            {
                "key": "0x049adc704a0e12259c585b524dfe81a6988ef4ecee1beda1cc2c7be732edf9",
                "diff": {
                    "exp": "0x",