{
    "config": {
        "seed": "1766244556_4989",
        "max_steps": 1000000,
        "safrole": false,
        "profile": {
            "full": null
        },
        "fuzzy_profile": {
            "rand": null
        },
        "max_work_items": 5,
        "mutation_ratio": 0.1,
        "max_mutations": 10
    },
    "stats": {
        "steps": 11471,
        "imported": 2577,
        "import_max_step": 156,
        "import_min": 1.30995,
        "import_max": 222.75080599999998,
        "import_mean": 6.725421264648818,
        "import_p50": 4.522,
        "import_p75": 6.143,
        "import_p90": 8.023,
        "import_p99": 93.405,
        "import_std_dev": 14.245790870054963
    },
    "target": {
        "info": {
            "fuzz_version": 1,
            "fuzz_features": 2,
            "jam_version": {
                "major": 0,
                "minor": 7,
                "patch": 2
            },
            "app_version": {
                "major": 0,
                "minor": 3,
                "patch": 20
            },
            "app_name": "JavaJAM"
        },
        "stats": {
            "steps": 11471,
            "imported": 2577,
            "import_max_step": 11471,
            "import_min": 1.17535,
            "import_max": 308.679395,
            "import_mean": 8.034360380287152,
            "import_p50": 5.126,
            "import_p75": 8.478,
            "import_p90": 13.621,
            "import_p99": 59.566,
            "import_std_dev": 12.672094340723318
        }
    },
    "error": {
        "state_diff": {
            "roots": {
                "exp": "0x22b5ca736ca115d45d5c2c2462665a215161683dafa105c2960d11d3af9fdea0",
                "got": "0xcf4d99411e3b02376ab4b286889f3098850471c5dc50203da51b920a0cd00898"
            },
            "keyvals": [
                {
                    "key": "0x0d000000000000000000000000000000000000000000000000000000000000",
                    "diff": {
                        "exp": "0x01000000000000000000000000000000030000000600000001000000000000000000000000000000030000000600000001000000000000000000000000000000020000000600000001000000000000000000000000000000030000000600000000000000000000000000000000000000030000000600000002000000000000000100000032000000030000000400000001000000000000000000000000000000040000000a00000003000000000000000000000000000000040000000a00000002000000000000000000000000000000040000000800000002000000000000000000000000000000070000000a00000003000000000000000000000000000000070000000c00000001000000000000000000000000000000070000000c0000008f36050000000000008a93050000000000000500000000000000000000000002c0d688cddc49a7000000000000000001ae64e0da8dd7000000000000000001bd0eccc2ecf7000000000000000001c03f40bbe9a6ff000000000000000003c32feb",
                        "got": "0x01000000000000000000000000000000030000000600000001000000000000000000000000000000030000000600000001000000000000000000000000000000020000000600000001000000000000000000000000000000030000000600000000000000000000000000000000000000030000000600000002000000000000000100000032000000030000000400000001000000000000000000000000000000040000000a00000003000000000000000000000000000000040000000a00000002000000000000000000000000000000040000000800000002000000000000000000000000000000070000000a00000003000000000000000000000000000000070000000c00000001000000000000000000000000000000070000000c0000008f36050000000000008a93050000000000000200000000000000000000000002c0d688e0da8dd7000000000000000001bd0e"
                    }
                },
                {
                    "key": "0xbb29e92ca6d1ff40bc50d602526f4b46e8aca90eb8c77c165b6497cae7625f",
                    "diff": {
                        "exp": "0x18000000",
                        "got": "0x17000000"
                    }
                },
                {
                    "key": "0xbb32e9baa677ff516f4c70f39e29e6ed80c87ccffff23158c286ed04051189",
                    "diff": {
                        "exp": "0xe2070000",
                        "got": "0x"
                    }
                },
                {
                    "key": "0xbb57e948a696ff2b76314ed0d915cfffb3d202fc8922b77cf0792e02b4be20",
                    "diff": {
                        "exp": "0x02a9070000c1070000",
                        "got": "0x01a9070000"
                    }
                },
                {
                    "key": "0xbba1e95aa63fff32f55557219828d21f01e2a7b820ea353ed08374bfbee8f3",
                    "diff": {
                        "exp": "0x02bf070000c1070000",
                        "got": "0x01bf070000"
                    }
                },
                {
                    "key": "0xbbb6e9a1a60effc379158abda524a3bc4fbe19728fce3d4701dbb0f5ec8756",
                    "diff": {
                        "exp": "0x02ad070000c1070000",
                        "got": "0x01ad070000"
                    }
                },
                {
                    "key": "0xbbbbe9c9a62fff759c9dc3c850ce0f5c07e1a4ab6d8e8d662a19ff5df6df66",
                    "diff": {
                        "exp": "0x03ffc9fff915000000",
                        "got": "0x03ffc1fff915000000"
                    }
                },
                {
                    "key": "0xbbd9e9d8a6c7ffa728716601ff41b69f853105e6485a79109d4d3e252fb630",
                    "diff": {
                        "exp": "0x1000000000621d670f54581e19da677e258a1071472be6a749117d918c2c8de1a1cddc49a74db1f7acc80721c2e0da8dd737a742deccc2ecf7bbe9a6ff1c27e7e5",
                        "got": "0x1000000000621d670f54581e19da677e258a1071472be6a749117d918c2c8de1a1cddc49a74db1f7acc80721c2e0da8dd737a742deccc2ecf7bbe9a6ff2192e443"
                    }
                },
                {
                    "key": "0xcc29c22cecd1f740bc50d602526f4b46e8aca90eb8c77c165b6497cae7625f",
                    "diff": {
                        "exp": "0x14000000",
                        "got": "0x13000000"
                    }
                },
                {
                    "key": "0xccd7c245ecb7f7fec13e507a95e86ec03add50794acc76edd9370aca5ecbf2",
                    "diff": {
                        "exp": "0xf0406348766cb07a",
                        "got": "0xfb1ba98258998fc4"
                    }
                },
                {
                    "key": "0xccd9c2d8ecc7f7a728716601ff41b69f853105e6485a79109d4d3e252fb630",
                    "diff": {
                        "exp": "0x1000000000621d670f54581e19da677e258a1071472be6a749117d918c2c8de1a1cddc49a74db1f7acc80721c2e0da8dd737a742deccc2ecf7bbe9a6ff08c7b103",
                        "got": "0x1000000000621d670f54581e19da677e258a1071472be6a749117d918c2c8de1a1cddc49a74db1f7acc80721c2e0da8dd737a742deccc2ecf7bbe9a6ff11f52653"
                    }
                },
                {
                    "key": "0xcd29dc2c49d1a740bc50d602526f4b46e8aca90eb8c77c165b6497cae7625f",
                    "diff": {
                        "exp": "0x15000000",
                        "got": "0x14000000"
                    }
                },
                {
                    "key": "0xcdd7dc4549b7a7fec13e507a95e86ec03add50794acc76edd9370aca5ecbf2",
                    "diff": {
                        "exp": "0x88e6f246ada0dfae",
                        "got": "0x66078987ea0b5850"
                    }
                },
                {
                    "key": "0xcdd9dcd849c7a7a728716601ff41b69f853105e6485a79109d4d3e252fb630",
                    "diff": {
                        "exp": "0x0f00000000621d670f54581e19da677e258a107147117d918c2c8de1a1cddc49a74db1f7acc80721c2e0da8dd737a742deccc2ecf7bbe9a6ff604d8847",
                        "got": "0x1000000000621d670f54581e19da677e258a1071472be6a749117d918c2c8de1a1cddc49a74db1f7acc80721c2e0da8dd737a742deccc2ecf7bbe9a6fff0658354"
                    }
                },
                {
                    "key": "0xffbb00e900a600ff0000000000000000000000000000000000000000000000",