{
    "config": {
        "seed": "18d06146b6d029f4",
        "max_steps": 1000000,
        "safrole": false,
        "profile": {
            "full": null
        },
        "fuzzy_profile": {
            "rand": null
        },
        "max_work_items": 5,
        "mutation_ratio": 0.1,
        "max_mutations": 3
    },
    "stats": {
        "steps": 25,
        "imported": 12,
        "import_max_step": 25,
        "import_min": 1.383361,
        "import_max": 29.114839,
        "import_mean": 6.468710583333333,
        "import_p50": 3.171,
        "import_p75": 8.24,
        "import_p90": 9.719,
        "import_p99": 29.114,
        "import_std_dev": 7.9031212706690015
    },
    "target": {
        "info": {
            "fuzz_version": 1,
            "fuzz_features": 2,
            "jam_version": {
                "major": 0,
                "minor": 7,
                "patch": 2
            },
            "app_version": {
                "major": 0,
                "minor": 3,
                "patch": 6
            },
            "app_name": "vinwolf-target"
        },
        "stats": {
            "steps": 25,
            "imported": 12,
            "import_max_step": 10,
            "import_min": 1.679425,
            "import_max": 27.182495,
            "import_mean": 10.144581500000001,
            "import_p50": 6.011,
            "import_p75": 19.512,
            "import_p90": 25.978,
            "import_p99": 27.182,
            "import_std_dev": 10.33296660504498
        }
    },
    "error": {
        "state_diff": {
            "roots": {
                "exp": "0x30b6b87a26a3dbe98cb4cad862772c4290a81a9646098cb2b02b177d272fcb89",
                "got": "0x0d53b5471428d43343d7f79305bef9fcddd0dd65b5883cec5f2fb40931635887"
            },
            "keyvals": [
                {
                    "key": "0x04000000000000000000000000000000000000000000000000000000000000",
                    "diff": {
                        "exp": "0x0746846d17469fb2f95ef365efcab9f4e22fa1feb53111c995376be8019981ccf30aa5444688b3cab47697b37d5cac5707bb3289e986b19b17db437206931a8d00000000000000000000000000000000000000000000000000000000000000000000000000000000000000000000000000000000000000000000000000000000000000000000000000000000000000000000000000000000000000000000000000000000000000000000000000000000000000000000000000000000000000000000000000000000000000000000000000000000000000000000ffff7f000001439c00000000000000000000000000000000000000000000000000000000000000000000000000000000000000000000000000000000000000000000000000000000000000000000000000000000000000000000000000000000000000000000000000000000000000000000000000009326edb21e5541717fde24ec085000b28709847b8aab1ac51f84e94b37ca1b66cab2b9ff25c2410fbe9b8a717abb298c716a03983c98ceb4def2087500b8e34100000000000000000000000000000000000000000000000000000000000000000000000000000000000000000000000000000000000000000000000000000000000000000000000000000000000000000000000000000000000000000000000000000000000000000000000000000000000000000000000000000000000000000000000000000000000000000000000000000000000000000000ffff7f000001429c0000000000000000000000000000000000000000000000000000000000000000000000000000000000000000000000000000000000000000000000000000000000000000000000000000000000000000000000000000000000000000000000000000000000000000000000000000dee6d555b82024f1ccf8a1e37e60fa60fd40b1958c4bb3006af78647950e1b91ad93247bd01307550ec7acd757ce6fb805fcf73db364063265b30a949e90d93300000000000000000000000000000000000000000000000000000000000000000000000000000000000000000000000000000000000000000000000000000000000000000000000000000000000000000000000000000000000000000000000000000000000000000000000000000000000000000000000000000000000000000000000000000000000000000000000000000000000000000000ffff7f000001419c00000000000000000000000000000000000000000000000000000000000000000000000000000000000000000000000000000000000000000000000000000000000000000000000000000000000000000000000000000000000000000000000000000000000000000000000000002105650944fcd101621fd5bb3124c9fd191d114b7ad936c1d79d734f9f21392eab0084d01534b31c1dd87c81645fd762482a90027754041ca1b56133d0466c0600000000000000000000000000000000000000000000000000000000000000000000000000000000000000000000000000000000000000000000000000000000000000000000000000000000000000000000000000000000000000000000000000000000000000000000000000000000000000000000000000000000000000000000000000000000000000000000000000000000000000000000ffff7f000001459c0000000000000000000000000000000000000000000000000000000000000000000000000000000000000000000000000000000000000000000000000000000000000000000000000000000000000000000000000000000000000000000000000000000000000000000000000000151e5c8fe2b9d8a606966a79edd2f9e5db47e83947ce368ccba53bf6ba20a40b8b8c5d436f92ecf605421e873a99ec528761eb52a88a2f9a057b3b3003e6f32a00000000000000000000000000000000000000000000000000000000000000000000000000000000000000000000000000000000000000000000000000000000000000000000000000000000000000000000000000000000000000000000000000000000000000000000000000000000000000000000000000000000000000000000000000000000000000000000000000000000000000000000ffff7f000001449c0000000000000000000000000000000000000000000000000000000000000000000000000000000000000000000000000000000000000000000000000000000000000000000000000000000000000000000000000000000000000000000000000000000000000000000000000000ff71c6c03ff88adb5ed52c9681de1629a54e702fc14729f6b50d2f0a76f185b34418fb8c85bb3985394a8c2756d3643457ce614546202a2f50b093d762499ace00000000000000000000000000000000000000000000000000000000000000000000000000000000000000000000000000000000000000000000000000000000000000000000000000000000000000000000000000000000000000000000000000000000000000000000000000000000000000000000000000000000000000000000000000000000000000000000000000000000000000000000ffff7f000001409c0000000000000000000000000000000000000000000000000000000000000000000000000000000000000000000000000000000000000000000000000000000000000000000000000000000000000000000000000000000000000000000000000000000000000000000000000000a370ec9dc0ecb807e3522a43ede466d10ff711ee5652c9a2e79fe139496298e17b877dfb58f6bff79d12044f66ce28bba2a9846f6754e5809c4acd6b1f7346510bfcc44da534b533239da9f98fbced9200de185cff8f44aaac708a98467b17bf92e630ae2b14e758ab0960e372172203f4c9a41777dadd529971d7ab9d23ab29fe0e9c85ec450505dde7f5ac038274cf010746846d17469fb2f95ef365efcab9f4e22fa1feb53111c995376be8019981cc0746846d17469fb2f95ef365efcab9f4e22fa1feb53111c995376be8019981cc0746846d17469fb2f95ef365efcab9f4e22fa1feb53111c995376be8019981cc9326edb21e5541717fde24ec085000b28709847b8aab1ac51f84e94b37ca1b66151e5c8fe2b9d8a606966a79edd2f9e5db47e83947ce368ccba53bf6ba20a40b0746846d17469fb2f95ef365efcab9f4e22fa1feb53111c995376be8019981cc151e5c8fe2b9d8a606966a79edd2f9e5db47e83947ce368ccba53bf6ba20a40bdee6d555b82024f1ccf8a1e37e60fa60fd40b1958c4bb3006af78647950e1b91151e5c8fe2b9d8a606966a79edd2f9e5db47e83947ce368ccba53bf6ba20a40b151e5c8fe2b9d8a606966a79edd2f9e5db47e83947ce368ccba53bf6ba20a40b0746846d17469fb2f95ef365efcab9f4e22fa1feb53111c995376be8019981cc2105650944fcd101621fd5bb3124c9fd191d114b7ad936c1d79d734f9f21392e00",