{
    "config": {
        "seed": "42",
        "max_steps": 4294967295,
        "safrole": false,
        "profile": {
            "full": null
        },
        "fuzzy_profile": {
            "full": null
        },
        "max_work_items": 3,
        "mutation_ratio": 0.0,
        "max_mutations": 0
    },
    "stats": {
        "steps": 1,
        "imported": 1,
        "import_max_step": 1,
        "import_min": 10.795186,
        "import_max": 10.795186,
        "import_mean": 10.795186,
        "import_p50": 10.795186,
        "import_p75": 0.0,
        "import_p90": 10.795186,
        "import_p99": 0.0,
        "import_std_dev": 0.0
    },
    "target": {
        "info": {
            "fuzz_version": 1,
            "fuzz_features": 2,
            "jam_version": {
                "major": 0,
                "minor": 7,
                "patch": 2
            },
            "app_version": {
                "major": 0,
                "minor": 1,
                "patch": 2
            },
            "app_name": "jam-scala"
        },
        "stats": {
            "steps": 1,
            "imported": 1,
            "import_max_step": 1,
            "import_min": 869.59327,
            "import_max": 869.59327,
            "import_mean": 869.59327,
            "import_p50": 869.59327,
            "import_p75": 0.0,
            "import_p90": 869.59327,
            "import_p99": 0.0,
            "import_std_dev": 0.0
        }
    },
    "error": {
        "state_diff": {
            "roots": {
                "exp": "0xc97650baf8cace47c6e00d4fec0a7b829883f6fa27eae1ec8030530e9feda6ec",
                "got": "0x89636646c6d28da59827f111d696899f2c6ec5ac3dd315a300635e15cfed4741"
            },
            "keyvals": [
                {
                    "key": "0x0c000000000000000000000000000000000000000000000000000000000000",
                    "diff": {
                        "exp": "0x00000000000000000000000014cd85f80000000000",
                        "got": "0x000000000000000000000000000000000000000000"
                    }
                }
            ]
        }
    }
}