{
    "config": {
        "seed": "42",
        "profile": {
            "empty": null
        },
        "safrole": false,
        "max_work_items": 1,
        "max_service_keys": 10,
        "mutation_ratio": 0.1,
        "max_mutations": 0,
        "max_steps": 10000
    },
    "stats": {
        "steps": 1,
        "imported": 1,
        "import_max_step": 1,
        "import_min": 9.382934,
        "import_max": 9.382934,
        "import_mean": 9.382934,
        "import_p50": 9.382934,
        "import_p75": 0.0,
        "import_p90": 9.382934,
        "import_p99": 0.0,
        "import_std_dev": 0.0
    },
    "target": {
        "info": {
            "fuzz_version": 1,
            "fuzz_features": 2,
            "jam_version": {
                "major": 0,
                "minor": 7,
                "patch": 0
            },
            "app_version": {
                "major": 0,
                "minor": 0,
                "patch": 1
            },
            "app_name": "strawberry"
        },
        "stats": {
            "steps": 1,
            "imported": 1,
            "import_max_step": 1,
            "import_min": 44.452014,
            "import_max": 44.452014,
            "import_mean": 44.452014,
            "import_p50": 44.452014,
            "import_p75": 0.0,
            "import_p90": 44.452014,
            "import_p99": 0.0,
            "import_std_dev": 0.0
        }
    },
    "state_diff": {
        "roots": {
            "exp": "0xd9c20b45f9819021dc1dec5c6c6e2cfb668b6f5bbaff29943ccf7514af85381a",
            "got": "0x7f075209a0ec61209c020b8891e5e870627c178aba3f63cec2e74cd7ad52021a"
        },
        "keyvals": [
            {
                "key": "0x0d000000000000000000000000000000000000000000000000000000000000",
                "diff": {
                    "exp": "0x00000000000000000000000000000000020000000400000000000000000000000000000000000000020000000600000000000000000000000000000000000000040000000400000001000000000000000000000000000000020000000600000003000000000000000100000034660100040000000600000002000000000000000000000000000000040000000500000002000000000000000100000034660100030000000800000000000000000000000000000000000000040000000800000001000000000000000000000000000000040000000900000004000000000000000100000034660100030000000800000002000000000000000000000000000000040000000700000002000000000000000100000034660100030000000900000088c7050000000088c78d8280ff050000000088c78d820255f8b49a0000029b040000000001c0c4570000862da8ef000000000000000001e08096980000",
                    "got": "0x00000000000000000000000000000000020000000400000000000000000000000000000000000000020000000600000000000000000000000000000000000000040000000400000001000000000000000000000000000000020000000600000003000000000000000100000034660100040000000600000002000000000000000000000000000000040000000500000002000000000000000100000034660100030000000800000000000000000000000000000000000000040000000800000001000000000000000000000000000000040000000900000004000000000000000100000034660100030000000800000002000000000000000000000000000000040000000700000002000000000000000100000034660100030000000900000088c7050000000088c78d8280ff050000000088c78d820255f8b49a0000029b040000000001c0c4570000862da8ef000000000000000001b5dc0000"
                }
            },
            {
                "key": "0x5561f899b4d19a2ec0e294707d6f153119421190c29aff04e611f7b5d1b2f4",
                "diff": {
                    "exp": "0x",
                    "got": "0xff71c6c03ff88adb5ed52c9681de1629a54e702fc14729f6b50d2f0a76f185b34418fb8c85bb3985394a8c2756d3643457ce614546202a2f50b093d762499ace00000000000000000000000000000000000000000000000000000000000000000000000000000000000000000000000000000000000000000000000000000000000000000000000000000000000000000000000000000000000000000000000000000000000000000000000000000000000000000000000000000000000000000000000000000000000000000000000000000000000000000000ffff7f000001409c0000000000000000000000000000000000000000000000000000000000000000000000000000000000000000000000000000000000000000000000000000000000000000000000000000000000000000000000000000000000000000000000000000000000000000000000000000dee6d555b82024f1ccf8a1e37e60fa60fd40b1958c4bb3006af78647950e1b91ad93247bd01307550ec7acd757ce6fb805fcf73db364063265b30a949e90d93300000000000000000000000000000000000000000000000000000000000000000000000000000000000000000000000000000000000000000000000000000000000000000000000000000000000000000000000000000000000000000000000000000000000000000000000000000000000000000000000000000000000000000000000000000000000000000000000000000000000000000000ffff7f000001419c00000000000000000000000000000000000000000000000000000000000000000000000000000000000000000000000000000000000000000000000000000000000000000000000000000000000000000000000000000000000000000000000000000000000000000000000000009326edb21e5541717fde24ec085000b28709847b8aab1ac51f84e94b37ca1b66cab2b9ff25c2410fbe9b8a717abb298c716a03983c98ceb4def2087500b8e34100000000000000000000000000000000000000000000000000000000000000000000000000000000000000000000000000000000000000000000000000000000000000000000000000000000000000000000000000000000000000000000000000000000000000000000000000000000000000000000000000000000000000000000000000000000000000000000000000000000000000000000ffff7f000001429c00000000000000000000000000000000000000000000000000000000000000000000000000000000000000000000000000000000000000000000000000000000000000000000000000000000000000000000000000000000000000000000000000000000000000000000000000000746846d17469fb2f95ef365efcab9f4e22fa1feb53111c995376be8019981ccf30aa5444688b3cab47697b37d5cac5707bb3289e986b19b17db437206931a8d00000000000000000000000000000000000000000000000000000000000000000000000000000000000000000000000000000000000000000000000000000000000000000000000000000000000000000000000000000000000000000000000000000000000000000000000000000000000000000000000000000000000000000000000000000000000000000000000000000000000000000000ffff7f000001439c0000000000000000000000000000000000000000000000000000000000000000000000000000000000000000000000000000000000000000000000000000000000000000000000000000000000000000000000000000000000000000000000000000000000000000000000000000151e5c8fe2b9d8a606966a79edd2f9e5db47e83947ce368ccba53bf6ba20a40b8b8c5d436f92ecf605421e873a99ec528761eb52a88a2f9a057b3b3003e6f32a00000000000000000000000000000000000000000000000000000000000000000000000000000000000000000000000000000000000000000000000000000000000000000000000000000000000000000000000000000000000000000000000000000000000000000000000000000000000000000000000000000000000000000000000000000000000000000000000000000000000000000000ffff7f000001449c00000000000000000000000000000000000000000000000000000000000000000000000000000000000000000000000000000000000000000000000000000000000000000000000000000000000000000000000000000000000000000000000000000000000000000000000000002105650944fcd101621fd5bb3124c9fd191d114b7ad936c1d79d734f9f21392eab0084d01534b31c1dd87c81645fd762482a90027754041ca1b56133d0466c0600000000000000000000000000000000000000000000000000000000000000000000000000000000000000000000000000000000000000000000000000000000000000000000000000000000000000000000000000000000000000000000000000000000000000000000000000000000000000000000000000000000000000000000000000000000000000000000000000000000000000000000ffff7f000001459c0000000000000000000000000000000000000000000000000000000000000000000000000000000000000000000000000000000000000000000000000000000000000000000000000000000000000000000000000000000000000000000000000000000000000000000000000000"
                }
            },
            {
                "key": "0x55bff880b4c49a15a6de0d53b81f75fb91e9487af71c623599e8ecb38e7204",
                "diff": {
                    "exp": "0x",
                    "got": "0x01000000"
                }
            },
            {
                "key": "0x863c2dbba89def3652c74a414e4f1aeb654366f776b1a96eef721991335b4d",
                "diff": {
                    "exp": "0x04000000",