{
    "config": {
        "seed": "42",
        "max_steps": 4294967295,
        "safrole": false,
        "profile": {
            "full": null
        },
        "fuzzy_profile": {
            "full": null
        },
        "max_work_items": 3,
        "max_service_keys": 10,
        "mutation_ratio": 0.0,
        "max_mutations": 0
    },
    "stats": {
        "steps": 2,
        "imported": 1,
        "import_max_step": 2,
        "import_min": 8.25157,
        "import_max": 8.25157,
        "import_mean": 8.25157,
        "import_p50": 8.25157,
        "import_p75": 0.0,
        "import_p90": 8.25157,
        "import_p99": 0.0,
        "import_std_dev": 0.0
    },
    "target": {
        "info": {
            "fuzz_version": 1,
            "fuzz_features": 2,
            "jam_version": {
                "major": 0,
                "minor": 7,
                "patch": 1
            },
            "app_version": {
                "major": 0,
                "minor": 0,
                "patch": 14
            },
            "app_name": "spacejam"
        },
        "stats": {
            "steps": 2,
            "imported": 1,
            "import_max_step": 2,
            "import_min": 1.523719,
            "import_max": 1.523719,
            "import_mean": 1.523719,
            "import_p50": 1.523719,
            "import_p75": 0.0,
            "import_p90": 1.523719,
            "import_p99": 0.0,
            "import_std_dev": 0.0
        }
    },
    "diff": {
        "state": {
            "roots": {
                "exp": "0x34423706fc167e1798e49f99eebb702bb791f27802cff97811aa202687025737",
                "got": "0x5758b41239d41865f73014d2240070ec012143660b037a616225a4e609d24803"
            },
            "keyvals": [
                {
                    "key": "0x00450019006a0051135ef0225518c5ddc999419ffbf52cf2d4213d55af782e",
                    "diff": {
                        "exp": "0x01000000",
                        "got": "0x"
                    }
                },
                {
                    "key": "0x00f00078008e0099cd2569e9ccf2045b86062b3e1b16723b5cd83807dab284",
                    "diff": {
                        "exp": "0x000000005d7b000000000000726566696c6c0000000000000000000000000000000000000000000000000000000000000000000000000000000000000000000000000000000000000000000000000000000000000000000000000000000000000000000000000000000000000000000000000000000000000000000000000000000000000000000000000000",
                        "got": "0x"
                    }
                },
                {
                    "key": "0x0d000000000000000000000000000000000000000000000000000000000000",
                    "diff": {
                        "exp": "0x01000000000000000000000000000000000000000100000000000000000000000000000000000000020000000100000000000000000000000000000000000000020000000100000001000000000000000000000000000000000000000100000000000000000000000000000000000000000000000100000000000000000000000000000000000000020000000100000000000000000000000000000000000000000000000000000000000000000000000000000000000000000000000000000000000000000000000000000000000000000000000000000000000000000000000000000000000000000000000000000000000000000000000000000000000000000000000000000000000000000000000000000000000000000000000000000084ba0600000000871bc17b5f00000000000000000100000000000009c17b5f0000000005c21733",
                        "got": "0x01000000000000000000000000000000000000000100000000000000000000000000000000000000020000000100000000000000000000000000000000000000020000000100000001000000000000000000000000000000000000000100000000000000000000000000000000000000000000000100000000000000000000000000000000000000020000000100000000000000000000000000000000000000000000000000000000000000000000000000000000000000000000000000000000000000000000000000000000000000000000000000000000000000000000000000000000000000000000000000000000000000000000000000000000000000000000000000000000000000000000000000000000000000000000000000000084ba0600000000871bc17b5f00000000000000000100000000000009c17b5f0000000005c2dc0c"
                    }
                },
                {
                    "key": "0xff000000000000000000000000000000000000000000000000000000000000",
                    "diff": {
                        "exp": "0x00f45d36b7af68cdd48be8b7793cff734678e8fcad41902f07fbb43837077756873675f1ffffffffff0a000000000000000a000000000000001d1a020000000000ffffffffffffffff08000000000000000200000000000000",
                        "got": "0x00f45d36b7af68cdd48be8b7793cff734678e8fcad41902f07fbb43837077756873675f1ffffffffff0a000000000000000a000000000000003219020000000000ffffffffffffffff06000000000000000200000000000000"
                    }
                }
            ]
        }
    }
}