{
    "config": {
        "seed": "42",
        "max_steps": 4294967295,
        "safrole": false,
        "profile": {
            "full": null
        },
        "fuzzy_profile": {
            "full": null
        },
        "max_work_items": 3,
        "mutation_ratio": 0.0,
        "max_mutations": 0
    },
    "stats": {
        "steps": 2,
        "imported": 1,
        "import_max_step": 2,
        "import_min": 8.505472,
        "import_max": 8.505472,
        "import_mean": 8.505472,
        "import_p50": 8.505472,
        "import_p75": 0.0,
        "import_p90": 8.505472,
        "import_p99": 0.0,
        "import_std_dev": 0.0
    },
    "target": {
        "info": {
            "fuzz_version": 1,
            "fuzz_features": 2,
            "jam_version": {
                "major": 0,
                "minor": 7,
                "patch": 1
            },
            "app_version": {
                "major": 0,
                "minor": 0,
                "patch": 15
            },
            "app_name": "spacejam"
        },
        "stats": {
            "steps": 2,
            "imported": 1,
            "import_max_step": 2,
            "import_min": 1.8358789999999998,
            "import_max": 1.8358789999999998,
            "import_mean": 1.8358789999999998,
            "import_p50": 1.8358789999999998,
            "import_p75": 0.0,
            "import_p90": 1.8358789999999998,
            "import_p99": 0.0,
            "import_std_dev": 0.0
        }
    },
    "diff": {
        "state": {
            "roots": {
                "exp": "0x34423706fc167e1798e49f99eebb702bb791f27802cff97811aa202687025737",
                "got": "0x786c25bf2c07eb78379c07123a02a85772dd7fe3b87866eb5d8c1a0f3bb1cdc2"
            },
            "keyvals": [
                {
                    "key": "0x0d000000000000000000000000000000000000000000000000000000000000",
                    "diff": {
                        "exp": "0x01000000000000000000000000000000000000000100000000000000000000000000000000000000020000000100000000000000000000000000000000000000020000000100000001000000000000000000000000000000000000000100000000000000000000000000000000000000000000000100000000000000000000000000000000000000020000000100000000000000000000000000000000000000000000000000000000000000000000000000000000000000000000000000000000000000000000000000000000000000000000000000000000000000000000000000000000000000000000000000000000000000000000000000000000000000000000000000000000000000000000000000000000000000000000000000000084ba0600000000871bc17b5f00000000000000000100000000000009c17b5f0000000005c21733",
                        "got": "0x01000000000000000000000000000000000000000100000000000000000000000000000000000000020000000100000000000000000000000000000000000000020000000100000001000000000000000000000000000000000000000100000000000000000000000000000000000000000000000100000000000000000000000000000000000000020000000100000000000000000000000000000000000000000000000000000000000000000000000000000000000000000000000000000000000000000000000000000000000000000000000000000000000000000000000000000000000000000000000000000000000000000000000000000000000000000000000000000000000000000000000000000000000000000000000000000084ba0600000000871bc17b5f00000000000000000400000000000009c17b5f0000000005c3150c57d318b40000000000000000000081d318b400000000000000000000abd318b400000000000000000000"
                    }
                },
                {
                    "key": "0xff5700d3001800b40000000000000000000000000000000000000000000000",
                    "diff": {
                        "exp": "0x00b966c7bc5cd787c524a8730eb7c953ef4732811c2e4290e041646123449b74ccf57005000000000010270000000000001027000000000000f95f020000000000000000000000000002000000020000000000000000000000",
                        "got": "0x00b966c7bc5cd787c524a8730eb7c953ef4732811c2e4290e041646123449b74ccf57005000000000010270000000000001027000000000000f95f020000000000000000000000000002000000020000000200000000000000"
                    }
                },
                {
                    "key": "0xff8100d3001800b40000000000000000000000000000000000000000000000",
                    "diff": {
                        "exp": "0x00b966c7bc5cd787c524a8730eb7c953ef4732811c2e4290e041646123449b74ccfdf803000000000010270000000000001027000000000000f95f020000000000000000000000000002000000020000000000000000000000",
                        "got": "0x00b966c7bc5cd787c524a8730eb7c953ef4732811c2e4290e041646123449b74ccfdf803000000000010270000000000001027000000000000f95f020000000000000000000000000002000000020000000200000000000000"
                    }
                },
                {
                    "key": "0xffab00d3001800b40000000000000000000000000000000000000000000000",
                    "diff": {
                        "exp": "0x00b966c7bc5cd787c524a8730eb7c953ef4732811c2e4290e041646123449b74ccd72005000000000010270000000000001027000000000000f95f020000000000000000000000000002000000020000000000000000000000",
                        "got": "0x00b966c7bc5cd787c524a8730eb7c953ef4732811c2e4290e041646123449b74ccd72005000000000010270000000000001027000000000000f95f020000000000000000000000000002000000020000000200000000000000"
                    }
                }
            ]
        }
    }
}