{
    "config": {
        "seed": "42",
        "max_steps": 4294967295,
        "safrole": false,
        "profile": {
            "full": null
        },
        "fuzzy_profile": {
            "full": null
        },
        "max_work_items": 3,
        "mutation_ratio": 0.0,
        "max_mutations": 0
    },
    "stats": {
        "steps": 1,
        "imported": 1,
        "import_max_step": 1,
        "import_min": 17.042848,
        "import_max": 17.042848,
        "import_mean": 17.042848,
        "import_p50": 17.042848,
        "import_p75": 0.0,
        "import_p90": 17.042848,
        "import_p99": 0.0,
        "import_std_dev": 0.0
    },
    "target": {
        "info": {
            "fuzz_version": 1,
            "fuzz_features": 2,
            "jam_version": {
                "major": 0,
                "minor": 7,
                "patch": 2
            },
            "app_version": {
                "major": 0,
                "minor": 1,
                "patch": 0
            },
            "app_name": "jamzig-target"
        },
        "stats": {
            "steps": 1,
            "imported": 1,
            "import_max_step": 1,
            "import_min": 97.604549,
            "import_max": 97.604549,
            "import_mean": 97.604549,
            "import_p50": 97.604549,
            "import_p75": 0.0,
            "import_p90": 97.604549,
            "import_p99": 0.0,
            "import_std_dev": 0.0
        }
    },
    "error": {
        "state_diff": {
            "roots": {
                "exp": "0x69d45690b1782956b993c3379fdc83f19192c1f55941a6db09c7e27297fc9220",
                "got": "0x4883361a6d0f1cb9a0bf800c501c0b083eefcca49dcd2a26b3b38a8ed3da0a0b"
            },
            "keyvals": [
                {
                    "key": "0x03000000000000000000000000000000000000000000000000000000000000",
                    "diff": {
                        "exp": "0x08e583f63a71856b0168f95d13b16b36ceebd9eb83233a236864437056c04e4acde884038e46068eaab1df24317c855e78fe94335d4adb7aa6c62920ce1352eed763654d1dd9d6d9913e67f043dac3956317bcec481645a09546fd5b7708ad19500011f1d199c167a088d9fa96f1eef85dcc428bfaf1c91caeb4129f4a506ca2d95bfee77aea940e38601cb828d2878308e32529f8382cf85f7a29b75f1c826985bc5a537b390ffaeb325e239f0774c2a8f15fecc6d3f43ed43cbab79c3cda98b59c020c20d6754220249fdc18584136e7fdca82548879413dda572f9d1cb47e98baf300000000000000000000000000000000000000000000000000000000000000004f5cd8f7c00033f3c1af5b57ac10f45fbeee3428fc06629a7161f4fc04f5414300000000000000000000000000000000000000000000000000000000000000001c197c18fbb3bde75705655b3a19297b932221e401521f3654f837bd288352782fc9a372a65e2341f5e92ca21944a87986a3ff07b5c5cbabd6f36187ff1436f322ba806f1786e1319ac093c4c740eda7c4fdcfb9314f59d094c96aaf897a0338013d86a1d0f71d1466bdc2600fc0971b74fd03e78d79fae905448dd9afdc6e47e100000000000000000000000000000000000000000000000000000000000000008127841331900eb60ebec1d44ccf45111c89b6534bd14b3bd17ccaa04eb6801421ddb9a356815c3fac1026b6dec5df3124afbadb485c9ba5a3e3398a04b7ba8540db4f9622d2bc0becbd8ae16ccfc58e4b9d5e6db7264884b7b6b575e490101202490730e62873102b15dc79d1ceee74339ed4bfae738e360d373177dbb7f9cd67000000000000000000000000000000000000000000000000000000000000000095e4ce47e7c43991130306236064cb19d486555ea35b02588a712d7faae01582000000000000000000000000000000000000000000000000000000000000000045b57d2e1e46b713065f24f431eabafdf404f50c70c9c30cde5e862ca2c2446f1978bdc2f9989334b4d216e72a14297dd9b06c8feaf1f80cde76cf1057786a2b672ec4a4e939fca3d34523957d072803f5197f34426446226b823dc7c469700001335bd569988ac16f29133a16beebf8669f9a76bd0258882c5e1bbc2d6599701700000000000000000000000000000000000000000000000000000000000000003ae915c6ef8a14c0b8fe074c1924180d1ffca8e58f2a201670238092d3116127581f10ddd774befd80936ba02cd8521c6f16e1478e4a25c4d34421470f8f91c378ecc68f57bb819d4f5b07e2ea035831e499a82414d50d41dd17759c9c0c3a1201e8ca69cffc4f4b3f92807a96e194b7e8c44113268485583430253e70f1787a4e0000000000000000000000000000000000000000000000000000000000000000dca42be638bbdc12f6665019783ab81af03471fc658091ba6d77352a7f7c10b3c2609c8925fac2df54af42cb9a211548b1a0172a0135f6d861a4d3d8331c757efb1891649e3b9c73e04eadf9deaef9ed1726fecc884e01da7b501bf63f9d7d9202d249cd3baa1986b78b3c01c3afc4630ce52f546da124c7474174b79b20bacf1f0000000000000000000000000000000000000000000000000000000000000000e1e0eeda2f92ec8f895071e678883906906b7671f376a624cb2ea50397daff410000000000000000000000000000000000000000000000000000000000000000b56178991acc7e761248fe0c8be7fe55f2943399cb6e501b67f7d2fa9c5a13d5dd84a182225a64aacb7d9e11f8527067fb73f71aefa47c3a246bb84392b53f7d00000000000000000000000000000000000000000000000000000000000000000004000001bce122fa617813b478fa003cea8c0b548c598aaf3288fdbd405f4445dfd7a8410121ddb9a356815c3fac1026b6dec5df3124afbadb485c9ba5a3e3398a04b7ba85",
                        "got": "0x08e583f63a71856b0168f95d13b16b36ceebd9eb83233a236864437056c04e4acde884038e46068eaab1df24317c855e78fe94335d4adb7aa6c62920ce1352eed763654d1dd9d6d9913e67f043dac3956317bcec481645a09546fd5b7708ad19500011f1d199c167a088d9fa96f1eef85dcc428bfaf1c91caeb4129f4a506ca2d95bfee77aea940e38601cb828d2878308e32529f8382cf85f7a29b75f1c826985bc5a537b390ffaeb325e239f0774c2a8f15fecc6d3f43ed43cbab79c3cda98b59c020c20d6754220249fdc18584136e7fdca82548879413dda572f9d1cb47e98baf300000000000000000000000000000000000000000000000000000000000000004f5cd8f7c00033f3c1af5b57ac10f45fbeee3428fc06629a7161f4fc04f5414300000000000000000000000000000000000000000000000000000000000000001c197c18fbb3bde75705655b3a19297b932221e401521f3654f837bd288352782fc9a372a65e2341f5e92ca21944a87986a3ff07b5c5cbabd6f36187ff1436f322ba806f1786e1319ac093c4c740eda7c4fdcfb9314f59d094c96aaf897a0338013d86a1d0f71d1466bdc2600fc0971b74fd03e78d79fae905448dd9afdc6e47e100000000000000000000000000000000000000000000000000000000000000008127841331900eb60ebec1d44ccf45111c89b6534bd14b3bd17ccaa04eb6801421ddb9a356815c3fac1026b6dec5df3124afbadb485c9ba5a3e3398a04b7ba8540db4f9622d2bc0becbd8ae16ccfc58e4b9d5e6db7264884b7b6b575e490101202490730e62873102b15dc79d1ceee74339ed4bfae738e360d373177dbb7f9cd67000000000000000000000000000000000000000000000000000000000000000095e4ce47e7c43991130306236064cb19d486555ea35b02588a712d7faae01582000000000000000000000000000000000000000000000000000000000000000045b57d2e1e46b713065f24f431eabafdf404f50c70c9c30cde5e862ca2c2446f1978bdc2f9989334b4d216e72a14297dd9b06c8feaf1f80cde76cf1057786a2b672ec4a4e939fca3d34523957d072803f5197f34426446226b823dc7c469700001335bd569988ac16f29133a16beebf8669f9a76bd0258882c5e1bbc2d6599701700000000000000000000000000000000000000000000000000000000000000003ae915c6ef8a14c0b8fe074c1924180d1ffca8e58f2a201670238092d3116127581f10ddd774befd80936ba02cd8521c6f16e1478e4a25c4d34421470f8f91c378ecc68f57bb819d4f5b07e2ea035831e499a82414d50d41dd17759c9c0c3a1201e8ca69cffc4f4b3f92807a96e194b7e8c44113268485583430253e70f1787a4e0000000000000000000000000000000000000000000000000000000000000000dca42be638bbdc12f6665019783ab81af03471fc658091ba6d77352a7f7c10b3c2609c8925fac2df54af42cb9a211548b1a0172a0135f6d861a4d3d8331c757efb1891649e3b9c73e04eadf9deaef9ed1726fecc884e01da7b501bf63f9d7d9202d249cd3baa1986b78b3c01c3afc4630ce52f546da124c7474174b79b20bacf1f0000000000000000000000000000000000000000000000000000000000000000e1e0eeda2f92ec8f895071e678883906906b7671f376a624cb2ea50397daff410000000000000000000000000000000000000000000000000000000000000000b56178991acc7e761248fe0c8be7fe55f2943399cb6e501b67f7d2fa9c5a13d52b2c1650aa485a75b60bcd1b98675b3a7832578971f6059ac5f62864aa4ce03000000000000000000000000000000000000000000000000000000000000000000004000001a46dc1a71014a97f41e481ecf94a3f7146e20a8a872ce1a246b67a87bfa20fa40121ddb9a356815c3fac1026b6dec5df3124afbadb485c9ba5a3e3398a04b7ba85"
                    }
                },
                {
                    "key": "0x0d000000000000000000000000000000000000000000000000000000000000",