{
    "config": {
        "seed": "42",
        "profile": {
            "empty": null
        },
        "safrole": false,
        "max_work_items": 1,
        "max_service_keys": 10,
        "mutation_ratio": 0.1,
        "max_mutations": 0,
        "max_steps": 10000
    },
    "stats": {
        "steps": 1,
        "imported": 1,
        "import_max_step": 1,
        "import_min": 11.641306,
        "import_max": 11.641306,
        "import_mean": 11.641306,
        "import_p50": 11.641306,
        "import_p75": 0.0,
        "import_p90": 11.641306,
        "import_p99": 0.0,
        "import_std_dev": 0.0
    },
    "target": {
        "info": {
            "fuzz_version": 1,
            "fuzz_features": 2,
            "jam_version": {
                "major": 0,
                "minor": 7,
                "patch": 0
            },
            "app_version": {
                "major": 0,
                "minor": 1,
                "patch": 0
            },
            "app_name": "boka-fuzzing-target"
        },
        "stats": {
            "steps": 1,
            "imported": 1,
            "import_max_step": 1,
            "import_min": 34.011357,
            "import_max": 34.011357,
            "import_mean": 34.011357,
            "import_p50": 34.011357,
            "import_p75": 0.0,
            "import_p90": 34.011357,
            "import_p99": 0.0,
            "import_std_dev": 0.0
        }
    },
    "state_diff": {
        "roots": {
            "exp": "0x96afd90be97b679db9dec7d325a0b1290273d8aa34ccab4a07325556638db0db",
            "got": "0x715d65df7a711b9c2ae333b1df8d268a9ac6b071b703c57e66353599d9f1c6ab"
        },
        "keyvals": [
            {
                "key": "0x0d000000000000000000000000000000000000000000000000000000000000",
                "diff": {
                    "exp": "0x00000000000000000000000000000000010000000300000001000000000000000000000000000000020000000300000000000000000000000000000000000000010000000200000000000000000000000000000000000000020000000300000000000000000000000000000000000000020000000300000002000000000000000000000000000000010000000300000003000000000000000000000000000000060000000a00000003000000000000000000000000000000060000000a00000001000000000000000000000000000000040000000900000002000000000000000000000000000000060000000b00000002000000000000000100000034660100040000000b00000001000000000000000100000034660100040000000a0000008133050000000088c78d8281330500000000000004d78fd621000000000000000001c025690000c8bdc7380000000000000000000002b3a4bcf1f6410000018d820000000000000000dc8c0ed5000000000000000001c035690000",
                    "got": "0x00000000000000000000000000000000010000000300000001000000000000000000000000000000020000000300000000000000000000000000000000000000010000000200000000000000000000000000000000000000020000000300000000000000000000000000000000000000020000000300000002000000000000000000000000000000010000000300000003000000000000000000000000000000060000000a00000003000000000000000000000000000000060000000a00000001000000000000000000000000000000040000000900000002000000000000000000000000000000060000000b00000002000000000000000100000034660100040000000b00000001000000000000000100000034660100040000000a0000008133050000000088c78d8281330500000000000004d78fd621000000000000000001c0976a0000c8bdc7380000000000000000000002b403bcf1f6410000018d820000000000000000dc8c0ed5000000000000000001c0a76a0000"
                }
            },
            {
                "key": "0xd7bf8f80d6c42115a6de0d53b81f75fb91e9487af71c623599e8ecb38e7204",
                "diff": {
                    "exp": "0x02000000",
                    "got": "0x00000000"
                }
            },
            {
                "key": "0xdcbf8c800ec4d515a6de0d53b81f75fb91e9487af71c623599e8ecb38e7204",
                "diff": {
                    "exp": "0x04000000",
                    "got": "0x00000000"
                }
            }
        ]
    },
    "import_diff": null
}
