{
    "config": {
        "seed": "1767896003_6164",
        "max_steps": 1000000,
        "safrole": false,
        "profile": {
            "fuzzy": null
        },
        "fuzzy_profile": {
            "rand": null
        },
        "max_work_items": 5,
        "mutation_ratio": 0.1,
        "max_mutations": 5
    },
    "stats": {
        "steps": 410,
        "imported": 133,
        "import_max_step": 57,
        "import_min": 1.380582,
        "import_max": 12694.39525,
        "import_mean": 195.6049621804511,
        "import_p50": 6.082,
        "import_p75": 12.906,
        "import_p90": 93.278,
        "import_p99": 9381.324,
        "import_std_dev": 1362.6914247188886
    },
    "target": {
        "info": {
            "fuzz_version": 1,
            "fuzz_features": 2,
            "jam_version": {
                "major": 0,
                "minor": 7,
                "patch": 2
            },
            "app_version": {
                "major": 0,
                "minor": 0,
                "patch": 2
            },
            "app_name": "strawberry"
        },
        "stats": {
            "steps": 410,
            "imported": 133,
            "import_max_step": 57,
            "import_min": 6.5705290000000005,
            "import_max": 959.38288,
            "import_mean": 57.10510478947368,
            "import_p50": 26.311,
            "import_p75": 43.302,
            "import_p90": 69.952,
            "import_p99": 866.651,
            "import_std_dev": 143.57537975903236
        }
    },
    "error": {
        "state_diff": {
            "roots": {
                "exp": "0x8965f5332623a40f4ba74b56afa1e0b04b576f4973642cdeb958b5c70c56b1a6",
                "got": "0x1e3c970485a65fe922f830a60068ad6c2f02e2528354eecc0e2a901e8ce555b2"
            },
            "keyvals": [
                {
                    "key": "0x0d000000000000000000000000000000000000000000000000000000000000",
                    "diff": {
                        "exp": "0x00000000000000000000000000000000010000000100000001000000000000000000000000000000000000000100000000000000000000000000000000000000000000000100000000000000000000000000000000000000010000000100000000000000000000000000000000000000000000000100000000000000000000000000000000000000010000000100000003000000000000000000000000000000070000000900000001000000000000000000000000000000070000000a00000003000000000000000000000000000000030000000b0000000400000000000000020000007c390200030000000b00000001000000000000000000000000000000030000000a00000000000000000000000000000000000000070000000b000000000300000000000087f706000c836c008758be1c0400000000000001b2d600058157000000765d8902000000000000000001c0134050478e06000000000000000001bf9e9aaa6a990000018b4600078215000000",
                        "got": "0x00000000000000000000000000000000000000000100000001000000000000000000000000000000000000000100000000000000000000000000000000000000010000000100000000000000000000000000000000000000010000000100000000000000000000000000000000000000010000000100000000000000000000000000000000000000000000000100000003000000000000000000000000000000070000000900000001000000000000000000000000000000070000000a00000003000000000000000000000000000000030000000b0000000400000000000000020000007c390200030000000b00000001000000000000000000000000000000030000000a00000000000000000000000000000000000000070000000b000000000300000000000087f706000c836c008758be1c0400000000000001b2d600058157000000765d8902000000000000000001c0134050478e06000000000000000001bf9e9aaa6a990000018b4600078215000000"
                    }
                }
            ]
        }
    }
}