{
    "config": {
        "seed": "42",
        "profile": {
            "Empty": null
        },
        "safrole": false,
        "max_work_items": 1,
        "max_service_keys": 10,
        "mutation_ratio": 0.1,
        "max_mutations": 0,
        "max_steps": 10000
    },
    "stats": {
        "steps": 1,
        "imported": 1,
        "import_max_step": 1,
        "import_min": 14.200721,
        "import_max": 14.200721,
        "import_mean": 14.200721,
        "import_p50": 14.200721,
        "import_p75": 0.0,
        "import_p90": 14.200721,
        "import_p99": 0.0,
        "import_std_dev": 0.0
    },
    "target": {
        "info": {
            "name": "jampy",
            "app_version": {
                "major": 0,
                "minor": 7,
                "patch": 0
            },
            "jam_version": {
                "major": 0,
                "minor": 7,
                "patch": 0
            }
        },
        "stats": {
            "steps": 1,
            "imported": 1,
            "import_max_step": 1,
            "import_min": 145.25127600000002,
            "import_max": 145.25127600000002,
            "import_mean": 145.25127600000002,
            "import_p50": 145.25127600000002,
            "import_p75": 0.0,
            "import_p90": 145.25127600000002,
            "import_p99": 0.0,
            "import_std_dev": 0.0
        }
    },
    "diff": {
        "roots": {
            "exp": "0x483e00438ad0f800a853e81ee537ae1ad22cbd4e994907dc7b5f10c158607086",
            "got": "0xa9a43539f1685eaf909763d73a1fabf571feb264f6dd39f438e1f368dcf9ceb9"
        },
        "keyvals": [
            {
                "key": "0xfa01a658db496b9d1e571daa7b1fa034f3d0e91534549d7bbb538f28905581",
                "diff": {
                    "exp": "0x01000000",
                    "got": "0x"
                }
            },
            {
                "key": "0xfa22a68bdb536ba31d9fe6cdba6da45e173695d99a7d8474aa8abfba21ca07",
                "diff": {
                    "exp": "0x20baf736ff7927f6f7dfa744a10a67a48b261ae89bbe5c712f7c1f0ee023776661",
                    "got": "0x"
                }
            },
            {
                "key": "0xfa86a61fdbf46bb5b8dd4ba254ece4d70afa90e67ec4cff66ca8219c5f5c61",
                "diff": {
                    "exp": "0x01000000",
                    "got": "0x"
                }
            },
            {
                "key": "0xfa8ea626db4e6b8f29a461f8df4e2eb581d5d6416d011dd2ca3793fa4e263b",
                "diff": {
                    "exp": "0x02060563616c6c730a09636f64655f68617368",
                    "got": "0x"
                }
            },
            {
                "key": "0xfffa00a600db006b0000000000000000000000000000000000000000000000",
                "diff": {
                    "exp": "0xbaf736ff7927f6f7dfa744a10a67a48b261ae89bbe5c712f7c1f0ee0237766610b2002000000000010270000000000001027000000000000d03f010000000000000000000000000006000000040000000800000000000000",
                    "got": "0xbaf736ff7927f6f7dfa744a10a67a48b261ae89bbe5c712f7c1f0ee0237766610b2002000000000010270000000000001027000000000000f33e010000000000000000000000000002000000040000000800000000000000"
                }
            }
        ]
    }
}
