{
    "config": {
        "seed": "42",
        "max_steps": 4294967295,
        "safrole": false,
        "profile": {
            "full": null
        },
        "fuzzy_profile": {
            "full": null
        },
        "max_work_items": 3,
        "mutation_ratio": 0.0,
        "max_mutations": 0
    },
    "stats": {
        "steps": 1,
        "imported": 1,
        "import_max_step": 1,
        "import_min": 28.632797,
        "import_max": 28.632797,
        "import_mean": 28.632797,
        "import_p50": 28.632797,
        "import_p75": 0.0,
        "import_p90": 28.632797,
        "import_p99": 0.0,
        "import_std_dev": 0.0
    },
    "target": {
        "info": {
            "fuzz_version": 1,
            "fuzz_features": 2,
            "jam_version": {
                "major": 0,
                "minor": 7,
                "patch": 1
            },
            "app_version": {
                "major": 0,
                "minor": 0,
                "patch": 1
            },
            "app_name": "gossamer-jam"
        },
        "stats": {
            "steps": 1,
            "imported": 1,
            "import_max_step": 1,
            "import_min": 1239.260072,
            "import_max": 1239.260072,
            "import_mean": 1239.260072,
            "import_p50": 1239.260072,
            "import_p75": 0.0,
            "import_p90": 1239.260072,
            "import_p99": 0.0,
            "import_std_dev": 0.0
        }
    },
    "error": {
        "state_diff": {
            "roots": {
                "exp": "0xc3cebd09b2d393c7a84e32d277c9876582493b38f0816cf763ac15a16001a1b6",
                "got": "0x5ae60cdc510c84650c47a77a7a0b086064298a43deddfe355171c0db2a697aa2"
            },
            "keyvals": [
                {
                    "key": "0x0d000000000000000000000000000000000000000000000000000000000000",
                    "diff": {
                        "exp": "0x020000000000000004000000d77204000200000009000000010000000000000000000000000000000200000008000000010000000000000000000000000000000200000007000000010000000000000000000000000000000400000007000000020000000000000000000000000000000400000009000000050000000000000000000000000000000400000007000000000000000000000000000000000000000300000006000000000000000000000000000000000000000300000006000000020000000000000000000000000000000300000007000000030000000000000000000000000000000300000006000000010000000000000000000000000000000300000004000000010000000000000000000000000000000200000006000000afcc060004811c0082c88b23000000000000000002fb8faf05000000000000000001db640a73d1b0bf0000018b230004811c000000",
                        "got": "0x020000000000000004000000d77204000200000009000000010000000000000000000000000000000200000008000000010000000000000000000000000000000200000007000000010000000000000000000000000000000400000007000000020000000000000000000000000000000400000009000000050000000000000000000000000000000400000007000000000000000000000000000000000000000300000006000000000000000000000000000000000000000300000006000000020000000000000000000000000000000300000007000000030000000000000000000000000000000300000006000000010000000000000000000000000000000300000004000000010000000000000000000000000000000200000006000000afcc060000811c0482c88b23000000000000000002fb8faf05000000000000000001db640a73d1b0bf0000018b230000811c040000"
                    }
                }
            ]
        }
    }
}