{
    "config": {
        "seed": "42",
        "profile": {
            "empty": null
        },
        "safrole": false,
        "max_work_items": 1,
        "max_service_keys": 10,
        "mutation_ratio": 0.1,
        "max_mutations": 0,
        "max_steps": 10000
    },
    "stats": {
        "steps": 1,
        "imported": 1,
        "import_max_step": 1,
        "import_min": 9.040666,
        "import_max": 9.040666,
        "import_mean": 9.040666,
        "import_p50": 9.040666,
        "import_p75": 0.0,
        "import_p90": 9.040666,
        "import_p99": 0.0,
        "import_std_dev": 0.0
    },
    "target": {
        "info": {
            "fuzz_version": 1,
            "fuzz_features": 2,
            "jam_version": {
                "major": 0,
                "minor": 7,
                "patch": 0
            },
            "app_version": {
                "major": 0,
                "minor": 7,
                "patch": 0
            },
            "app_name": "tsjam-0.7.0-tiny-f5cf7082"
        },
        "stats": {
            "steps": 1,
            "imported": 1,
            "import_max_step": 1,
            "import_min": 61.076552,
            "import_max": 61.076552,
            "import_mean": 61.076552,
            "import_p50": 61.076552,
            "import_p75": 0.0,
            "import_p90": 61.076552,
            "import_p99": 0.0,
            "import_std_dev": 0.0
        }
    },
    "state_diff": {
        "roots": {
            "exp": "0xb7663c0c79f53de6d5c9e1fa49d05f54c6b8f89e4babdaefc8a34031f894d02a",
            "got": "0xa3e1d3b9d6ab2f5e3ea9493a39098964c40e966a56832c1034df3cb035c54932"
        },
        "keyvals": [
            {
                "key": "0x0c000000000000000000000000000000000000000000000000000000000000",
                "diff": {
                    "exp": "0x000000000000000000000000dc8c0ed500",
                    "got": "0x0000000000000000000000000000000000"
                }
            }
        ]
    },
    "import_diff": null
}
