{
    "config": {
        "seed": "42",
        "max_steps": 4294967295,
        "safrole": false,
        "profile": {
            "full": null
        },
        "fuzzy_profile": {
            "full": null
        },
        "max_work_items": 3,
        "mutation_ratio": 0.0,
        "max_mutations": 0
    },
    "stats": {
        "steps": 5,
        "imported": 2,
        "import_max_step": 5,
        "import_min": 5.065821,
        "import_max": 5.593832,
        "import_mean": 5.329826499999999,
        "import_p50": 5.593,
        "import_p75": 5.593,
        "import_p90": 5.593,
        "import_p99": 5.593,
        "import_std_dev": 0.3733601586410906
    },
    "target": {
        "info": {
            "fuzz_version": 1,
            "fuzz_features": 0,
            "jam_version": {
                "major": 0,
                "minor": 7,
                "patch": 2
            },
            "app_version": {
                "major": 0,
                "minor": 7,
                "patch": 2
            },
            "app_name": "pbnj-fuzzer-target"
        },
        "stats": {
            "steps": 5,
            "imported": 2,
            "import_max_step": 1,
            "import_min": 2145.339105,
            "import_max": 2186.1032109999996,
            "import_mean": 2165.721158,
            "import_p50": 2186.103,
            "import_p75": 2186.103,
            "import_p90": 2186.103,
            "import_p99": 2186.103,
            "import_std_dev": 28.824575781606967
        }
    },
    "error": {
        "state_diff": {
            "roots": {
                "exp": "0x766c76b7dcb1daa24408afce64015a381c08a3bc2811fe033e3e84e7b62c2891",
                "got": "0x1b1d492582859085c0f974d61acdcced00fd1fdb6a906caf2a528014ae00632c"
            },
            "keyvals": [
                {
                    "key": "0x0e000000000000000000000000000000000000000000000000000000000000",
                    "diff": {
                        "exp": "0x0000000000000000000001061c5b61ffcb07fd1b2cf84ed72a8921b8c72878e609b7edacf4f2e6b21a10ad940300000073252bd66569c4002790f907425397af63c14cf60b5e5c7b0a0913fc9c9c4a0000000000000000000000000000000000000000000000000000000000000000000014d4a440b6c2a01fcb48d785f100b3a25a6e1333254582bae88987e1ffeb2f9f0edf502c9b55a20c776c4f58532d2f3241361d38271366b28f39f33fbe245f1d675f9e53123c83ddcdb2c1f5231f13646378aefc83837a4571d052ac8001483714d4a440b6c2a01fcb48d785f100b3a25a6e1333254582bae88987e1ffeb2f9f0300000001af7ad26628220502c3e3645b3a717cce256c87a4205e8c1487d7a02619026b2c002357426f2313559a271d6782dc00197b379f79cbe3c6a1e72f61f7b592c509f80300000100000000d1b097b4410b3a63446d7c57d093972a9744fcd2d74f4a5e2ec163610e6d63270f64b2cace283a430b2caba5a40d6f275b3e03c04a3b5e51008308ca048a4edd80969800000000000080960102000000002c3b000000000000a278000000000000726566696c6c0000000000000000000000000000000000000000000000000000000000000000000000000000000000000000000000000000000000000000000000000000000000000000000000000000000000000000000000000000000000000000000000000000000000000000000000000000000000000000000000000000a184000581450001af7ad26628220502c3e3645b3a717cce256c87a4205e8c1487d7a02619026b2c00",
                        "got": "0x000000000000000000000000"
                    }
                }
            ]
        }
    }
}