{
    "config": {
        "seed": "42",
        "profile": {
            "empty": null
        },
        "safrole": false,
        "max_work_items": 1,
        "max_service_keys": 10,
        "mutation_ratio": 0.1,
        "max_mutations": 0,
        "max_steps": 10000
    },
    "stats": {
        "steps": 1,
        "imported": 1,
        "import_max_step": 1,
        "import_min": 8.840352,
        "import_max": 8.840352,
        "import_mean": 8.840352,
        "import_p50": 8.840352,
        "import_p75": 0.0,
        "import_p90": 8.840352,
        "import_p99": 0.0,
        "import_std_dev": 0.0
    },
    "target": {
        "info": {
            "fuzz_version": 1,
            "fuzz_features": 0,
            "jam_version": {
                "major": 0,
                "minor": 7,
                "patch": 0
            },
            "app_version": {
                "major": 0,
                "minor": 1,
                "patch": 12
            },
            "app_name": "FastRoll"
        },
        "stats": {
            "steps": 1,
            "imported": 1,
            "import_max_step": 1,
            "import_min": 15.101334,
            "import_max": 15.101334,
            "import_mean": 15.101334,
            "import_p50": 15.101334,
            "import_p75": 0.0,
            "import_p90": 15.101334,
            "import_p99": 0.0,
            "import_std_dev": 0.0
        }
    },
    "state_diff": {
        "roots": {
            "exp": "0x805077cb9aed3b02e556c9757980147e586e44297dceddead7190065b5d6def8",
            "got": "0x484d03cda375b1ea334c5067e52ece0782ef9d9a70dd37f15919bc15826c9e90"
        },
        "keyvals": [
            {
                "key": "0x0d000000000000000000000000000000000000000000000000000000000000",
                "diff": {
                    "exp": "0x02000000000000000000000000000000000000000500000000000000000000000000000000000000020000000400000000000000000000000000000000000000000000000500000002000000000000000100000034660100000000000300000001000000000000000000000000000000020000000500000000000000000000000000000000000000020000000400000002000000000000000100000034660100050000000a0000000000000000000000000000000000000005000000090000000100000000000000000000000000000005000000090000000400000000000000030000009c320400050000000900000002000000000000000000000000000000050000000a00000002000000000000000000000000000000050000000a0000008167060000000081a8b87400000000000000000300000000000001b8740000000000000000c1ea3536000000000000000001c05e6500008d484fa500000000000000000000019d89",
                    "got": "0x02000000000000000000000000000000000000000500000000000000000000000000000000000000020000000400000000000000000000000000000000000000000000000500000002000000000000000100000034660100000000000300000001000000000000000000000000000000020000000500000000000000000000000000000000000000020000000400000002000000000000000100000034660100050000000a0000000000000000000000000000000000000005000000090000000100000000000000000000000000000005000000090000000400000000000000030000009c320400050000000900000002000000000000000000000000000000050000000a00000002000000000000000000000000000000050000000a0000008167060000000081a8b87400000000000000000300000000000001b8740000000000000000c1ea3536000000000000000001c05e6500008d484fa500000000000000000000018e57"
                }
            },
            {
                "key": "0x8d6648e34f4ca52422b3b7984e6961c6789c2c7242d8374714705c9161d2a7",
                "diff": {
                    "exp": "0xc1ea3536ec72000000000000676966742c20613d2c20623d72656164206f6620203c3d207065656b706f6b65646174612028307802000000000000000000000000000000020000000000000000000000000000000000000000000000200000e00000000002000000000000000000000000000000000008000000000000000000000000000100000000000000",
                    "got": "0x"
                }
            },
            {
                "key": "0xff8d0048004f00a50000000000000000000000000000000000000000000000",
                "diff": {
                    "exp": "0x6c322032f9ffb452de811d2db63f5b654aefeeff6195f50f19c2c8598d0b8ae52902030000000000102700000000000010270000000000005d67010000000000000000000000000004000000050000000f00000000000000",
                    "got": "0x6c322032f9ffb452de811d2db63f5b654aefeeff6195f50f19c2c8598d0b8ae5290203000000000010270000000000001027000000000000ad66010000000000000000000000000003000000050000000f00000000000000"
                }
            }
        ]
    },
    "import_diff": null
}
