{
    "config": {
        "seed": "42",
        "max_steps": 4294967295,
        "safrole": false,
        "profile": {
            "full": null
        },
        "fuzzy_profile": {
            "full": null
        },
        "max_work_items": 3,
        "mutation_ratio": 0.0,
        "max_mutations": 0
    },
    "stats": {
        "steps": 3,
        "imported": 1,
        "import_max_step": 3,
        "import_min": 10.021317999999999,
        "import_max": 10.021317999999999,
        "import_mean": 10.021317999999999,
        "import_p50": 10.021317999999999,
        "import_p75": 0.0,
        "import_p90": 10.021317999999999,
        "import_p99": 0.0,
        "import_std_dev": 0.0
    },
    "target": {
        "info": {
            "fuzz_version": 1,
            "fuzz_features": 2,
            "jam_version": {
                "major": 0,
                "minor": 7,
                "patch": 2
            },
            "app_version": {
                "major": 0,
                "minor": 4,
                "patch": 0
            },
            "app_name": "@typeberry/jam"
        },
        "stats": {
            "steps": 3,
            "imported": 1,
            "import_max_step": 3,
            "import_min": 131.845635,
            "import_max": 131.845635,
            "import_mean": 131.845635,
            "import_p50": 131.845635,
            "import_p75": 0.0,
            "import_p90": 131.845635,
            "import_p99": 0.0,
            "import_std_dev": 0.0
        }
    },
    "diff": {
        "state": {
            "roots": {
                "exp": "0xb50cfaab8b16907793367a7b2546ec880d7612c4a2b62e2e9bd0af14dcd26f3b",
                "got": "0x2892b46010cbb046ae1a80abe32a0fca43ee4c292553a607c090a5fecfcd4437"
            },
            "keyvals": [
                {
                    "key": "0x0d000000000000000000000000000000000000000000000000000000000000",
                    "diff": {
                        "exp": "0x01000000000000000000000000000000030000000300000000000000000000000000000000000000000000000300000000000000000000000000000000000000020000000200000002000000000000000000000000000000020000000300000000000000000000000000000000000000020000000300000000000000000000000000000000000000020000000200000002000000000000000000000000000000040000000900000000000000000000000000000000000000060000000800000001000000000000000000000000000000040000000800000004000000000000000300000090ab0600060000000800000002000000000000000800000080c911000400000009000000020000000000000000000000000000000600000008000000c0ffde0500000000c01186c1342cc011860500000000ad2fc028640785db268a0000000000000000019a4f683b12b7000001c0f463000000000000923b12b7000001c028640000000001c21951bc3b12b7000000000000000002c3d74cd2f72dbd000000000000000001c38d31d753c7c4000001c020640000000001c3ec100154c7c4000001c020640000000002c29585",
                        "got": "0x01000000000000000000000000000000030000000300000000000000000000000000000000000000000000000300000000000000000000000000000000000000020000000200000002000000000000000000000000000000020000000300000000000000000000000000000000000000020000000300000000000000000000000000000000000000020000000200000002000000000000000000000000000000040000000900000000000000000000000000000000000000060000000800000001000000000000000000000000000000040000000800000004000000000000000300000090ab0600060000000800000002000000000000000800000080c911000400000009000000020000000000000000000000000000000600000008000000c0ffde0500000000c01186c1342cc011860500000000ad2fc028640785db268a0000000000000000019a4f683b12b7000001c0f463000000000000923b12b7000001c028640000000001c21951bc3b12b7000000000000000002c3d74cd2f72dbd000000000000000001c2b86dd753c7c4000001c020640000000001c3ec100154c7c4000001c020640000000002c29585"
                    }
                }
            ]
        }
    }
}