{
  "info": {
    "name": "polkajam",
    "app_version": {
      "major": 0,
      "minor": 1,
      "patch": 25
    },
    "jam_version": {
      "major": 0,
      "minor": 7,
      "patch": 0
    }
  },
  "stats": {
    "steps": 100,
    "imported": 100,
    "import_max_step": 1,
    "import_min": 4.630129999999999,
    "import_max": 10.552582,
    "import_mean": 5.166706139999999,
    "import_p50": 4.943,
    "import_p75": 5.385,
    "import_p90": 5.597,
    "import_p99": 6.356,
    "import_std_dev": 0.6850985808630653
  }
}
