{
  "info": {
    "name": "polkajam",
    "app_version": {
      "major": 0,
      "minor": 1,
      "patch": 25
    },
    "jam_version": {
      "major": 0,
      "minor": 7,
      "patch": 0
    }
  },
  "stats": {
    "steps": 100,
    "imported": 100,
    "import_max_step": 1,
    "import_min": 1.0259710000000002,
    "import_max": 1.4882369999999998,
    "import_mean": 1.1620922599999997,
    "import_p50": 1.143,
    "import_p75": 1.192,
    "import_p90": 1.254,
    "import_p99": 1.338,
    "import_std_dev": 0.07736365116492418
  }
}
