{
  "info": {
    "name": "polkajam",
    "app_version": {
      "major": 0,
      "minor": 1,
      "patch": 25
    },
    "jam_version": {
      "major": 0,
      "minor": 7,
      "patch": 0
    }
  },
  "stats": {
    "steps": 100,
    "imported": 100,
    "import_max_step": 56,
    "import_min": 0.94435,
    "import_max": 1.6551980000000002,
    "import_mean": 1.1470954900000006,
    "import_p50": 1.112,
    "import_p75": 1.207,
    "import_p90": 1.376,
    "import_p99": 1.504,
    "import_std_dev": 0.15553378677572888
  }
}
