{
  "info": {
    "name": "polkajam",
    "app_version": {
      "major": 0,
      "minor": 1,
      "patch": 25
    },
    "jam_version": {
      "major": 0,
      "minor": 7,
      "patch": 0
    }
  },
  "stats": {
    "steps": 100,
    "imported": 100,
    "import_max_step": 14,
    "import_min": 0.9430970000000001,
    "import_max": 9.225199,
    "import_mean": 4.435133470000002,
    "import_p50": 6.414,
    "import_p75": 6.85,
    "import_p90": 7.219,
    "import_p99": 8.515,
    "import_std_dev": 2.9362890827200374
  }
}
