{
  "info": {
    "name": "polkajam",
    "app_version": {
      "major": 0,
      "minor": 1,
      "patch": 25
    },
    "jam_version": {
      "major": 0,
      "minor": 7,
      "patch": 0
    }
  },
  "stats": {
    "steps": 100,
    "imported": 100,
    "import_max_step": 4,
    "import_min": 1.2247009999999998,
    "import_max": 2.9378699999999998,
    "import_mean": 1.6230902099999998,
    "import_p50": 1.615,
    "import_p75": 1.779,
    "import_p90": 1.939,
    "import_p99": 2.096,
    "import_std_dev": 0.2812485794301559
  }
}
