{
    "config": {
        "seed": "42",
        "profile": {
            "empty": null
        },
        "safrole": false,
        "max_work_items": 1,
        "max_service_keys": 10,
        "mutation_ratio": 0.1,
        "max_mutations": 0,
        "max_steps": 10000
    },
    "stats": {
        "steps": 1,
        "imported": 1,
        "import_max_step": 1,
        "import_min": 12.209603,
        "import_max": 12.209603,
        "import_mean": 12.209603,
        "import_p50": 12.209603,
        "import_p75": 0.0,
        "import_p90": 12.209603,
        "import_p99": 0.0,
        "import_std_dev": 0.0
    },
    "target": {
        "info": {
            "fuzz_version": 1,
            "fuzz_features": 2,
            "jam_version": {
                "major": 0,
                "minor": 7,
                "patch": 0
            },
            "app_version": {
                "major": 0,
                "minor": 0,
                "patch": 12
            },
            "app_name": "spacejam"
        },
        "stats": {
            "steps": 1,
            "imported": 1,
            "import_max_step": 1,
            "import_min": 3.1944730000000003,
            "import_max": 3.1944730000000003,
            "import_mean": 3.1944730000000003,
            "import_p50": 3.1944730000000003,
            "import_p75": 0.0,
            "import_p90": 3.1944730000000003,
            "import_p99": 0.0,
            "import_std_dev": 0.0
        }
    },
    "state_diff": {
        "roots": {
            "exp": "0xafbaaae8938ed609db816151b434b28e5425cea6c25da5d79869ecd851913ca2",
            "got": "0x71cfa0e05c5f0053a0a6c8f5f80a29901e47bb680ead86bd77d7283aa6d5bb56"
        },
        "keyvals": [
            {
                "key": "0x0d000000000000000000000000000000000000000000000000000000000000",
                "diff": {
                    "exp": "0x030000000000000004000000d0980500080000000a00000002000000000000000100000034660100080000000a00000002000000000000000000000000000000040000000a00000000000000000000000000000000000000040000000900000000000000000000000000000000000000080000000900000004000000000000000000000000000000040000000b00000002000000000000000000000000000000030000000800000000000000000000000000000000000000030000000a00000001000000000000000000000000000000050000000700000004000000000000000000000000000000050000000800000002000000000000000000000000000000050000000800000002000000000000000000000000000000030000000800000081230600000000810388ea8103050000000088c78d82044e600b8c000000000000000001c0d245000034b64bcb0000018d82000000000000019d8a5eb64bcb000000000000000001c04068000066ce6cdd00000188ea0000000000000000",
                    "got": "0x030000000000000004000000d0980500080000000a00000002000000000000000100000034660100080000000a00000002000000000000000000000000000000040000000a00000000000000000000000000000000000000040000000900000000000000000000000000000000000000080000000900000004000000000000000000000000000000040000000b00000002000000000000000000000000000000030000000800000000000000000000000000000000000000030000000a00000001000000000000000000000000000000050000000700000004000000000000000000000000000000050000000800000002000000000000000000000000000000050000000800000002000000000000000000000000000000030000000800000081230600000000810388ea8103050000000088c78d82044e600b8c000000000000000001ff5d07b8335056fcaf000034b64bcb0000018d8200000000000000005eb64bcb000000000000000001bfc9000066ce6cdd00000188ea0000000000000000"
                }
            },
            {
                "key": "0x3466b6e34b4ccb2422b3b7984e6961c6789c2c7242d8374714705c9161d2a7",
                "diff": {
                    "exp": "0x5eb64bcb9f10000000000000676966742c20613d2c20623d72656164206f6620203c3d207065656b706f6b65646174612028307802000000000000000000000000000000020000000000000000000000000000000000000000000000200000e00000000002000000000000000000000000000000000008000000000000000000000000000100000000000000",
                    "got": "0x"
                }
            },
            {
                "key": "0x5e6ab6ae4ba3cbb8c876e335de632eac1b2705f8a5476ffb5c0499d95bd432",
                "diff": {
                    "exp": "0x748eb6ccf419c94a",
                    "got": "0x0ddd66c4a7614730"
                }
            },
            {
                "key": "0xff3400b6004b00cb0000000000000000000000000000000000000000000000",
                "diff": {
                    "exp": "0x6c322032f9ffb452de811d2db63f5b654aefeeff6195f50f19c2c8598d0b8ae5d4ce0300000000001027000000000000102700000000000035670100000000000000000000000000030000000b0000001200000000000000",
                    "got": "0x6c322032f9ffb452de811d2db63f5b654aefeeff6195f50f19c2c8598d0b8ae535be0300000000001027000000000000102700000000000085660100000000000000000000000000020000000b0000001200000000000000"
                }
            },
            {
                "key": "0xff5e00b6004b00cb0000000000000000000000000000000000000000000000",
                "diff": {
                    "exp": "0x6c322032f9ffb452de811d2db63f5b654aefeeff6195f50f19c2c8598d0b8ae51f7b0100000000001027000000000000102700000000000042670100000000000000000000000000060000000b0000001600000000000000",
                    "got": "0x6c322032f9ffb452de811d2db63f5b654aefeeff6195f50f19c2c8598d0b8ae5be8b0100000000001027000000000000102700000000000042670100000000000000000000000000060000000b0000001600000000000000"
                }
            }
        ]
    },
    "import_diff": null
}
