{
    "config": {
        "seed": "42",
        "profile": {
            "Empty": null
        },
        "safrole": false,
        "max_work_items": 1,
        "max_service_keys": 10,
        "mutation_ratio": 0.1,
        "max_mutations": 0,
        "max_steps": 10000
    },
    "stats": {
        "steps": 1,
        "imported": 1,
        "import_max_step": 1,
        "import_min": 16.839573,
        "import_max": 16.839573,
        "import_mean": 16.839573,
        "import_p50": 16.839573,
        "import_p75": 0.0,
        "import_p90": 16.839573,
        "import_p99": 0.0,
        "import_std_dev": 0.0
    },
    "target": {
        "info": {
            "name": "spacejam",
            "app_version": {
                "major": 0,
                "minor": 0,
                "patch": 10
            },
            "jam_version": {
                "major": 0,
                "minor": 7,
                "patch": 0
            }
        },
        "stats": {
            "steps": 1,
            "imported": 1,
            "import_max_step": 1,
            "import_min": 6.739158000000001,
            "import_max": 6.739158000000001,
            "import_mean": 6.739158000000001,
            "import_p50": 6.739158000000001,
            "import_p75": 0.0,
            "import_p90": 6.739158000000001,
            "import_p99": 0.0,
            "import_std_dev": 0.0
        }
    },
    "diff": {
        "roots": {
            "exp": "0xab8984d52d16d79a3b32cae819722daf49900d42c0bbc1a63739681e415b1d49",
            "got": "0x77bf423e360e41fb86a73f47399496122834d463e9c78439d0eabce6cc9f1e46"
        },
        "keyvals": [
            {
                "key": "0x03000000000000000000000000000000000000000000000000000000000000",
                "diff": {
                    "exp": "0x0868c7540b8c0c3590045061419c49049dbd59c081566c814209b8ef91ec8850a6000d64d89361677fd773369a8fb682e0ceb7b2ccaf7777b637298465b796e030de3839bf61718fb3efedd21824675152b13a216d39993a0cac22b7cab0c7d9ea018c348e33b4338df4845b0aa9a96d69adf829d66d32f0c9030593cdb2e613faad000000000000000000000000000000000000000000000000000000000000000052d27cc9203679c03c594f7f21afe32d4038d46016936c07551149f9db3762fbd50c4333c3e705a72fa4217e10fbb4db013d1d8c6cd09ecf0a96b2f030f7fed3920ee0c9d49af92ac4810b7f7315711a60480395e9a21fe653f3e77e9ac8b31a01044a1b545498186ed63de618321a8670027a1e4078ab6c504808581a6c492df00000000000000000000000000000000000000000000000000000000000000000d556551d2b0d1b269cf2b4a1fded93be5a2d9d2e144744d413d6ffa0cd250ed8b3f3df10f7e38b76e1fe203e2f74af784f8d4660a590101062a94f58b3c46d6a7817a9f220cd496fc962d2523c141cfdba743a760f0ef6a44750e66892131fd9013a8bca0723cd2fdd536db0ddd19c2fe01c1f927ac9ff8a4713e44506ab12d3f30000000000000000000000000000000000000000000000000000000000000000b8d0f6859344616969f673fad864b63aae4cc785824cde08e6238f46aad52e5d4681dd461f942fccc4a212461e4bcc9103ca9655badc0c849df154b40e7048a8ca650c506c2091486a171ba7f35fb45ac89257db5da90cf1643fc5ac804483c400266d31387ef1620bbdac7dfb4b542d582229561359760b60777c0b143436002809943b42e59ff87f5a2ccf08b1291b5af1b1e5d29c1633c4603c07ec73fbbf1ceaca4cfbeb809a58d9323cb0193bed79fd8156abe765d734ceec3d98cf31c9e301fe46c95f71fa30ca3bbc2d7491036dcb11de686a8735edb4d5f66cd62e291d3a00000000000000000000000000000000000000000000000000000000000000006ac5d77546e62ce700b2e1e75ac5eaced30dcbc80da4cd9e935ad033c938a4f289b10387347c53cf42050014e105a726d0df1fd5e06b314576c3eaaea99e2ee46458227efd3e756631cf6cfb8165b0040c4b673212c6be3ba3057c53ac1fa8ab00095eb0b58f88eded282dd5ac6ce4a6ab552ee625d1f8f5641992667ff50f103f797f7769e9ee0eec84617c99942eea9cf730d2055d2fd458c86dd3f3dab71f175dfb71e505c50993722d452ad3c533fcf403c2dd654f8d2b18fada3a58475dfb010a4e48e43ef31be76ef2eba2e4d030059ad54c51dfb5af1fe0cabca7d9dd819800000000000000000000000000000000000000000000000000000000000000007e04cf264ebe99c69c4ae85d76ac995bb7ef6afb616084d8bda717117b15076136a89735b64321b5e5a554ef657dc9d122f2bdadfb656abaffd21f06f1abdc65000000000000000000000000000000000000000000000000000000000000000002938b73476cf34a713893ca1879b0589450282da91b9fd26b36618ce6952eff620000000000000000000000000000000000000000000000000000000000000000d6c059583896cf88ad1c4858cd2037fecc8d26b0aa7aedab6b6dd437bd6621b800000000000000000000000000000000000000000000000000000000000000000601fd0c08d1e5b8a177de2715fecd7175b1c7e04d8668cb992b12da5452f1a6a5190000000001797f7769e9ee0eec84617c99942eea9cf730d2055d2fd458c86dd3f3dab71f17",
                    "got": "0x0868c7540b8c0c3590045061419c49049dbd59c081566c814209b8ef91ec8850a6000d64d89361677fd773369a8fb682e0ceb7b2ccaf7777b637298465b796e030de3839bf61718fb3efedd21824675152b13a216d39993a0cac22b7cab0c7d9ea018c348e33b4338df4845b0aa9a96d69adf829d66d32f0c9030593cdb2e613faad000000000000000000000000000000000000000000000000000000000000000052d27cc9203679c03c594f7f21afe32d4038d46016936c07551149f9db3762fbd50c4333c3e705a72fa4217e10fbb4db013d1d8c6cd09ecf0a96b2f030f7fed3920ee0c9d49af92ac4810b7f7315711a60480395e9a21fe653f3e77e9ac8b31a01044a1b545498186ed63de618321a8670027a1e4078ab6c504808581a6c492df00000000000000000000000000000000000000000000000000000000000000000d556551d2b0d1b269cf2b4a1fded93be5a2d9d2e144744d413d6ffa0cd250ed8b3f3df10f7e38b76e1fe203e2f74af784f8d4660a590101062a94f58b3c46d6a7817a9f220cd496fc962d2523c141cfdba743a760f0ef6a44750e66892131fd9013a8bca0723cd2fdd536db0ddd19c2fe01c1f927ac9ff8a4713e44506ab12d3f30000000000000000000000000000000000000000000000000000000000000000b8d0f6859344616969f673fad864b63aae4cc785824cde08e6238f46aad52e5d4681dd461f942fccc4a212461e4bcc9103ca9655badc0c849df154b40e7048a8ca650c506c2091486a171ba7f35fb45ac89257db5da90cf1643fc5ac804483c400266d31387ef1620bbdac7dfb4b542d582229561359760b60777c0b143436002809943b42e59ff87f5a2ccf08b1291b5af1b1e5d29c1633c4603c07ec73fbbf1ceaca4cfbeb809a58d9323cb0193bed79fd8156abe765d734ceec3d98cf31c9e301fe46c95f71fa30ca3bbc2d7491036dcb11de686a8735edb4d5f66cd62e291d3a00000000000000000000000000000000000000000000000000000000000000006ac5d77546e62ce700b2e1e75ac5eaced30dcbc80da4cd9e935ad033c938a4f289b10387347c53cf42050014e105a726d0df1fd5e06b314576c3eaaea99e2ee46458227efd3e756631cf6cfb8165b0040c4b673212c6be3ba3057c53ac1fa8ab00095eb0b58f88eded282dd5ac6ce4a6ab552ee625d1f8f5641992667ff50f103f797f7769e9ee0eec84617c99942eea9cf730d2055d2fd458c86dd3f3dab71f175dfb71e505c50993722d452ad3c533fcf403c2dd654f8d2b18fada3a58475dfb010a4e48e43ef31be76ef2eba2e4d030059ad54c51dfb5af1fe0cabca7d9dd819800000000000000000000000000000000000000000000000000000000000000007e04cf264ebe99c69c4ae85d76ac995bb7ef6afb616084d8bda717117b150761ccec8dc08a276b3eca27ae1dfb52ff31fcaa57e20b9e525e17f48ba317d87552000000000000000000000000000000000000000000000000000000000000000002938b73476cf34a713893ca1879b0589450282da91b9fd26b36618ce6952eff620000000000000000000000000000000000000000000000000000000000000000d6c059583896cf88ad1c4858cd2037fecc8d26b0aa7aedab6b6dd437bd6621b800000000000000000000000000000000000000000000000000000000000000000601e63def2f23426b1872481285df5330407048316991588b60fc81c64b42497a590000000001797f7769e9ee0eec84617c99942eea9cf730d2055d2fd458c86dd3f3dab71f17"
                }
            },
            {
                "key": "0x0d000000000000000000000000000000000000000000000000000000000000",