{
    "config": {
        "seed": "42",
        "profile": {
            "empty": null
        },
        "safrole": false,
        "max_work_items": 1,
        "max_service_keys": 10,
        "mutation_ratio": 0.1,
        "max_mutations": 0,
        "max_steps": 10000
    },
    "stats": {
        "steps": 1,
        "imported": 1,
        "import_max_step": 1,
        "import_min": 8.478423000000001,
        "import_max": 8.478423000000001,
        "import_mean": 8.478423000000001,
        "import_p50": 8.478423000000001,
        "import_p75": 0.0,
        "import_p90": 8.478423000000001,
        "import_p99": 0.0,
        "import_std_dev": 0.0
    },
    "target": {
        "info": {
            "fuzz_version": 1,
            "fuzz_features": 2,
            "jam_version": {
                "major": 0,
                "minor": 7,
                "patch": 0
            },
            "app_version": {
                "major": 0,
                "minor": 1,
                "patch": 0
            },
            "app_name": "boka-fuzzing-target"
        },
        "stats": {
            "steps": 1,
            "imported": 1,
            "import_max_step": 1,
            "import_min": 88.238523,
            "import_max": 88.238523,
            "import_mean": 88.238523,
            "import_p50": 88.238523,
            "import_p75": 0.0,
            "import_p90": 88.238523,
            "import_p99": 0.0,
            "import_std_dev": 0.0
        }
    },
    "state_diff": {
        "roots": {
            "exp": "0xc12e88d982a11ce2d93aaa4ebfc57c19d5f94cc791c3b7bc688aab3a7af11149",
            "got": "0x27405edf478f0776cbe384ecc54e30eafac24543ddcfcfbf379e62ea21b8962a"
        },
        "keyvals": [
            {
                "key": "0x0d000000000000000000000000000000000000000000000000000000000000",
                "diff": {
                    "exp": "0x01000000000000000000000000000000040000000a00000002000000000000000000000000000000070000000a00000001000000000000000000000000000000070000000a00000002000000000000000000000000000000040000000900000002000000000000000000000000000000040000000a00000002000000000000000000000000000000070000000a00000003000000000000000000000000000000070000000a00000004000000000000000000000000000000030000000a00000000000000000000000000000000000000070000000900000002000000000000000000000000000000030000000a00000003000000000000000000000000000000030000000a000000000000000000000000000000000000000700000009000000812e060000000081b0a4c000040000000000000424a7db6b000001893b0000000000000000925bae94000002924a00000000000000008c2ae7be000001893b0000000001c0b5440000b62ae7be000000000000000001c0d3430000",
                    "got": "0x01000000000000000000000000000000040000000a00000002000000000000000000000000000000070000000a00000001000000000000000000000000000000070000000a00000002000000000000000000000000000000040000000900000002000000000000000000000000000000040000000a00000002000000000000000000000000000000070000000a00000003000000000000000000000000000000070000000a00000004000000000000000000000000000000030000000a00000000000000000000000000000000000000070000000900000002000000000000000000000000000000030000000a00000003000000000000000000000000000000030000000a000000000000000000000000000000000000000700000009000000812e060000000081b0a4c000040000000000000424a7db6b000001893b0000000000000000925bae94000002924a00000000000000008c2ae7be000001893b0000000001c049450000b62ae7be000000000000000001c0cc440000"
                }
            }
        ]
    },
    "import_diff": null
}
