{
    "config": {
        "seed": "42",
        "profile": {
            "empty": null
        },
        "safrole": false,
        "max_work_items": 1,
        "max_service_keys": 10,
        "mutation_ratio": 0.1,
        "max_mutations": 0,
        "max_steps": 10000
    },
    "stats": {
        "steps": 1,
        "imported": 1,
        "import_max_step": 1,
        "import_min": 6.335685,
        "import_max": 6.335685,
        "import_mean": 6.335685,
        "import_p50": 6.335685,
        "import_p75": 0.0,
        "import_p90": 6.335685,
        "import_p99": 0.0,
        "import_std_dev": 0.0
    },
    "target": {
        "info": {
            "fuzz_version": 1,
            "fuzz_features": 2,
            "jam_version": {
                "major": 0,
                "minor": 7,
                "patch": 0
            },
            "app_version": {
                "major": 0,
                "minor": 0,
                "patch": 12
            },
            "app_name": "spacejam"
        },
        "stats": {
            "steps": 1,
            "imported": 1,
            "import_max_step": 1,
            "import_min": 3.998247,
            "import_max": 3.998247,
            "import_mean": 3.998247,
            "import_p50": 3.998247,
            "import_p75": 0.0,
            "import_p90": 3.998247,
            "import_p99": 0.0,
            "import_std_dev": 0.0
        }
    },
    "state_diff": {
        "roots": {
            "exp": "0xdbb61f10fabac537261ace8c686628a491fe4b8bb1730feb2e3503f4491fda22",
            "got": "0x618ec4fbfc695eec5f69126ef90b96a81f9057c51b8b881a54adc6e4034a3a17"
        },
        "keyvals": [
            {
                "key": "0x0d000000000000000000000000000000000000000000000000000000000000",
                "diff": {
                    "exp": "0x01000000000000000000000000000000040000000900000000000000000000000000000000000000060000000a00000000000000000000000000000000000000060000000a00000002000000000000000000000000000000040000000b00000007000000000000000000000000000000060000000b00000002000000000000000000000000000000040000000a00000003000000000000000000000000000000040000000b00000002000000000000000000000000000000040000000c00000004000000000000000000000000000000030000000a00000000000000000000000000000000000000030000000a00000001000000000000000000000000000000050000000c00000002000000000000000000000000000000050000000a000000811305000000008133890a00030000000000000254b57882000000000000000001e08096980000688539b0000001890a0000000000000000",
                    "got": "0x01000000000000000000000000000000040000000900000000000000000000000000000000000000060000000a00000000000000000000000000000000000000060000000a00000002000000000000000000000000000000040000000b00000007000000000000000000000000000000060000000b00000002000000000000000000000000000000040000000a00000003000000000000000000000000000000040000000b00000002000000000000000000000000000000040000000c00000004000000000000000000000000000000030000000a00000000000000000000000000000000000000030000000a00000001000000000000000000000000000000050000000c00000002000000000000000000000000000000050000000a000000811305000000008133890a00030000000000000254b57882000000000000000001fff8c24ae722005aa00000688539b0000001890a0000000000000000"
                }
            }
        ]
    },
    "import_diff": null
}
