{
    "config": {
        "seed": "42",
        "max_steps": 4294967295,
        "safrole": false,
        "profile": {
            "full": null
        },
        "fuzzy_profile": {
            "full": null
        },
        "max_work_items": 3,
        "mutation_ratio": 0.0,
        "max_mutations": 0
    },
    "stats": {
        "steps": 1,
        "imported": 1,
        "import_max_step": 1,
        "import_min": 6.753677,
        "import_max": 6.753677,
        "import_mean": 6.753677,
        "import_p50": 6.753677,
        "import_p75": 0.0,
        "import_p90": 6.753677,
        "import_p99": 0.0,
        "import_std_dev": 0.0
    },
    "target": {
        "info": {
            "fuzz_version": 1,
            "fuzz_features": 2,
            "jam_version": {
                "major": 0,
                "minor": 7,
                "patch": 1
            },
            "app_version": {
                "major": 0,
                "minor": 0,
                "patch": 1
            },
            "app_name": "gossamer-jam"
        },
        "stats": {
            "steps": 1,
            "imported": 1,
            "import_max_step": 1,
            "import_min": 189.09008899999998,
            "import_max": 189.09008899999998,
            "import_mean": 189.09008899999998,
            "import_p50": 189.09008899999998,
            "import_p75": 0.0,
            "import_p90": 189.09008899999998,
            "import_p99": 0.0,
            "import_std_dev": 0.0
        }
    },
    "diff": {
        "state": {
            "roots": {
                "exp": "0xdc327a96af10e8b2c8b02e76e363d4c14cea02af9d6a9ca3e3f750be9a659c0a",
                "got": "0xc73328cf80fce85b19ebef59beb27535a62c1a27fd1919f9695f09afc5fffe8b"
            },
            "keyvals": [
                {
                    "key": "0x0d000000000000000000000000000000000000000000000000000000000000",
                    "diff": {
                        "exp": "0x00000000000000000000000000000000020000000300000000000000000000000000000000000000020000000300000001000000000000000000000000000000020000000300000002000000000000000000000000000000020000000400000000000000000000000000000000000000020000000400000001000000000000000000000000000000020000000400000003000000000000000000000000000000060000000b00000000000000000000000000000000000000060000000a00000001000000000000000000000000000000020000000900000004000000000000000200000057390200060000000a00000002000000000000000100000030390200030000000a0000000200000000000000000000000000000003000000090000000004000000000000bb3405001184cd008909a1ee055d98fc520000018b5e000581500001c084f1b9cbdc53000000000000000001c09d43e3cbdc530000018b32000782680000006fe5eab40000018b5e0005811500000073d1b0bf000000000000000001c2b633",
                        "got": "0x00000000000000000000000000000000020000000300000000000000000000000000000000000000020000000300000001000000000000000000000000000000020000000300000002000000000000000000000000000000020000000400000000000000000000000000000000000000020000000400000001000000000000000000000000000000020000000400000003000000000000000000000000000000060000000b00000000000000000000000000000000000000060000000a00000001000000000000000000000000000000020000000900000004000000000000000200000057390200060000000a00000002000000000000000100000030390200030000000a0000000200000000000000000000000000000003000000090000000004000000000000bb3405000084cd118909a1ee055d98fc520000018b5e000081500501c084f1b9cbdc53000000000000000001c09d43e3cbdc530000018b32000082680700006fe5eab40000018b5e0000811505000073d1b0bf000000000000000001c2b633"
                    }
                }
            ]
        }
    }
}