{
    "config": {
        "seed": "42",
        "profile": {
            "empty": null
        },
        "safrole": false,
        "max_work_items": 1,
        "max_service_keys": 10,
        "mutation_ratio": 0.1,
        "max_mutations": 0,
        "max_steps": 10000
    },
    "stats": {
        "steps": 1,
        "imported": 1,
        "import_max_step": 1,
        "import_min": 9.166533,
        "import_max": 9.166533,
        "import_mean": 9.166533,
        "import_p50": 9.166533,
        "import_p75": 0.0,
        "import_p90": 9.166533,
        "import_p99": 0.0,
        "import_std_dev": 0.0
    },
    "target": {
        "info": {
            "fuzz_version": 1,
            "fuzz_features": 0,
            "jam_version": {
                "major": 0,
                "minor": 7,
                "patch": 0
            },
            "app_version": {
                "major": 0,
                "minor": 0,
                "patch": 1
            },
            "app_name": "gossamer-jam"
        },
        "stats": {
            "steps": 1,
            "imported": 1,
            "import_max_step": 1,
            "import_min": 89.447804,
            "import_max": 89.447804,
            "import_mean": 89.447804,
            "import_p50": 89.447804,
            "import_p75": 0.0,
            "import_p90": 89.447804,
            "import_p99": 0.0,
            "import_std_dev": 0.0
        }
    },
    "state_diff": {
        "roots": {
            "exp": "0x8d83579142ef1de71c25aff40f55c59ea270ddfbeb6e10d5e3038e564b502e6e",
            "got": "0x05c3e0be52ed634d6f7c680217d605bd190c1c4509dde8cef9fed19b6c96b4ec"
        },
        "keyvals": [
            {
                "key": "0x0c000000000000000000000000000000000000000000000000000000000000",
                "diff": {
                    "exp": "0x000000000000000000000000b371f99900",
                    "got": "0x0000000000000000000000000000000000"
                }
            },
            {
                "key": "0x0d000000000000000000000000000000000000000000000000000000000000",
                "diff": {
                    "exp": "0x03000000000000000000000000000000050000000b00000001000000000000000000000000000000050000000b00000003000000000000000000000000000000050000000b00000002000000000000000000000000000000050000000a00000002000000000000000000000000000000050000000b00000000000000000000000000000000000000050000000b00000002000000000000000000000000000000030000000b00000000000000000000000000000000000000080000000b00000001000000000000000100000034660100030000000b00000004000000000000000000000000000000080000000c00000003000000000000000000000000000000080000000b000000020000000000000000000000000000000300000008000000810b0500000000810b88fa80f30600000000810b88fa0400000000000000000000000001b4300000ab9d200e000000000000000001a6f20000e33d663800000188fa0000000000000000788a34fb00000188fa0000000000000000",
                    "got": "0x03000000000000000000000000000000050000000b00000001000000000000000000000000000000050000000b00000003000000000000000000000000000000050000000b00000002000000000000000000000000000000050000000a00000002000000000000000000000000000000050000000b00000000000000000000000000000000000000050000000b00000002000000000000000000000000000000030000000b00000000000000000000000000000000000000080000000b00000001000000000000000100000034660100030000000b00000004000000000000000000000000000000080000000c00000003000000000000000000000000000000080000000b000000020000000000000000000000000000000300000008000000810b0500000000810b88fa80f30600000000810b88fa0400000000000000000000000001ab660000ab9d200e000000000000000001a6f20000e33d663800000188fa0000000000000000788a34fb00000188fa0000000000000000"
                }
            }
        ]
    },
    "import_diff": null
}
