{
    "config": {
        "seed": "42",
        "profile": {
            "Empty": null
        },
        "safrole": false,
        "max_work_items": 1,
        "max_service_keys": 10,
        "mutation_ratio": 0.1,
        "max_mutations": 0,
        "max_steps": 10000
    },
    "stats": {
        "steps": 1,
        "imported": 1,
        "import_max_step": 1,
        "import_min": 3.031824,
        "import_max": 3.031824,
        "import_mean": 3.031824,
        "import_p50": 3.031824,
        "import_p75": 0.0,
        "import_p90": 3.031824,
        "import_p99": 0.0,
        "import_std_dev": 0.0
    },
    "target": {
        "info": {
            "name": "spacejam",
            "app_version": {
                "major": 0,
                "minor": 0,
                "patch": 9
            },
            "jam_version": {
                "major": 0,
                "minor": 7,
                "patch": 0
            }
        },
        "stats": {
            "steps": 1,
            "imported": 1,
            "import_max_step": 1,
            "import_min": 4.186477,
            "import_max": 4.186477,
            "import_mean": 4.186477,
            "import_p50": 4.186477,
            "import_p75": 0.0,
            "import_p90": 4.186477,
            "import_p99": 0.0,
            "import_std_dev": 0.0
        }
    },
    "diff": {
        "roots": {
            "exp": "0xb666d311496a4152e70df8201f4c6152c9e8fdbc599ea24ea7cf91239c59ef7a",
            "got": "0x0f96c78405c1d76408851065c50961cf61e0100053c5e616e5c8f8ec4b98d295"
        },
        "keyvals": [
            {
                "key": "0x0a000000000000000000000000000000000000000000000000000000000000",
                "diff": {
                    "exp": "0x0000",
                    "got": "0x015d5b768ab087acd14d31bff15b0bffac7f941d61bc6e729eea592a61da350d507302000003cb1002d501d91f0fc637e1d8c5cc1ff18ba86c1c79359e8bbd1f5654480ec8000000000000000000000000000000000000000000000000000000000000000000006d933de91bb8ae11d01757067f256ddb23e0c362265986844e495896acfe24c6072ce13af99641849eabb62cc79f60001b0d4551b510bceceab85b0f1ac93f23eb3fe22ea6e5f64e169c93427aae62497aa8a739551c2df28568d396a48d1987a0383cc48c3add92310c541399f144708f788467471273a14b33593e986cbef9360000000000a33fd62c73aa99798665aacb88b9aad62c82389e49b06838e6fbc2dd04fbd78cb0dd07417574683d3c3e00074ca2038fbaf736ff7927f6f7dfa744a10a67a48b261ae89bbe5c712f7c1f0ee02377666152885a40c2d516b13dec2e8081870de055f27cdd308dc4b6938047113b19f08047f4100000000000000088da00000000f8a1038fbaf736ff7927f6f7dfa744a10a67a48b261ae89bbe5c712f7c1f0ee02377666106004f9ff13edefc4b5e8b1f0d8718c138aeac0ae7d9d69361380cf41cc7067f47f410000000000000008904000000004ca2038fbaf736ff7927f6f7dfa744a10a67a48b261ae89bbe5c712f7c1f0ee02377666142d8525101e1217177269895e8f503d219b0cd7b2c9dd009caba87c26e9b1b1f47f41000000000000000890400000000cea1038fbaf736ff7927f6f7dfa744a10a67a48b261ae89bbe5c712f7c1f0ee0237766615f0fb3858dff5e2ba1a9a9d88be090cc1511638b0580dd4abbdb4e8fd1472e7247f41000000000000000890400000000cea1038fbaf736ff7927f6f7dfa744a10a67a48b261ae89bbe5c712f7c1f0ee02377666192cc942cdd5663cd42f58f881c41a55181da236e6a9b83a1edbe4d0080315ba047f41000000000000000890400000000f8a1038fbaf736ff7927f6f7dfa744a10a67a48b261ae89bbe5c712f7c1f0ee02377666178eb7233e763d0e6b8e65ac3b48419c5ee7d95912bceeafb520b1e8425aed8dc47f410000000000000008904000000004ca2038fbaf736ff7927f6f7dfa744a10a67a48b261ae89bbe5c712f7c1f0ee023776661c232080250630db50e28385f4befb071f4028b223a0936683c675908194a4a7b47f410000000000000008904000000003b00000001d49a77b92501cef54ce7606d7d871f56662203695e86f91bc377db1f7966f1677302000099b705f05788aae65cfda2b137d10abf8acd191a1bde25983bba7f5aec1bc0b1000000000000000000000000000000000000000000000000000000000000000000000c16bccf5646e9f04b6e5a08e3c70c59bda1a922ecdb4b306180cb9026d8645e78e8f9e6ad2c4a9884ba2575f640d9a6a1ef94f70b34bf3738558985a9de1399074e9f9b9d2159350269f693b6ec34b12835ab3329a0ed2df66b443246fd52a76d933de91bb8ae11d01757067f256ddb23e0c362265986844e495896acfe24c6370000000001a33fd62c73aa99798665aacb88b9aad62c82389e49b06838e6fbc2dd04fbd78cb0fe07417574683d3c3e00074ca2038fbaf736ff7927f6f7dfa744a10a67a48b261ae89bbe5c712f7c1f0ee02377666180eddf5af4f3018cbc786091c3354c7a43299305254adb77629ec6ed100872add012130000000000000088da00000000f8a1038fbaf736ff7927f6f7dfa744a10a67a48b261ae89bbe5c712f7c1f0ee0237766611fc7779aab593b3151ffaa83b7074ab5ba78fe68ae840fa794fba63165153d88d0121300000000000000890400000000cea1038fbaf736ff7927f6f7dfa744a10a67a48b261ae89bbe5c712f7c1f0ee023776661e0a2c237e8a7e61cf029d86f5d9400d0f9c1242dd8b0976511a4b9dfac959faad012130000000000000089040000000022a2038fbaf736ff7927f6f7dfa744a10a67a48b261ae89bbe5c712f7c1f0ee023776661e25c3597d35490389f42f42282d43835cd7602e2303329438c2720454d8d332bd01213000000000000008904000000004ca2038fbaf736ff7927f6f7dfa744a10a67a48b261ae89bbe5c712f7c1f0ee0237766612b88823b1506d0f81a2fa25f3eb2338a5b1ea4b2baab0eaa33f5a47d6abdf46ad0121300000000000000890400000000f8a1038fbaf736ff7927f6f7dfa744a10a67a48b261ae89bbe5c712f7c1f0ee0237766618738688bf0461e7785179de1f87d541e6f2b6cc8a2ca3ff172406d1cbec88df4d0121300000000000000890400000000f8a1038fbaf736ff7927f6f7dfa744a10a67a48b261ae89bbe5c712f7c1f0ee02377666187a3391aa9066f44539e6d07bbf69aa673dde6cafc1fa18af3598da6914f21ecd01213000000000000008904000000003b000000"
                }
            }
        ]
    }
}
