{
    "config": {
        "seed": "42",
        "profile": {
            "empty": null
        },
        "safrole": false,
        "max_work_items": 1,
        "max_service_keys": 10,
        "mutation_ratio": 0.1,
        "max_mutations": 0,
        "max_steps": 10000
    },
    "stats": {
        "steps": 1,
        "imported": 1,
        "import_max_step": 1,
        "import_min": 18.893893,
        "import_max": 18.893893,
        "import_mean": 18.893893,
        "import_p50": 18.893893,
        "import_p75": 0.0,
        "import_p90": 18.893893,
        "import_p99": 0.0,
        "import_std_dev": 0.0
    },
    "target": {
        "info": {
            "fuzz_version": 1,
            "fuzz_features": 2,
            "jam_version": {
                "major": 0,
                "minor": 7,
                "patch": 0
            },
            "app_version": {
                "major": 0,
                "minor": 0,
                "patch": 1
            },
            "app_name": "strawberry"
        },
        "stats": {
            "steps": 1,
            "imported": 1,
            "import_max_step": 1,
            "import_min": 45.938229,
            "import_max": 45.938229,
            "import_mean": 45.938229,
            "import_p50": 45.938229,
            "import_p75": 0.0,
            "import_p90": 45.938229,
            "import_p99": 0.0,
            "import_std_dev": 0.0
        }
    },
    "state_diff": {
        "roots": {
            "exp": "0x91870dda88c650c13937d457ed724d3a4a4101fca2b775a0a0db9ef334008df1",
            "got": "0xbf15f8c82c00d83174b24b356a63988f426544447c5e9731332bf142232a66d5"
        },
        "keyvals": [
            {
                "key": "0x03000000000000000000000000000000000000000000000000000000000000",
                "diff": {
                    "exp": "0x085b7e6eea9c4e45fe7bb1bc775539978735288d47290f4a58be3879e54f71e9f8e0262e1685d74720c4be1e86ad68d1be33da673eaf26242fc47ba315a94dc02121f8a16f41a4bea56f2d6f2daec117cbd0ec35deefdae413476041171bd59f1901a715b5eb93983a297657f548b6e90568128373f8997e45117879aa188e9d47830000000000000000000000000000000000000000000000000000000000000000f19339b5c0a4db59ca6c2bd15a14b5f78c6a8ceedd56d65e0a36e882c3cb3f183dcb57561bfa4cb82bf5e92d8ba2023cb920abaded36c7fd8c85ef9c7af4debb657e716693d592837dd1667f79dc1740a90361ca14c039510a2bf32ea2b9c3760082046c0e301d645311a1c9c376a6abcc27d31d4101bd8d6daa8bc405ae9e6f314bb09fb3e03d439087e823b695adad9cb4c02269347544af47ae8c790ce10f5a3d523437d2f3c68bf53634538c910f38f3b9e709f85359aa36431ce4915556f7001622a68e17939e1c5ad016448937b7b8b52ce8e2cb30493497326903101292cc515c1862ee43bb188408f31b48ebaa089a7cfb7add6bbbf998e42fec42eb1e7b8a261f85d7a11e3d6e70d28a2db28fa05d00e97c6cf58a0713e95ae0c31434060130ac8660e92c04fb094921c8844b7a940de598c2cfc7a4663032aad4bf10248b0000000000000000000000000000000000000000000000000000000000000000aef1a41f90e7c10f05c32f0dc31017118b8690b0ee6e2b2857d3be3601e0b2c69313600562d78b459fe3b125d75d6d9c4f33a01c5359d68a750d3c033a2c973a35c31dd83257a5a233f61b29fe13bb285db5f90fdfa68068c20310741f2c9e2101e5a08335a6a2f1a03adb3b8f41515872c6f4265e5fdc55def84848f397a79ed200000000000000000000000000000000000000000000000000000000000000002ff1bd96abbba51e9734c813576c3265e66e5afc7f2e2ca9f608c167f6d0d1dffffea9bd7809e04564ea68d07ca1639a1dda3043fbc73f4d1842421c32cabec665a20047efb73101617040cdc7ff8f2e535c9452152720ef597c0acee1917168017f47c3d552a0009a06544de19940a79795f85fd05da443df4421ae6f468550150000000000000000000000000000000000000000000000000000000000000000cbdc907c5b0ad678d75f7687a8d02dfa72999efe8465e0a3eaa3d88fe848bc4abfcadb18b89ad6805d681f45ae738fde7b500753998a8723af19415707ebac1d00b9705b422cf0a89e18a7b97d2367052c81ae5963ea3b6a4f545608c76cf94c025538ebf36d6bd01332238d8b7578eede79ada29d032f49bb465ff63fadafbe960000000000000000000000000000000000000000000000000000000000000000639fa0ac6bb6f0f3d6f2a9556be9012a2db3af1fd3ece25fe1ede8f6687957a9000000000000000000000000000000000000000000000000000000000000000080afa449f0f3223f183602d070771b48f1c838258db60dbcc582aaa07b230a174c7baecfbb6d47766b981ad66aa26c25d7140771d3c391ba73862e0c43fa9e090000000000000000000000000000000000000000000000000000000000000000000601bd9efd6c12a0c334746b3a2f4ef4a5a2a9a273ae574a656a31cf93578a4dcb9201ad3228b676f7d3cd4284a5443f17f1962b36e491b30a40b2405849e597ba5fb5000000019313600562d78b459fe3b125d75d6d9c4f33a01c5359d68a750d3c033a2c973a",
                    "got": "0x085b7e6eea9c4e45fe7bb1bc775539978735288d47290f4a58be3879e54f71e9f8e0262e1685d74720c4be1e86ad68d1be33da673eaf26242fc47ba315a94dc02121f8a16f41a4bea56f2d6f2daec117cbd0ec35deefdae413476041171bd59f1901a715b5eb93983a297657f548b6e90568128373f8997e45117879aa188e9d47830000000000000000000000000000000000000000000000000000000000000000f19339b5c0a4db59ca6c2bd15a14b5f78c6a8ceedd56d65e0a36e882c3cb3f183dcb57561bfa4cb82bf5e92d8ba2023cb920abaded36c7fd8c85ef9c7af4debb657e716693d592837dd1667f79dc1740a90361ca14c039510a2bf32ea2b9c3760082046c0e301d645311a1c9c376a6abcc27d31d4101bd8d6daa8bc405ae9e6f314bb09fb3e03d439087e823b695adad9cb4c02269347544af47ae8c790ce10f5a3d523437d2f3c68bf53634538c910f38f3b9e709f85359aa36431ce4915556f7001622a68e17939e1c5ad016448937b7b8b52ce8e2cb30493497326903101292cc515c1862ee43bb188408f31b48ebaa089a7cfb7add6bbbf998e42fec42eb1e7b8a261f85d7a11e3d6e70d28a2db28fa05d00e97c6cf58a0713e95ae0c31434060130ac8660e92c04fb094921c8844b7a940de598c2cfc7a4663032aad4bf10248b0000000000000000000000000000000000000000000000000000000000000000aef1a41f90e7c10f05c32f0dc31017118b8690b0ee6e2b2857d3be3601e0b2c69313600562d78b459fe3b125d75d6d9c4f33a01c5359d68a750d3c033a2c973a35c31dd83257a5a233f61b29fe13bb285db5f90fdfa68068c20310741f2c9e2101e5a08335a6a2f1a03adb3b8f41515872c6f4265e5fdc55def84848f397a79ed200000000000000000000000000000000000000000000000000000000000000002ff1bd96abbba51e9734c813576c3265e66e5afc7f2e2ca9f608c167f6d0d1dffffea9bd7809e04564ea68d07ca1639a1dda3043fbc73f4d1842421c32cabec665a20047efb73101617040cdc7ff8f2e535c9452152720ef597c0acee1917168017f47c3d552a0009a06544de19940a79795f85fd05da443df4421ae6f468550150000000000000000000000000000000000000000000000000000000000000000cbdc907c5b0ad678d75f7687a8d02dfa72999efe8465e0a3eaa3d88fe848bc4abfcadb18b89ad6805d681f45ae738fde7b500753998a8723af19415707ebac1d00b9705b422cf0a89e18a7b97d2367052c81ae5963ea3b6a4f545608c76cf94c025538ebf36d6bd01332238d8b7578eede79ada29d032f49bb465ff63fadafbe960000000000000000000000000000000000000000000000000000000000000000639fa0ac6bb6f0f3d6f2a9556be9012a2db3af1fd3ece25fe1ede8f6687957a9000000000000000000000000000000000000000000000000000000000000000080afa449f0f3223f183602d070771b48f1c838258db60dbcc582aaa07b230a17cf68279fe0bb999b36da967ea7811ad5ce0bdb11651b3044386e273d9fd40d030000000000000000000000000000000000000000000000000000000000000000000601000000000000000000000000000000000000000000000000000000000000000001ad3228b676f7d3cd4284a5443f17f1962b36e491b30a40b2405849e597ba5fb5000000019313600562d78b459fe3b125d75d6d9c4f33a01c5359d68a750d3c033a2c973a"
                }
            },
            {
                "key": "0x0d000000000000000000000000000000000000000000000000000000000000",
                "diff": {
                    "exp": "0x01000000000000000000000000000000050000000c00000001000000000000000000000000000000060000000a00000003000000000000000000000000000000050000000b00000004000000000000000000000000000000060000000b00000000000000000000000000000000000000050000000a00000003000000000000000000000000000000060000000b00000003000000000000000000000000000000070000000a00000001000000000000000000000000000000070000000b000000040000000000000001000000a23e0100070000000c00000003000000000000000000000000000000070000000c00000000000000000000000000000000000000070000000900000001000000000000000000000000000000070000000c000000816f060000000000000003000000000000039b4e1948000000000000000001c0448900009cc86164000000000000000001c26d630000a59e26be000000000000000001bf850000",