{
    "config": {
        "seed": "42",
        "max_steps": 4294967295,
        "safrole": false,
        "profile": {
            "full": null
        },
        "fuzzy_profile": {
            "full": null
        },
        "max_work_items": 3,
        "mutation_ratio": 0.0,
        "max_mutations": 0
    },
    "stats": {
        "steps": 1,
        "imported": 1,
        "import_max_step": 1,
        "import_min": 5.974251,
        "import_max": 5.974251,
        "import_mean": 5.974251,
        "import_p50": 5.974251,
        "import_p75": 0.0,
        "import_p90": 5.974251,
        "import_p99": 0.0,
        "import_std_dev": 0.0
    },
    "target": {
        "info": {
            "fuzz_version": 1,
            "fuzz_features": 2,
            "jam_version": {
                "major": 0,
                "minor": 7,
                "patch": 2
            },
            "app_version": {
                "major": 0,
                "minor": 2,
                "patch": 6
            },
            "app_name": "Jamixir"
        },
        "stats": {
            "steps": 1,
            "imported": 1,
            "import_max_step": 1,
            "import_min": 123.62272300000001,
            "import_max": 123.62272300000001,
            "import_mean": 123.62272300000001,
            "import_p50": 123.62272300000001,
            "import_p75": 0.0,
            "import_p90": 123.62272300000001,
            "import_p99": 0.0,
            "import_std_dev": 0.0
        }
    },
    "error": {
        "state_diff": {
            "roots": {
                "exp": "0xffb3ccb7a5b150deda0b188c726a8661b87669555eaf2831eba45ee0f5a0c35a",
                "got": "0x8573188e1b43dfc9d8d121d4e9f8f4ecb8eb9d57f9e0f26bef2de97aa2b68090"
            },
            "keyvals": [
                {
                    "key": "0x0d000000000000000000000000000000000000000000000000000000000000",
                    "diff": {
                        "exp": "0x03000000000000000000000000000000040000000b00000002000000000000000000000000000000070000000c00000002000000000000000000000000000000070000000b00000003000000000000000000000000000000030000000b00000001000000000000000000000000000000070000000b00000001000000000000000000000000000000030000000b00000002000000000000000000000000000000030000000b000000030000000000000000000000000000000200000009000000020000000000000000000000000000000300000009000000000000000000000000000000000000000300000007000000000000000000000000000000000000000200000008000000050000000000000001000000a200000002000000090000008a7605002d88c800c03540c018bc00030000000000000500000000000001b0ca00078195000000aee57c04000002979e001583f70001abe02050aa500000018b46000680e70001abe0389b8953000001c06a68000b8255000000a1b1a69f00000000000000000100",
                        "got": "0x03000000000000000000000000000000040000000b00000002000000000000000000000000000000070000000c00000002000000000000000000000000000000070000000b00000003000000000000000000000000000000030000000b00000001000000000000000000000000000000070000000b00000001000000000000000000000000000000030000000b00000002000000000000000000000000000000030000000b000000030000000000000000000000000000000200000009000000020000000000000000000000000000000300000009000000000000000000000000000000000000000300000007000000000000000000000000000000000000000200000008000000050000000000000001000000a200000002000000090000008a7605002d88c800c03540c018bc00030000000000000500000000000001b0ca00078195000000aee57c04000002979e001583f70001abe02050aa500000018b46000680e70001abe1389b8953000001c06a68000b8255000000a1b1a69f00000000000000000100"
                    }
                }
            ]
        }
    }
}