{
    "config": {
        "seed": "1766479507_6078",
        "max_steps": 1000000,
        "safrole": false,
        "profile": {
            "full": null
        },
        "fuzzy_profile": {
            "rand": null
        },
        "max_work_items": 5,
        "mutation_ratio": 0.1,
        "max_mutations": 5
    },
    "stats": {
        "steps": 3849,
        "imported": 1285,
        "import_max_step": 331,
        "import_min": 1.2799809999999998,
        "import_max": 202.652728,
        "import_mean": 8.581119607003876,
        "import_p50": 4.781,
        "import_p75": 6.365,
        "import_p90": 9.048,
        "import_p99": 99.469,
        "import_std_dev": 19.446853079116828
    },
    "target": {
        "info": {
            "fuzz_version": 1,
            "fuzz_features": 2,
            "jam_version": {
                "major": 0,
                "minor": 7,
                "patch": 2
            },
            "app_version": {
                "major": 0,
                "minor": 2,
                "patch": 6
            },
            "app_name": "Jamixir"
        },
        "stats": {
            "steps": 3849,
            "imported": 1285,
            "import_max_step": 5,
            "import_min": 3.575038,
            "import_max": 176.323457,
            "import_mean": 19.10845739066147,
            "import_p50": 16.01,
            "import_p75": 23.157,
            "import_p90": 31.939,
            "import_p99": 66.96,
            "import_std_dev": 14.50970560928099
        }
    },
    "error": {
        "state_diff": {
            "roots": {
                "exp": "0xffb3ccb7a5b150deda0b188c726a8661b87669555eaf2831eba45ee0f5a0c35a",
                "got": "0x8573188e1b43dfc9d8d121d4e9f8f4ecb8eb9d57f9e0f26bef2de97aa2b68090"
            },
            "keyvals": [
                {
                    "key": "0x0d000000000000000000000000000000000000000000000000000000000000",
                    "diff": {
                        "exp": "0x03000000000000000000000000000000040000000b00000002000000000000000000000000000000070000000c00000002000000000000000000000000000000070000000b00000003000000000000000000000000000000030000000b00000001000000000000000000000000000000070000000b00000001000000000000000000000000000000030000000b00000002000000000000000000000000000000030000000b000000030000000000000000000000000000000200000009000000020000000000000000000000000000000300000009000000000000000000000000000000000000000300000007000000000000000000000000000000000000000200000008000000050000000000000001000000a200000002000000090000008a7605002d88c800c03540c018bc00030000000000000500000000000001b0ca00078195000000aee57c04000002979e001583f70001abe02050aa500000018b46000680e70001abe0389b8953000001c06a68000b8255000000a1b1a69f00000000000000000100",
                        "got": "0x03000000000000000000000000000000040000000b00000002000000000000000000000000000000070000000c00000002000000000000000000000000000000070000000b00000003000000000000000000000000000000030000000b00000001000000000000000000000000000000070000000b00000001000000000000000000000000000000030000000b00000002000000000000000000000000000000030000000b000000030000000000000000000000000000000200000009000000020000000000000000000000000000000300000009000000000000000000000000000000000000000300000007000000000000000000000000000000000000000200000008000000050000000000000001000000a200000002000000090000008a7605002d88c800c03540c018bc00030000000000000500000000000001b0ca00078195000000aee57c04000002979e001583f70001abe02050aa500000018b46000680e70001abe1389b8953000001c06a68000b8255000000a1b1a69f00000000000000000100"
                    }
                }
            ]
        }
    }
}