{
  "info": {
    "fuzz_version": 1,
    "fuzz_features": 2,
    "jam_version": {
      "major": 0,
      "minor": 7,
      "patch": 0
    },
    "app_version": {
      "major": 0,
      "minor": 1,
      "patch": 15
    },
    "app_name": "PyJAMaz"
  },
  "stats": {
    "steps": 100,
    "imported": 100,
    "import_max_step": 8,
    "import_min": 9.438399,
    "import_max": 2633.1721850000004,
    "import_mean": 645.8621734999998,
    "import_p50": 300.949,
    "import_p75": 1088.399,
    "import_p90": 1509.273,
    "import_p99": 2331.621,
    "import_std_dev": 695.4830018248333
  }
}
