{
    "config": {
        "seed": "42",
        "profile": {
            "Empty": null
        },
        "safrole": false,
        "max_work_items": 1,
        "max_service_keys": 10,
        "mutation_ratio": 0.1,
        "max_mutations": 0,
        "max_steps": 10000
    },
    "stats": {
        "steps": 1,
        "imported": 1,
        "import_max_step": 1,
        "import_min": 6.2626729999999995,
        "import_max": 6.2626729999999995,
        "import_mean": 6.2626729999999995,
        "import_p50": 6.2626729999999995,
        "import_p75": 0.0,
        "import_p90": 6.2626729999999995,
        "import_p99": 0.0,
        "import_std_dev": 0.0
    },
    "target": {
        "info": {
            "name": "turbojam",
            "app_version": {
                "major": 0,
                "minor": 1,
                "patch": 3
            },
            "jam_version": {
                "major": 0,
                "minor": 7,
                "patch": 0
            }
        },
        "stats": {
            "steps": 1,
            "imported": 1,
            "import_max_step": 1,
            "import_min": 2.505475,
            "import_max": 2.505475,
            "import_mean": 2.505475,
            "import_p50": 2.505475,
            "import_p75": 0.0,
            "import_p90": 2.505475,
            "import_p99": 0.0,
            "import_std_dev": 0.0
        }
    },
    "diff": {
        "roots": {
            "exp": "0x203a92ce47e556a89f655e1075ac20d98ae6050e528fcf1190852462fad93f00",
            "got": "0x499c97ec6a84767868207a04de526d50c0ee355c6248cf77cb036870f4a4ad74"
        },
        "keyvals": [
            {
                "key": "0x0d000000000000000000000000000000000000000000000000000000000000",
                "diff": {
                    "exp": "0x010000000000000000000000000000000100000001000000000000000000000000000000000000000100000001000000000000000000000000000000000000000100000001000000010000000000000000000000000000000000000001000000000000000000000000000000000000000000000001000000000000000000000000000000000000000000000001000000000000000000000000000000000000000000000000000000000000000000000000000000000000000000000000000000000000000000000000000000000000000000000000000000000000000000000000000000000000000000000000000000000000000000000000000000000000000000000000000000000000000000000000000000000000000000000000000000816c0600000000000000000000000000000100000000000000000000000001a96d0000",
                    "got": "0x010000000000000000000000000000000100000001000000000000000000000000000000000000000100000001000000000000000000000000000000000000000100000001000000010000000000000000000000000000000000000001000000000000000000000000000000000000000000000001000000000000000000000000000000000000000000000001000000000000000000000000000000000000000000000000000000000000000000000000000000000000000000000000000000000000000000000000000000000000000000000000000000000000000000000000000000000000000000000000000000000000000000000000000000000000000000000000000000000000000000000000000000000000000000000000000000816c0600000000000000000000000000000100000000000000000000000001a96e0000"
                }
            }
        ]
    }
}
