{
    "config": {
        "seed": "42",
        "profile": {
            "empty": null
        },
        "safrole": false,
        "max_work_items": 1,
        "max_service_keys": 10,
        "mutation_ratio": 0.1,
        "max_mutations": 0,
        "max_steps": 10000
    },
    "stats": {
        "steps": 1,
        "imported": 1,
        "import_max_step": 1,
        "import_min": 7.96759,
        "import_max": 7.96759,
        "import_mean": 7.96759,
        "import_p50": 7.96759,
        "import_p75": 0.0,
        "import_p90": 7.96759,
        "import_p99": 0.0,
        "import_std_dev": 0.0
    },
    "target": {
        "info": {
            "fuzz_version": 1,
            "fuzz_features": 2,
            "jam_version": {
                "major": 0,
                "minor": 7,
                "patch": 0
            },
            "app_version": {
                "major": 0,
                "minor": 1,
                "patch": 15
            },
            "app_name": "PyJAMaz"
        },
        "stats": {
            "steps": 1,
            "imported": 1,
            "import_max_step": 1,
            "import_min": 63.56278999999999,
            "import_max": 63.56278999999999,
            "import_mean": 63.56278999999999,
            "import_p50": 63.56278999999999,
            "import_p75": 0.0,
            "import_p90": 63.56278999999999,
            "import_p99": 0.0,
            "import_std_dev": 0.0
        }
    },
    "state_diff": {
        "roots": {
            "exp": "0x1bc93b1c6f4d2271d6f243c4e2817581337141692868f362b642338b9bdce3ab",
            "got": "0x3f0d689d8addbe8b5fdb5d538b1eaeddaa23a793d6972f673fe18335981528b0"
        },
        "keyvals": [
            {
                "key": "0x03000000000000000000000000000000000000000000000000000000000000",
                "diff": {
                    "exp": "0x08a83036bd111e57465f2e4def10c9ffa12706ac148adb5e9647314d8c5e9319679faa0c43252e1ba7c1ef557ea9878bb782a2b020ca7d6224637e5a3924ba159a514dd144bfd2ff498694aabc7b273c79395857cf1ccc9fd1d04119dc0a95b940006851dc1aa0eece882d29e5f4abf7eada07846fbb9cdae62423fe0fb91c2fb6fcc533236987243f5cfa2d9bf16377c9a55abf736f74b8d2d069ee9a361c9df0ddf3ab0878e4b5c87c5602b670bd7f6b0b204ce7bfa0ff2ed08821cf6862d5f8570227bf8ca4d0645bdb05522939c98f4d9f66de6a7d7120dd562d1a775be1ad9a240000000000000000000000000000000000000000000000000000000000000000ddb8552e2d72192ac1bd552783475ad6552b3dfa8c20e54d884a2179d7a08ad80000000000000000000000000000000000000000000000000000000000000000dd4948aed65dde0f002c98d509c283c854a1d5b214fa78369230fe4767c573ad21798dc3fb02337e41caa0455ded3f9fa93c3272bad79eb6fca6a94ea430eb7c35eea205027621eebad7d16d4ef0581300a5d7d911fce826e82a69bf9b3e41a900f95ebea59494838dd033e719bbd428a8e6c883764969d56e96be6b77bf25cf1b013ecc812e64ed7ada790b3e46cb9a9fb28f55f2f4a97511ce238f74a88c10cec4897532153076bb1c1ab98f9b03399cc3e9aede3ad01d505281e0f893882735025813bef16dc29c00c345f1fea65893d7da72d3a28557ed3743f2da7995f7475d00000000000000000000000000000000000000000000000000000000000000007ee8d105597de32c0de4a8faec6d8b1b627905f4027367fd08dbd0c63faa7e33000000000000000000000000000000000000000000000000000000000000000098a5fc67fa9bdad384caa8d90bedd4dd11bf52436fcf187e0122bf3999c0fe4c0673ac652cf084ba7182d262b474aad5f8a4ea0ac6280cb8f98ee9db9710745cdd186141c8056a008ff3b584d3636cb51e9578cb4bd89810bf780ed3e2155218016570b9a72d188a820b4bb27841e5dc7c40aee7b4e4413f78c1763149fdaa0da60000000000000000000000000000000000000000000000000000000000000000a216cd689c2fd9514dc462c83837d5cedc7e59de9553d1a2ab306ab21c3c9fcc819337875a951d06b127938025478761ef58810e2e0d7599d54ed0dfb001f11d1c86d10c2241c6af13380a332cc704e7462589189e3f8196eb89c6ecb45aa36300243d905a9ebe73cea5d51019cb8425ebc601a08d93d437cd9df58227db1df7c5d3b16455aad1283a801add21ada8a434d231925eb588ef00828f70dafa934b55322831f1f904f1fde3fd68b299a53f2d31d71486753d556a5ea4d792b59a58e001b19662ff49210d88759354c8d16a664ec916d6c86a6618b3196d74839fcde6e10000000000000000000000000000000000000000000000000000000000000000e745730a4e9368b3a39911142b042abe17dfd8cc4f71db76e77e042b36cca35982f602a913b300d5fe085b000c626e2732c031faffb9cd5a825d1e99fdbd75800000000000000000000000000000000000000000000000000000000000000000000501000000000000000000000000000000000000000000000000000000000000000000000121ddb9a356815c3fac1026b6dec5df3124afbadb485c9ba5a3e3398a04b7ba8501e58769b32a1beaf1ea27375a44095a0d1fb664ce2dd358e7fcbfb78c26a19344",
                    "got": "0x08f875b3ef6205145dff244616dbe24e2a57ce91351439a2aee2213b0d130968af1c28d7753d0da2a474006b499e96ffb0ee39817ab95a6ac4c4df44e5ce771a25d3f43429759bc1d392ac791696920dd398d19a31d1e500906ad5b1e002f314fd016feb3a13459e4a353f41d4d0686e71a085cbfad016ff38185e4918945246ec400000000000000000000000000000000000000000000000000000000000000000a83036bd111e57465f2e4def10c9ffa12706ac148adb5e9647314d8c5e9319679faa0c43252e1ba7c1ef557ea9878bb782a2b020ca7d6224637e5a3924ba159a514dd144bfd2ff498694aabc7b273c79395857cf1ccc9fd1d04119dc0a95b940006851dc1aa0eece882d29e5f4abf7eada07846fbb9cdae62423fe0fb91c2fb6fcc533236987243f5cfa2d9bf16377c9a55abf736f74b8d2d069ee9a361c9df0ddf3ab0878e4b5c87c5602b670bd7f6b0b204ce7bfa0ff2ed08821cf6862d5f8570227bf8ca4d0645bdb05522939c98f4d9f66de6a7d7120dd562d1a775be1ad9a240000000000000000000000000000000000000000000000000000000000000000ddb8552e2d72192ac1bd552783475ad6552b3dfa8c20e54d884a2179d7a08ad80000000000000000000000000000000000000000000000000000000000000000dd4948aed65dde0f002c98d509c283c854a1d5b214fa78369230fe4767c573ad21798dc3fb02337e41caa0455ded3f9fa93c3272bad79eb6fca6a94ea430eb7c35eea205027621eebad7d16d4ef0581300a5d7d911fce826e82a69bf9b3e41a900f95ebea59494838dd033e719bbd428a8e6c883764969d56e96be6b77bf25cf1b013ecc812e64ed7ada790b3e46cb9a9fb28f55f2f4a97511ce238f74a88c10cec4897532153076bb1c1ab98f9b03399cc3e9aede3ad01d505281e0f893882735025813bef16dc29c00c345f1fea65893d7da72d3a28557ed3743f2da7995f7475d00000000000000000000000000000000000000000000000000000000000000007ee8d105597de32c0de4a8faec6d8b1b627905f4027367fd08dbd0c63faa7e33000000000000000000000000000000000000000000000000000000000000000098a5fc67fa9bdad384caa8d90bedd4dd11bf52436fcf187e0122bf3999c0fe4c0673ac652cf084ba7182d262b474aad5f8a4ea0ac6280cb8f98ee9db9710745cdd186141c8056a008ff3b584d3636cb51e9578cb4bd89810bf780ed3e2155218016570b9a72d188a820b4bb27841e5dc7c40aee7b4e4413f78c1763149fdaa0da60000000000000000000000000000000000000000000000000000000000000000a216cd689c2fd9514dc462c83837d5cedc7e59de9553d1a2ab306ab21c3c9fcc819337875a951d06b127938025478761ef58810e2e0d7599d54ed0dfb001f11d1c86d10c2241c6af13380a332cc704e7462589189e3f8196eb89c6ecb45aa36300243d905a9ebe73cea5d51019cb8425ebc601a08d93d437cd9df58227db1df7c5d3b16455aad1283a801add21ada8a434d231925eb588ef00828f70dafa934b55000000000000000000000000000000000000000000000000000000000000000001b19662ff49210d88759354c8d16a664ec916d6c86a6618b3196d74839fcde6e10000000000000000000000000000000000000000000000000000000000000000050000000121ddb9a356815c3fac1026b6dec5df3124afbadb485c9ba5a3e3398a04b7ba8501e58769b32a1beaf1ea27375a44095a0d1fb664ce2dd358e7fcbfb78c26a19344"
                }
            },
            {
                "key": "0x06000000000000000000000000000000000000000000000000000000000000",
                "diff": {
                    "exp": "0xde03a6f7124591deae50a83c70db4f924ba533885dead6311732d0ccdb086f1920265a5e149cf8b6faabc54f1e155e92adc17f737506a023b3a5c98d6fa21d5b0ce5423aebf50cd16407a606e48b59d039b460d9805edc8b0ffa24ee3db70ea6504e96139ef67184a6d0d9f882166a3a843eb5f50ffdd7c723bbb331119be626",
                    "got": "0x4666c39de8c6454f934246f7827449423fcb7400aab06df9a984a634510f53b420265a5e149cf8b6faabc54f1e155e92adc17f737506a023b3a5c98d6fa21d5b0ce5423aebf50cd16407a606e48b59d039b460d9805edc8b0ffa24ee3db70ea6504e96139ef67184a6d0d9f882166a3a843eb5f50ffdd7c723bbb331119be626"
                }
            },
            {
                "key": "0x0a000000000000000000000000000000000000000000000000000000000000",